Book	Chapter	Verse	Persian_Text	English_Text	Persian_Audio_URL	English_Audio_URL
GEN	1	1	در ابتدا، خدا آسمانها و زمین را آفرید.	In the beginning God created the heavens and the earth.	https://webdav.hidrive.ionos.com/users/adminchurch/mychurch/bible/audio/TPV/GEN/1.mp3	https://webdav.hidrive.ionos.com/users/adminchurch/mychurch/bible/audio/ENGLISH/GEN/1.mp3
GEN	1	2	زمین‌ خالی و بدون ‌شكل ‌بود. همه‌جا آب‌ بود و تاریكی آن‌ را پوشانده ‌بود و روح ‌خدا بر روی آبها حركت‌ می‌كرد.	Now the earth was formless and empty, darkness was over the surface of the deep, and the Spirit of God was hovering over the waters.	https://webdav.hidrive.ionos.com/users/adminchurch/mychurch/bible/audio/TPV/GEN/1.mp3	https://webdav.hidrive.ionos.com/users/adminchurch/mychurch/bible/audio/ENGLISH/GEN/1.mp3
GEN	1	3	خدا فرمود: «روشنایی بشود» و روشنایی شد.	And God said, "Let there be light," and there was light.	https://webdav.hidrive.ionos.com/users/adminchurch/mychurch/bible/audio/TPV/GEN/1.mp3	https://webdav.hidrive.ionos.com/users/adminchurch/mychurch/bible/audio/ENGLISH/GEN/1.mp3
GEN	1	4	خدا از دیدن‌ روشنایی خشنود شد و روشنایی را از تاریكی جدا كرد.	God saw that the light was good, and he separated the light from the darkness.	https://webdav.hidrive.ionos.com/users/adminchurch/mychurch/bible/audio/TPV/GEN/1.mp3	https://webdav.hidrive.ionos.com/users/adminchurch/mychurch/bible/audio/ENGLISH/GEN/1.mp3
GEN	1	5	خدا روشنایی را روز و تاریكی را شب ‌نام‌ گذاشت‌. شب‌ گذشت‌ و صبح ‌فرا رسید، این ‌بود روز اول.	God called the light "day," and the darkness he called "night." And there was evening, and there was morning—the first day.	https://webdav.hidrive.ionos.com/users/adminchurch/mychurch/bible/audio/TPV/GEN/1.mp3	https://webdav.hidrive.ionos.com/users/adminchurch/mychurch/bible/audio/ENGLISH/GEN/1.mp3
GEN	1	6	خدا فرمود: «فلکی ‌ساخته‌ شود تا آبها را از یكدیگر جدا كند»		https://webdav.hidrive.ionos.com/users/adminchurch/mychurch/bible/audio/TPV/GEN/1.mp3	https://webdav.hidrive.ionos.com/users/adminchurch/mychurch/bible/audio/ENGLISH/GEN/1.mp3
GEN	1	7	خدا فلک ‌را ساخت‌ و آبهای زیر فلک ‌را از آبهای بالای فلک ‌جدا كرد.		https://webdav.hidrive.ionos.com/users/adminchurch/mychurch/bible/audio/TPV/GEN/1.mp3	https://webdav.hidrive.ionos.com/users/adminchurch/mychurch/bible/audio/ENGLISH/GEN/1.mp3
GEN	1	8	خدا فلک‌ را آسمان ‌نامید. شب‌ گذشت‌ و صبح ‌فرا رسید، این‌ بود روز دوم‌.		https://webdav.hidrive.ionos.com/users/adminchurch/mychurch/bible/audio/TPV/GEN/1.mp3	https://webdav.hidrive.ionos.com/users/adminchurch/mychurch/bible/audio/ENGLISH/GEN/1.mp3
GEN	1	9	خدا فرمود: «آبهای زیر آسمان در یک‌‌جا جمع‌ شوند تا خشكی ظاهر گردد» و چنان ‌شد.		https://webdav.hidrive.ionos.com/users/adminchurch/mychurch/bible/audio/TPV/GEN/1.mp3	https://webdav.hidrive.ionos.com/users/adminchurch/mychurch/bible/audio/ENGLISH/GEN/1.mp3
GEN	1	10	خدا خشكی را زمین ‌نامید و آبها را كه ‌در یک‌‌جا جمع ‌بودند دریا نام‌ گذاشت‌. خدا از دیدن‌ آنچه ‌انجام‌ شده ‌بود، خشنود شد.		https://webdav.hidrive.ionos.com/users/adminchurch/mychurch/bible/audio/TPV/GEN/1.mp3	https://webdav.hidrive.ionos.com/users/adminchurch/mychurch/bible/audio/ENGLISH/GEN/1.mp3
GEN	1	11	سپس‌ خدا فرمود: «زمین ‌همه ‌نوع‌ گیاه‌ برویاند، گیاهانی كه ‌دانه بیاورند و گیاهانی كه‌ میوه‌ بیاورند» و چنین‌ شد.		https://webdav.hidrive.ionos.com/users/adminchurch/mychurch/bible/audio/TPV/GEN/1.mp3	https://webdav.hidrive.ionos.com/users/adminchurch/mychurch/bible/audio/ENGLISH/GEN/1.mp3
GEN	1	12	پس ‌زمین ‌همه ‌نوع‌ گیاه ‌رویانید و خدا از دیدن ‌آنچه انجام ‌شده ‌بود، خشنود شد.		https://webdav.hidrive.ionos.com/users/adminchurch/mychurch/bible/audio/TPV/GEN/1.mp3	https://webdav.hidrive.ionos.com/users/adminchurch/mychurch/bible/audio/ENGLISH/GEN/1.mp3
GEN	1	13	شب‌ گذشت ‌و صبح ‌فرا رسید، این‌ بود روز سوم.		https://webdav.hidrive.ionos.com/users/adminchurch/mychurch/bible/audio/TPV/GEN/1.mp3	https://webdav.hidrive.ionos.com/users/adminchurch/mychurch/bible/audio/ENGLISH/GEN/1.mp3
GEN	1	14	بعد از آن‌ خدا فرمود: «اجرام‌ نورانی در آسمان‌ به ‌وجود آیند تا روز را از شب‌ جدا كنند و روزها، سالها و فصلها را نشان‌ دهند.		https://webdav.hidrive.ionos.com/users/adminchurch/mychurch/bible/audio/TPV/GEN/1.mp3	https://webdav.hidrive.ionos.com/users/adminchurch/mychurch/bible/audio/ENGLISH/GEN/1.mp3
GEN	1	15	آنها در آسمان‌ بدرخشند تا بر زمین ‌روشنایی دهند» و چنین ‌شد.		https://webdav.hidrive.ionos.com/users/adminchurch/mychurch/bible/audio/TPV/GEN/1.mp3	https://webdav.hidrive.ionos.com/users/adminchurch/mychurch/bible/audio/ENGLISH/GEN/1.mp3
GEN	1	16	پس ‌از آن‌، خدا دو جرم‌ نورانی بزرگ ساخت‌، یكی خورشید برای سلطنت‌ در روز و یكی ماه ‌برای سلطنت‌ در شب‌. همچنین ‌ستارگان‌ را ساخت‌.		https://webdav.hidrive.ionos.com/users/adminchurch/mychurch/bible/audio/TPV/GEN/1.mp3	https://webdav.hidrive.ionos.com/users/adminchurch/mychurch/bible/audio/ENGLISH/GEN/1.mp3
GEN	1	17	آنها را در آسمان ‌قرار داد تا بر زمین‌ روشنایی دهند		https://webdav.hidrive.ionos.com/users/adminchurch/mychurch/bible/audio/TPV/GEN/1.mp3	https://webdav.hidrive.ionos.com/users/adminchurch/mychurch/bible/audio/ENGLISH/GEN/1.mp3
GEN	1	18	و بر روز و شب ‌سلطنت‌ نمایند و روشنایی را از تاریكی جدا كنند. خدا، از دیدن‌ آنچه ‌شده‌ بود، خشنود شد.		https://webdav.hidrive.ionos.com/users/adminchurch/mychurch/bible/audio/TPV/GEN/1.mp3	https://webdav.hidrive.ionos.com/users/adminchurch/mychurch/bible/audio/ENGLISH/GEN/1.mp3
GEN	1	19	شب‌ گذشت ‌و صبح‌ فرا رسید، این ‌بود روز چهارم‌.		https://webdav.hidrive.ionos.com/users/adminchurch/mychurch/bible/audio/TPV/GEN/1.mp3	https://webdav.hidrive.ionos.com/users/adminchurch/mychurch/bible/audio/ENGLISH/GEN/1.mp3
GEN	1	20	پس ‌از آن‌ خدا فرمود: «آبها از انواع‌ جانوران ‌و آسمان ‌از انواع ‌پرندگان ‌پُر شوند»		https://webdav.hidrive.ionos.com/users/adminchurch/mychurch/bible/audio/TPV/GEN/1.mp3	https://webdav.hidrive.ionos.com/users/adminchurch/mychurch/bible/audio/ENGLISH/GEN/1.mp3
GEN	1	21	پس‌، خدا جانداران‌ بزرگ‌ دریایی و همهٔ جانورانی كه ‌در آب ‌زندگی می‌كنند و تمام ‌پرندگان ‌آسمان‌ را آفرید. خدا از دیدن‌ آنچه ‌كرده ‌بود، خشنود شد		https://webdav.hidrive.ionos.com/users/adminchurch/mychurch/bible/audio/TPV/GEN/1.mp3	https://webdav.hidrive.ionos.com/users/adminchurch/mychurch/bible/audio/ENGLISH/GEN/1.mp3
GEN	1	22	و همهٔ آنها را بركت‌ داد و فرمود تا بارور شوند و دریا را پُر سازند و به ‌پرندگان‌ فرمود: «بارور ‌و كثیر شوید.»		https://webdav.hidrive.ionos.com/users/adminchurch/mychurch/bible/audio/TPV/GEN/1.mp3	https://webdav.hidrive.ionos.com/users/adminchurch/mychurch/bible/audio/ENGLISH/GEN/1.mp3
GEN	1	23	شب ‌گذشت‌ و صبح ‌فرا رسید، این ‌بود روز پنجم‌.		https://webdav.hidrive.ionos.com/users/adminchurch/mychurch/bible/audio/TPV/GEN/1.mp3	https://webdav.hidrive.ionos.com/users/adminchurch/mychurch/bible/audio/ENGLISH/GEN/1.mp3
GEN	1	24	بعد از آن‌، خدا فرمود: «زمین ‌همه‌ نوع‌ حیوانات به وجود آورد، اهلی و وحشی‌، بزرگ‌ و كوچک‌» و چنین ‌شد.		https://webdav.hidrive.ionos.com/users/adminchurch/mychurch/bible/audio/TPV/GEN/1.mp3	https://webdav.hidrive.ionos.com/users/adminchurch/mychurch/bible/audio/ENGLISH/GEN/1.mp3
GEN	1	25	پس‌ خدا، همهٔ آنها را ساخت ‌و از دیدن ‌آنچه‌ انجام‌ شده‌ بود، خشنود شد.		https://webdav.hidrive.ionos.com/users/adminchurch/mychurch/bible/audio/TPV/GEN/1.mp3	https://webdav.hidrive.ionos.com/users/adminchurch/mychurch/bible/audio/ENGLISH/GEN/1.mp3
GEN	1	26	پس ‌از آن‌ خدا فرمود: «اینک‌ انسان‌ را بسازیم‌. ایشان‌ مثل‌ ما و شبیه‌ ما باشند و بر ماهیان‌ دریا و پرندگان ‌آسمان ‌و همهٔ حیوانات‌ اهلی و وحشی‌، بزرگ‌ و كوچک‌ و بر تمام ‌زمین‌ حكومت‌ كنند.»		https://webdav.hidrive.ionos.com/users/adminchurch/mychurch/bible/audio/TPV/GEN/1.mp3	https://webdav.hidrive.ionos.com/users/adminchurch/mychurch/bible/audio/ENGLISH/GEN/1.mp3
GEN	1	27	پس ‌خدا انسان ‌را شبیه‌ خود آفرید. ایشان ‌را زن و مرد‌ آفرید.		https://webdav.hidrive.ionos.com/users/adminchurch/mychurch/bible/audio/TPV/GEN/1.mp3	https://webdav.hidrive.ionos.com/users/adminchurch/mychurch/bible/audio/ENGLISH/GEN/1.mp3
GEN	1	28	آنها را بركت ‌داد و فرمود: «بارور و كثیر شوید. نسل‌ شما در تمام‌ زمین ‌زندگی كند و آن‌ را تحت‌ تسلّط‌ خود درآورد. من‌ شما را بر ماهیان‌ و پرندگان ‌و تمام‌ حیوانات ‌وحشی می‌گمارم‌.		https://webdav.hidrive.ionos.com/users/adminchurch/mychurch/bible/audio/TPV/GEN/1.mp3	https://webdav.hidrive.ionos.com/users/adminchurch/mychurch/bible/audio/ENGLISH/GEN/1.mp3
GEN	1	29	هر نوع ‌گیاهی كه‌ غلاّت و دانه بیاورد و هر نوع‌ گیاهی كه‌ میوه ‌بیاورد برای شما آماده‌ كرده‌ام ‌تا بخورید.		https://webdav.hidrive.ionos.com/users/adminchurch/mychurch/bible/audio/TPV/GEN/1.mp3	https://webdav.hidrive.ionos.com/users/adminchurch/mychurch/bible/audio/ENGLISH/GEN/1.mp3
GEN	1	30	امّا هر نوع ‌علف ‌سبز را برای خوراک‌ تمام ‌حیوانات‌ و پرندگان‌ آماده ‌كرده‌ام‌» و چنین ‌شد.		https://webdav.hidrive.ionos.com/users/adminchurch/mychurch/bible/audio/TPV/GEN/1.mp3	https://webdav.hidrive.ionos.com/users/adminchurch/mychurch/bible/audio/ENGLISH/GEN/1.mp3
GEN	1	31	خدا از دیدن ‌تمام‌ كارهایی‌ كه‌ انجام‌ شده‌ بود، بسیار خشنود گشت‌. شب‌ گذشت‌ و صبح ‌فرا رسید. این‌ بود روز ششم‌.		https://webdav.hidrive.ionos.com/users/adminchurch/mychurch/bible/audio/TPV/GEN/1.mp3	https://webdav.hidrive.ionos.com/users/adminchurch/mychurch/bible/audio/ENGLISH/GEN/1.mp3
