BEGIN TRANSACTION;

CREATE TABLE IF NOT EXISTS books(
  id INTEGER PRIMARY KEY,
  code CHAR(2) NOT NULL,
  name_fa TEXT NOT NULL,
  name_en TEXT NOT NULL,
  testament TEXT NOT NULL
);
CREATE TABLE IF NOT EXISTS chapters(
  id INTEGER PRIMARY KEY,
  book_id INTEGER NOT NULL,
  chapter_number INTEGER NOT NULL,
  audio_local TEXT,
  audio_online_fa TEXT,
  audio_online_en TEXT
);
CREATE TABLE IF NOT EXISTS verses(
  id INTEGER PRIMARY KEY,
  chapter_id INTEGER NOT NULL,
  verse_number INTEGER NOT NULL,
  text_fa TEXT,
  text_en TEXT
);
INSERT INTO books VALUES (1,'01','پیدایش','Genesis','OT');
INSERT INTO books VALUES (2,'02','خروج','Exodus','OT');
INSERT INTO books VALUES (3,'03','لاویان','Leviticus','OT');
INSERT INTO books VALUES (4,'04','اعداد','Numbers','OT');
INSERT INTO books VALUES (5,'05','تثنیه','Deuteronomy','OT');
INSERT INTO books VALUES (6,'06','یوشع','Joshua','OT');
INSERT INTO books VALUES (7,'07','داوران','Judges','OT');
INSERT INTO books VALUES (8,'08','روت','Ruth','OT');
INSERT INTO books VALUES (9,'09','اول سموئیل','1 Samuel','OT');
INSERT INTO books VALUES (10,'10','دوم سموئیل','2 Samuel','OT');
INSERT INTO books VALUES (11,'11','اول پادشاهان','1 Kings','OT');
INSERT INTO books VALUES (12,'12','دوم پادشاهان','2 Kings','OT');
INSERT INTO books VALUES (13,'13','اول تواریخ','1 Chronicles','OT');
INSERT INTO books VALUES (14,'14','دوم تواریخ','2 Chronicles','OT');
INSERT INTO books VALUES (15,'15','عزرا','Ezra','OT');
INSERT INTO books VALUES (16,'16','نحمیا','Nehemiah','OT');
INSERT INTO books VALUES (17,'17','استر','Esther','OT');
INSERT INTO books VALUES (18,'18','ایوب','Job','OT');
INSERT INTO books VALUES (19,'19','مزامیر','Psalms','OT');
INSERT INTO books VALUES (20,'20','امثال','Proverbs','OT');
INSERT INTO books VALUES (21,'21','جامعه','Ecclesiastes','OT');
INSERT INTO books VALUES (22,'22','غزل غزل‌ها','Song of Songs','OT');
INSERT INTO books VALUES (23,'23','اشعیا','Isaiah','OT');
INSERT INTO books VALUES (24,'24','ارمیا','Jeremiah','OT');
INSERT INTO books VALUES (25,'25','مراثی ارمیا','Lamentations','OT');
INSERT INTO books VALUES (26,'26','حزقیال','Ezekiel','OT');
INSERT INTO books VALUES (27,'27','دانیال','Daniel','OT');
INSERT INTO books VALUES (28,'28','هوشع','Hosea','OT');
INSERT INTO books VALUES (29,'29','یوئیل','Joel','OT');
INSERT INTO books VALUES (30,'30','عاموس','Amos','OT');
INSERT INTO books VALUES (31,'31','عوبدیا','Obadiah','OT');
INSERT INTO books VALUES (32,'32','یونس','Jonah','OT');
INSERT INTO books VALUES (33,'33','میکاه','Micah','OT');
INSERT INTO books VALUES (34,'34','ناحوم','Nahum','OT');
INSERT INTO books VALUES (35,'35','حبقوق','Habakkuk','OT');
INSERT INTO books VALUES (36,'36','صفنیا','Zephaniah','OT');
INSERT INTO books VALUES (37,'37','حجّی','Haggai','OT');
INSERT INTO books VALUES (38,'38','زکریا','Zechariah','OT');
INSERT INTO books VALUES (39,'39','ملاکی','Malachi','OT');
INSERT INTO books VALUES (40,'40','متی','Matthew','NT');
INSERT INTO books VALUES (41,'41','مرقس','Mark','NT');
INSERT INTO books VALUES (42,'42','لوقا','Luke','NT');
INSERT INTO books VALUES (43,'43','یوحنا','John','NT');
INSERT INTO books VALUES (44,'44','اعمال رسولان','Acts','NT');
INSERT INTO books VALUES (45,'45','رومیان','Romans','NT');
INSERT INTO books VALUES (46,'46','اول قرنتیان','1 Corinthians','NT');
INSERT INTO books VALUES (47,'47','دوم قرنتیان','2 Corinthians','NT');
INSERT INTO books VALUES (48,'48','غلاطیان','Galatians','NT');
INSERT INTO books VALUES (49,'49','افسسیان','Ephesians','NT');
INSERT INTO books VALUES (50,'50','فیلیپیان','Philippians','NT');
INSERT INTO books VALUES (51,'51','کولسیان','Colossians','NT');
INSERT INTO books VALUES (52,'52','اول تسالونیکیان','1 Thessalonians','NT');
INSERT INTO books VALUES (53,'53','دوم تسالونیکیان','2 Thessalonians','NT');
INSERT INTO books VALUES (54,'54','اول تیموتائوس','1 Timothy','NT');
INSERT INTO books VALUES (55,'55','دوم تیموتائوس','2 Timothy','NT');
INSERT INTO books VALUES (56,'56','تیطس','Titus','NT');
INSERT INTO books VALUES (57,'57','فیلیمون','Philemon','NT');
INSERT INTO books VALUES (58,'58','عبرانیان','Hebrews','NT');
INSERT INTO books VALUES (59,'59','یعقوب','James','NT');
INSERT INTO books VALUES (60,'60','اول پطرس','1 Peter','NT');
INSERT INTO books VALUES (61,'61','دوم پطرس','2 Peter','NT');
INSERT INTO books VALUES (62,'62','اول یوحنا','1 John','NT');
INSERT INTO books VALUES (63,'63','دوم یوحنا','2 John','NT');
INSERT INTO books VALUES (64,'64','سوم یوحنا','3 John','NT');
INSERT INTO books VALUES (65,'65','یهودا','Jude','NT');
INSERT INTO books VALUES (66,'66','مکاشفهٔ یوحنا','Revelation','NT');
INSERT INTO chapters VALUES (1,1,1,NULL,'http://kjv.wordfree.net/bibles/app/audio/1/1/1.mp3','http://kjv.wordfree.net/bibles/app/audio/1/1/1.mp3');
INSERT INTO verses VALUES (1,1,1,NULL,'span class="verse" id="1">1 </span In the beginning God created the heaven and the earth.');
INSERT INTO verses VALUES (2,1,2,NULL,'And the earth was without form, and void; and darkness was upon the face of the deep. And the Spirit of God moved upon the face of the waters.');
INSERT INTO verses VALUES (3,1,3,NULL,'And God said, Let there be light: and there was light.');
INSERT INTO verses VALUES (4,1,4,NULL,'And God saw the light, that it was good: and God divided the light from the darkness.');
INSERT INTO verses VALUES (5,1,5,NULL,'And God called the light Day, and the darkness he called Night. And the evening and the morning were the first day.');
INSERT INTO verses VALUES (6,1,6,NULL,'And God said, Let there be a firmament in the midst of the waters, and let it divide the waters from the waters.');
INSERT INTO verses VALUES (7,1,7,NULL,'And God made the firmament, and divided the waters which were under the firmament from the waters which were above the firmament: and it was so.');
INSERT INTO verses VALUES (8,1,8,NULL,'And God called the firmament Heaven. And the evening and the morning were the second day.');
INSERT INTO verses VALUES (9,1,9,NULL,'And God said, Let the waters under the heaven be gathered together unto one place, and let the dry land appear: and it was so.');
INSERT INTO verses VALUES (10,1,10,NULL,'And God called the dry land Earth; and the gathering together of the waters called he Seas: and God saw that it was good.');
INSERT INTO verses VALUES (11,1,11,NULL,'And God said, Let the earth bring forth grass, the herb yielding seed, and the fruit tree yielding fruit after his kind, whose seed is in itself, upon the earth: and it was so.');
INSERT INTO verses VALUES (12,1,12,NULL,'And the earth brought forth grass, and herb yielding seed after his kind, and the tree yielding fruit, whose seed was in itself, after his kind: and God saw that it was good.');
INSERT INTO verses VALUES (13,1,13,NULL,'And the evening and the morning were the third day.');
INSERT INTO verses VALUES (14,1,14,NULL,'And God said, Let there be lights in the firmament of the heaven to divide the day from the night; and let them be for signs, and for seasons, and for days, and years:');
INSERT INTO verses VALUES (15,1,15,NULL,'And let them be for lights in the firmament of the heaven to give light upon the earth: and it was so.');
INSERT INTO verses VALUES (16,1,16,NULL,'And God made two great lights; the greater light to rule the day, and the lesser light to rule the night: he made the stars also.');
INSERT INTO verses VALUES (17,1,17,NULL,'And God set them in the firmament of the heaven to give light upon the earth,');
INSERT INTO verses VALUES (18,1,18,NULL,'And to rule over the day and over the night, and to divide the light from the darkness: and God saw that it was good.');
INSERT INTO verses VALUES (19,1,19,NULL,'And the evening and the morning were the fourth day.');
INSERT INTO verses VALUES (20,1,20,NULL,'And God said, Let the waters bring forth abundantly the moving creature that hath life, and fowl that may fly above the earth in the open firmament of heaven.');
INSERT INTO verses VALUES (21,1,21,NULL,'And God created great whales, and every living creature that moveth, which the waters brought forth abundantly, after their kind, and every winged fowl after his kind: and God saw that it was good.');
INSERT INTO verses VALUES (22,1,22,NULL,'And God blessed them, saying, Be fruitful, and multiply, and fill the waters in the seas, and let fowl multiply in the earth.');
INSERT INTO verses VALUES (23,1,23,NULL,'And the evening and the morning were the fifth day.');
INSERT INTO verses VALUES (24,1,24,NULL,'And God said, Let the earth bring forth the living creature after his kind, cattle, and creeping thing, and beast of the earth after his kind: and it was so.');
INSERT INTO verses VALUES (25,1,25,NULL,'And God made the beast of the earth after his kind, and cattle after their kind, and every thing that creepeth upon the earth after his kind: and God saw that it was good.');
INSERT INTO verses VALUES (26,1,26,NULL,'And God said, Let us make man in our image, after our likeness: and let them have dominion over the fish of the sea, and over the fowl of the air, and over the cattle, and over all the earth, and over every creeping thing that creepeth upon the earth.');
INSERT INTO verses VALUES (27,1,27,NULL,'So God created man in his own image, in the image of God created he him; male and female created he them.');
INSERT INTO verses VALUES (28,1,28,NULL,'And God blessed them, and God said unto them, Be fruitful, and multiply, and replenish the earth, and subdue it: and have dominion over the fish of the sea, and over the fowl of the air, and over every living thing that moveth upon the earth.');
INSERT INTO verses VALUES (29,1,29,NULL,'And God said, Behold, I have given you every herb bearing seed, which is upon the face of all the earth, and every tree, in the which is the fruit of a tree yielding seed; to you it shall be for meat.');
INSERT INTO verses VALUES (30,1,30,NULL,'And to every beast of the earth, and to every fowl of the air, and to every thing that creepeth upon the earth, wherein there is life, I have given every green herb for meat: and it was so.');
INSERT INTO verses VALUES (31,1,31,NULL,'And God saw every thing that he had made, and, behold, it was very good. And the evening and the morning were the sixth day.');
INSERT INTO chapters VALUES (2,1,2,NULL,'http://kjv.wordfree.net/bibles/app/audio/1/1/2.mp3','http://kjv.wordfree.net/bibles/app/audio/1/1/2.mp3');
INSERT INTO verses VALUES (32,2,1,NULL,'span class="verse" id="1">1 </span Thus the heavens and the earth were finished, and all the host of them.');
INSERT INTO verses VALUES (33,2,2,NULL,'And on the seventh day God ended his work which he had made; and he rested on the seventh day from all his work which he had made.');
INSERT INTO verses VALUES (34,2,3,NULL,'And God blessed the seventh day, and sanctified it: because that in it he had rested from all his work which God created and made.');
INSERT INTO verses VALUES (35,2,4,NULL,'These are the generations of the heavens and of the earth when they were created, in the day that the LORD God made the earth and the heavens,');
INSERT INTO verses VALUES (36,2,5,NULL,'And every plant of the field before it was in the earth, and every herb of the field before it grew: for the LORD God had not caused it to rain upon the earth, and there was not a man to till the ground.');
INSERT INTO verses VALUES (37,2,6,NULL,'But there went up a mist from the earth, and watered the whole face of the ground.');
INSERT INTO verses VALUES (38,2,7,NULL,'And the LORD God formed man of the dust of the ground, and breathed into his nostrils the breath of life; and man became a living soul.');
INSERT INTO verses VALUES (39,2,8,NULL,'And the LORD God planted a garden eastward in Eden ; and there he put the man whom he had formed.');
INSERT INTO verses VALUES (40,2,9,NULL,'And out of the ground made the LORD God to grow every tree that is pleasant to the sight, and good for food; the tree of life also in the midst of the garden, and the tree of knowledge of good and evil.');
INSERT INTO verses VALUES (41,2,10,NULL,'And a river went out of Eden to water the garden; and from thence it was parted, and became into four heads.');
INSERT INTO verses VALUES (42,2,11,NULL,'The name of the first is Pison : that is it which compasseth the whole land of Havilah , where there is gold;');
INSERT INTO verses VALUES (43,2,12,NULL,'And the gold of that land is good: there is bdellium and the onyx stone.');
INSERT INTO verses VALUES (44,2,13,NULL,'And the name of the second river is Gihon : the same is it that compasseth the whole land of Ethiopia .');
INSERT INTO verses VALUES (45,2,14,NULL,'And the name of the third river is Hiddekel : that is it which goeth toward the east of Assyria . And the fourth river is Euphrates .');
INSERT INTO verses VALUES (46,2,15,NULL,'And the LORD God took the man, and put him into the garden of Eden to dress it and to keep it.');
INSERT INTO verses VALUES (47,2,16,NULL,'And the LORD God commanded the man, saying, Of every tree of the garden thou mayest freely eat:');
INSERT INTO verses VALUES (48,2,17,NULL,'But of the tree of the knowledge of good and evil, thou shalt not eat of it: for in the day that thou eatest thereof thou shalt surely die.');
INSERT INTO verses VALUES (49,2,18,NULL,'And the LORD God said, It is not good that the man should be alone; I will make him an help meet for him.');
INSERT INTO verses VALUES (50,2,19,NULL,'And out of the ground the LORD God formed every beast of the field, and every fowl of the air; and brought them unto Adam to see what he would call them: and whatsoever Adam called every living creature, that was the name thereof.');
INSERT INTO verses VALUES (51,2,20,NULL,'And Adam gave names to all cattle, and to the fowl of the air, and to every beast of the field; but for Adam there was not found an help meet for him.');
INSERT INTO verses VALUES (52,2,21,NULL,'And the LORD God caused a deep sleep to fall upon Adam , and he slept: and he took one of his ribs, and closed up the flesh instead thereof;');
INSERT INTO verses VALUES (53,2,22,NULL,'And the rib, which the LORD God had taken from man, made he a woman, and brought her unto the man.');
INSERT INTO verses VALUES (54,2,23,NULL,'And Adam said, This is now bone of my bones, and flesh of my flesh: she shall be called Woman, because she was taken out of Man.');
INSERT INTO verses VALUES (55,2,24,NULL,'Therefore shall a man leave his father and his mother, and shall cleave unto his wife: and they shall be one flesh.');
INSERT INTO verses VALUES (56,2,25,NULL,'And they were both naked, the man and his wife, and were not ashamed.');
INSERT INTO chapters VALUES (3,2,1,NULL,'http://kjv.wordfree.net/bibles/app/audio/1/2/1.mp3','http://kjv.wordfree.net/bibles/app/audio/1/2/1.mp3');
INSERT INTO verses VALUES (57,3,1,NULL,'span class="verse" id="1">1 </span Now these are the names of the children of Israel , which came into Egypt ; every man and his household came with Jacob .');
INSERT INTO verses VALUES (58,3,2,NULL,'Reuben , Simeon , Levi , and Judah ,');
INSERT INTO verses VALUES (59,3,3,NULL,'Issachar , Zebulun , and Benjamin ,');
INSERT INTO verses VALUES (60,3,4,NULL,'Dan , and Naphtali , Gad , and Asher .');
INSERT INTO verses VALUES (61,3,5,NULL,'And all the souls that came out of the loins of Jacob were seventy souls: for Joseph was in Egypt already.');
INSERT INTO verses VALUES (62,3,6,NULL,'And Joseph died, and all his brethren, and all that generation.');
INSERT INTO verses VALUES (63,3,7,NULL,'And the children of Israel were fruitful, and increased abundantly, and multiplied, and waxed exceeding mighty; and the land was filled with them.');
INSERT INTO verses VALUES (64,3,8,NULL,'Now there arose up a new king over Egypt , which knew not Joseph .');
INSERT INTO verses VALUES (65,3,9,NULL,'And he said unto his people, Behold, the people of the children of Israel are more and mightier than we:');
INSERT INTO verses VALUES (66,3,10,NULL,'Come on, let us deal wisely with them; lest they multiply, and it come to pass, that, when there falleth out any war, they join also unto our enemies, and fight against us, and so get them up out of the land.');
INSERT INTO verses VALUES (67,3,11,NULL,'Therefore they did set over them taskmasters to afflict them with their burdens. And they built for Pharaoh treasure cities, Pithom and Raamses .');
INSERT INTO verses VALUES (68,3,12,NULL,'But the more they afflicted them, the more they multiplied and grew. And they were grieved because of the children of Israel .');
INSERT INTO verses VALUES (69,3,13,NULL,'And the Egyptians made the children of Israel to serve with rigour:');
INSERT INTO verses VALUES (70,3,14,NULL,'And they made their lives bitter with hard bondage, in morter, and in brick, and in all manner of service in the field: all their service, wherein they made them serve, was with rigour.');
INSERT INTO verses VALUES (71,3,15,NULL,'And the king of Egypt spake to the Hebrew midwives, of which the name of the one was Shiphrah , and the name of the other Puah :');
INSERT INTO verses VALUES (72,3,16,NULL,'And he said, When ye do the office of a midwife to the Hebrew women, and see them upon the stools; if it be a son, then ye shall kill him: but if it be a daughter, then she shall live.');
INSERT INTO verses VALUES (73,3,17,NULL,'But the midwives feared God, and did not as the king of Egypt commanded them, but saved the men children alive.');
INSERT INTO verses VALUES (74,3,18,NULL,'And the king of Egypt called for the midwives, and said unto them, Why have ye done this thing, and have saved the men children alive?');
INSERT INTO verses VALUES (75,3,19,NULL,'And the midwives said unto Pharaoh, Because the Hebrew women are not as the Egyptian women; for they are lively, and are delivered ere the midwives come in unto them.');
INSERT INTO verses VALUES (76,3,20,NULL,'Therefore God dealt well with the midwives: and the people multiplied, and waxed very mighty.');
INSERT INTO verses VALUES (77,3,21,NULL,'And it came to pass, because the midwives feared God, that he made them houses.');
INSERT INTO verses VALUES (78,3,22,NULL,'And Pharaoh charged all his people, saying, Every son that is born ye shall cast into the river, and every daughter ye shall save alive.');
INSERT INTO chapters VALUES (4,3,1,NULL,'http://kjv.wordfree.net/bibles/app/audio/1/3/1.mp3','http://kjv.wordfree.net/bibles/app/audio/1/3/1.mp3');
INSERT INTO verses VALUES (79,4,1,NULL,'span class="verse" id="1">1 </span And the LORD called unto Moses , and spake unto him out of the tabernacle of the congregation, saying,');
INSERT INTO verses VALUES (80,4,2,NULL,'Speak unto the children of Israel , and say unto them, If any man of you bring an offering unto the LORD, ye shall bring your offering of the cattle, even of the herd, and of the flock.');
INSERT INTO verses VALUES (81,4,3,NULL,'If his offering be a burnt sacrifice of the herd, let him offer a male without blemish: he shall offer it of his own voluntary will at the door of the tabernacle of the congregation before the LORD.');
INSERT INTO verses VALUES (82,4,4,NULL,'And he shall put his hand upon the head of the burnt offering; and it shall be accepted for him to make atonement for him.');
INSERT INTO verses VALUES (83,4,5,NULL,'And he shall kill the bullock before the LORD: and the priests, Aaron ''s sons, shall bring the blood, and sprinkle the blood round about upon the altar that is by the door of the tabernacle of the congregation.');
INSERT INTO verses VALUES (84,4,6,NULL,'And he shall flay the burnt offering, and cut it into his pieces.');
INSERT INTO verses VALUES (85,4,7,NULL,'And the sons of Aaron the priest shall put fire upon the altar, and lay the wood in order upon the fire:');
INSERT INTO verses VALUES (86,4,8,NULL,'And the priests, Aaron ''s sons, shall lay the parts, the head, and the fat, in order upon the wood that is on the fire which is upon the altar:');
INSERT INTO verses VALUES (87,4,9,NULL,'But his inwards and his legs shall he wash in water: and the priest shall burn all on the altar, to be a burnt sacrifice, an offering made by fire, of a sweet savour unto the LORD.');
INSERT INTO verses VALUES (88,4,10,NULL,'And if his offering be of the flocks, namely, of the sheep, or of the goats, for a burnt sacrifice; he shall bring it a male without blemish.');
INSERT INTO verses VALUES (89,4,11,NULL,'And he shall kill it on the side of the altar northward before the LORD: and the priests, Aaron ''s sons, shall sprinkle his blood round about upon the altar.');
INSERT INTO verses VALUES (90,4,12,NULL,'And he shall cut it into his pieces, with his head and his fat: and the priest shall lay them in order on the wood that is on the fire which is upon the altar:');
INSERT INTO verses VALUES (91,4,13,NULL,'But he shall wash the inwards and the legs with water: and the priest shall bring it all, and burn it upon the altar: it is a burnt sacrifice, an offering made by fire, of a sweet savour unto the LORD.');
INSERT INTO verses VALUES (92,4,14,NULL,'And if the burnt sacrifice for his offering to the LORD be of fowls, then he shall bring his offering of turtledoves, or of young pigeons.');
INSERT INTO verses VALUES (93,4,15,NULL,'And the priest shall bring it unto the altar, and wring off his head, and burn it on the altar; and the blood thereof shall be wrung out at the side of the altar:');
INSERT INTO verses VALUES (94,4,16,NULL,'And he shall pluck away his crop with his feathers, and cast it beside the altar on the east part, by the place of the ashes:');
INSERT INTO verses VALUES (95,4,17,NULL,'And he shall cleave it with the wings thereof, but shall not divide it asunder: and the priest shall burn it upon the altar, upon the wood that is upon the fire: it is a burnt sacrifice, an offering made by fire, of a sweet savour unto the LORD.');
INSERT INTO chapters VALUES (5,4,1,NULL,'http://kjv.wordfree.net/bibles/app/audio/1/4/1.mp3','http://kjv.wordfree.net/bibles/app/audio/1/4/1.mp3');
INSERT INTO verses VALUES (96,5,1,NULL,'span class="verse" id="1">1 </span And the LORD spake unto Moses in the wilderness of Sinai , in the tabernacle of the congregation, on the first day of the second month, in the second year after they were come out of the land of Egypt , saying,');
INSERT INTO verses VALUES (97,5,2,NULL,'Take ye the sum of all the congregation of the children of Israel , after their families, by the house of their fathers, with the number of their names, every male by their polls;');
INSERT INTO verses VALUES (98,5,3,NULL,'From twenty years old and upward, all that are able to go forth to war in Israel : thou and Aaron shall number them by their armies.');
INSERT INTO verses VALUES (99,5,4,NULL,'And with you there shall be a man of every tribe; every one head of the house of his fathers.');
INSERT INTO verses VALUES (100,5,5,NULL,'And these are the names of the men that shall stand with you: of the tribe of Reuben ; Elizur the son of Shedeur.');
INSERT INTO verses VALUES (101,5,6,NULL,'Of Simeon ; Shelumiel the son of Zurishaddai.');
INSERT INTO verses VALUES (102,5,7,NULL,'Of Judah ; Nahshon the son of Amminadab .');
INSERT INTO verses VALUES (103,5,8,NULL,'Of Issachar ; Nethaneel the son of Zuar.');
INSERT INTO verses VALUES (104,5,9,NULL,'Of Zebulun ; Eliab the son of Helon.');
INSERT INTO verses VALUES (105,5,10,NULL,'Of the children of Joseph : of Ephraim ; Elishama the son of Ammihud: of Manasseh ; Gamaliel the son of Pedahzur.');
INSERT INTO verses VALUES (106,5,11,NULL,'Of Benjamin ; Abidan the son of Gideoni.');
INSERT INTO verses VALUES (107,5,12,NULL,'Of Dan ; Ahiezer the son of Ammishaddai.');
INSERT INTO verses VALUES (108,5,13,NULL,'Of Asher ; Pagiel the son of Ocran.');
INSERT INTO verses VALUES (109,5,14,NULL,'Of Gad ; Eliasaph the son of Deuel.');
INSERT INTO verses VALUES (110,5,15,NULL,'Of Naphtali ; Ahira the son of Enan.');
INSERT INTO verses VALUES (111,5,16,NULL,'These were the renowned of the congregation, princes of the tribes of their fathers, heads of thousands in Israel .');
INSERT INTO verses VALUES (112,5,17,NULL,'And Moses and Aaron took these men which are expressed by their names:');
INSERT INTO verses VALUES (113,5,18,NULL,'And they assembled all the congregation together on the first day of the second month, and they declared their pedigrees after their families, by the house of their fathers, according to the number of the names, from twenty years old and upward, by their polls.');
INSERT INTO verses VALUES (114,5,19,NULL,'As the LORD commanded Moses , so he numbered them in the wilderness of Sinai .');
INSERT INTO verses VALUES (115,5,20,NULL,'And the children of Reuben , Israel ''s eldest son, by their generations, after their families, by the house of their fathers, according to the number of the names, by their polls, every male from twenty years old and upward, all that were able to go forth to war;');
INSERT INTO verses VALUES (116,5,21,NULL,'Those that were numbered of them, even of the tribe of Reuben , were forty and six thousand and five hundred.');
INSERT INTO verses VALUES (117,5,22,NULL,'Of the children of Simeon , by their generations, after their families, by the house of their fathers, those that were numbered of them, according to the number of the names, by their polls, every male from twenty years old and upward, all that were able to go forth to war;');
INSERT INTO verses VALUES (118,5,23,NULL,'Those that were numbered of them, even of the tribe of Simeon , were fifty and nine thousand and three hundred.');
INSERT INTO verses VALUES (119,5,24,NULL,'Of the children of Gad , by their generations, after their families, by the house of their fathers, according to the number of the names, from twenty years old and upward, all that were able to go forth to war;');
INSERT INTO verses VALUES (120,5,25,NULL,'Those that were numbered of them, even of the tribe of Gad , were forty and five thousand six hundred and fifty.');
INSERT INTO verses VALUES (121,5,26,NULL,'Of the children of Judah , by their generations, after their families, by the house of their fathers, according to the number of the names, from twenty years old and upward, all that were able to go forth to war;');
INSERT INTO verses VALUES (122,5,27,NULL,'Those that were numbered of them, even of the tribe of Judah , were threescore and fourteen thousand and six hundred.');
INSERT INTO verses VALUES (123,5,28,NULL,'Of the children of Issachar , by their generations, after their families, by the house of their fathers, according to the number of the names, from twenty years old and upward, all that were able to go forth to war;');
INSERT INTO verses VALUES (124,5,29,NULL,'Those that were numbered of them, even of the tribe of Issachar , were fifty and four thousand and four hundred.');
INSERT INTO verses VALUES (125,5,30,NULL,'Of the children of Zebulun , by their generations, after their families, by the house of their fathers, according to the number of the names, from twenty years old and upward, all that were able to go forth to war;');
INSERT INTO verses VALUES (126,5,31,NULL,'Those that were numbered of them, even of the tribe of Zebulun , were fifty and seven thousand and four hundred.');
INSERT INTO verses VALUES (127,5,32,NULL,'Of the children of Joseph , namely, of the children of Ephraim , by their generations, after their families, by the house of their fathers, according to the number of the names, from twenty years old and upward, all that were able to go forth to war;');
INSERT INTO verses VALUES (128,5,33,NULL,'Those that were numbered of them, even of the tribe of Ephraim , were forty thousand and five hundred.');
INSERT INTO verses VALUES (129,5,34,NULL,'Of the children of Manasseh , by their generations, after their families, by the house of their fathers, according to the number of the names, from twenty years old and upward, all that were able to go forth to war;');
INSERT INTO verses VALUES (130,5,35,NULL,'Those that were numbered of them, even of the tribe of Manasseh , were thirty and two thousand and two hundred.');
INSERT INTO verses VALUES (131,5,36,NULL,'Of the children of Benjamin , by their generations, after their families, by the house of their fathers, according to the number of the names, from twenty years old and upward, all that were able to go forth to war;');
INSERT INTO verses VALUES (132,5,37,NULL,'Those that were numbered of them, even of the tribe of Benjamin , were thirty and five thousand and four hundred.');
INSERT INTO verses VALUES (133,5,38,NULL,'Of the children of Dan , by their generations, after their families, by the house of their fathers, according to the number of the names, from twenty years old and upward, all that were able to go forth to war;');
INSERT INTO verses VALUES (134,5,39,NULL,'Those that were numbered of them, even of the tribe of Dan , were threescore and two thousand and seven hundred.');
INSERT INTO verses VALUES (135,5,40,NULL,'Of the children of Asher , by their generations, after their families, by the house of their fathers, according to the number of the names, from twenty years old and upward, all that were able to go forth to war;');
INSERT INTO verses VALUES (136,5,41,NULL,'Those that were numbered of them, even of the tribe of Asher , were forty and one thousand and five hundred.');
INSERT INTO verses VALUES (137,5,42,NULL,'Of the children of Naphtali , throughout their generations, after their families, by the house of their fathers, according to the number of the names, from twenty years old and upward, all that were able to go forth to war;');
INSERT INTO verses VALUES (138,5,43,NULL,'Those that were numbered of them, even of the tribe of Naphtali , were fifty and three thousand and four hundred.');
INSERT INTO verses VALUES (139,5,44,NULL,'These are those that were numbered, which Moses and Aaron numbered, and the princes of Israel , being twelve men: each one was for the house of his fathers.');
INSERT INTO verses VALUES (140,5,45,NULL,'So were all those that were numbered of the children of Israel , by the house of their fathers, from twenty years old and upward, all that were able to go forth to war in Israel ;');
INSERT INTO verses VALUES (141,5,46,NULL,'Even all they that were numbered were six hundred thousand and three thousand and five hundred and fifty.');
INSERT INTO verses VALUES (142,5,47,NULL,'But the Levites after the tribe of their fathers were not numbered among them.');
INSERT INTO verses VALUES (143,5,48,NULL,'For the LORD had spoken unto Moses , saying,');
INSERT INTO verses VALUES (144,5,49,NULL,'Only thou shalt not number the tribe of Levi , neither take the sum of them among the children of Israel :');
INSERT INTO verses VALUES (145,5,50,NULL,'But thou shalt appoint the Levites over the tabernacle of testimony, and over all the vessels thereof, and over all things that belong to it: they shall bear the tabernacle, and all the vessels thereof; and they shall minister unto it, and shall encamp round about the tabernacle.');
INSERT INTO verses VALUES (146,5,51,NULL,'And when the tabernacle setteth forward, the Levites shall take it down: and when the tabernacle is to be pitched, the Levites shall set it up: and the stranger that cometh nigh shall be put to death.');
INSERT INTO verses VALUES (147,5,52,NULL,'And the children of Israel shall pitch their tents, every man by his own camp, and every man by his own standard, throughout their hosts.');
INSERT INTO verses VALUES (148,5,53,NULL,'But the Levites shall pitch round about the tabernacle of testimony, that there be no wrath upon the congregation of the children of Israel : and the Levites shall keep the charge of the tabernacle of testimony.');
INSERT INTO verses VALUES (149,5,54,NULL,'And the children of Israel did according to all that the LORD commanded Moses , so did they.');
INSERT INTO chapters VALUES (6,5,1,NULL,'http://kjv.wordfree.net/bibles/app/audio/1/5/1.mp3','http://kjv.wordfree.net/bibles/app/audio/1/5/1.mp3');
INSERT INTO verses VALUES (150,6,1,NULL,'span class="verse" id="1">1 </span These be the words which Moses spake unto all Israel on this side Jordan in the wilderness, in the plain over against the Red sea, between Paran , and Tophel, and Laban , and Hazeroth, and Dizahab.');
INSERT INTO verses VALUES (151,6,2,NULL,'(There are eleven days'' journey from Horeb by the way of mount Seir unto Kadeshbarnea.)');
INSERT INTO verses VALUES (152,6,3,NULL,'And it came to pass in the fortieth year, in the eleventh month, on the first day of the month, that Moses spake unto the children of Israel , according unto all that the LORD had given him in commandment unto them;');
INSERT INTO verses VALUES (153,6,4,NULL,'After he had slain Sihon the king of the Amorites, which dwelt in Heshbon, and Og the king of Bashan, which dwelt at Astaroth in Edrei:');
INSERT INTO verses VALUES (154,6,5,NULL,'On this side Jordan , in the land of Moab , began Moses to declare this law, saying,');
INSERT INTO verses VALUES (155,6,6,NULL,'The LORD our God spake unto us in Horeb , saying, Ye have dwelt long enough in this mount:');
INSERT INTO verses VALUES (156,6,7,NULL,'Turn you, and take your journey, and go to the mount of the Amorites, and unto all the places nigh thereunto, in the plain, in the hills, and in the vale, and in the south, and by the sea side, to the land of the Canaanites, and unto Lebanon, unto the great river, the river Euphrates .');
INSERT INTO verses VALUES (157,6,8,NULL,'Behold, I have set the land before you: go in and possess the land which the LORD sware unto your fathers, Abraham , Isaac , and Jacob , to give unto them and to their seed after them.');
INSERT INTO verses VALUES (158,6,9,NULL,'And I spake unto you at that time, saying, I am not able to bear you myself alone:');
INSERT INTO verses VALUES (159,6,10,NULL,'The LORD your God hath multiplied you, and, behold, ye are this day as the stars of heaven for multitude.');
INSERT INTO verses VALUES (160,6,11,NULL,'(The LORD God of your fathers make you a thousand times so many more as ye are, and bless you, as he hath promised you!)');
INSERT INTO verses VALUES (161,6,12,NULL,'How can I myself alone bear your cumbrance, and your burden, and your strife?');
INSERT INTO verses VALUES (162,6,13,NULL,'Take you wise men, and understanding, and known among your tribes, and I will make them rulers over you.');
INSERT INTO verses VALUES (163,6,14,NULL,'And ye answered me, and said, The thing which thou hast spoken is good for us to do.');
INSERT INTO verses VALUES (164,6,15,NULL,'So I took the chief of your tribes, wise men, and known, and made them heads over you, captains over thousands, and captains over hundreds, and captains over fifties, and captains over tens, and officers among your tribes.');
INSERT INTO verses VALUES (165,6,16,NULL,'And I charged your judges at that time, saying, Hear the causes between your brethren, and judge righteously between every man and his brother, and the stranger that is with him.');
INSERT INTO verses VALUES (166,6,17,NULL,'Ye shall not respect persons in judgment; but ye shall hear the small as well as the great; ye shall not be afraid of the face of man; for the judgment is God''s: and the cause that is too hard for you, bring it unto me, and I will hear it.');
INSERT INTO verses VALUES (167,6,18,NULL,'And I commanded you at that time all the things which ye should do.');
INSERT INTO verses VALUES (168,6,19,NULL,'And when we departed from Horeb , we went through all that great and terrible wilderness, which ye saw by the way of the mountain of the Amorites, as the LORD our God commanded us; and we came to Kadeshbarnea.');
INSERT INTO verses VALUES (169,6,20,NULL,'And I said unto you, Ye are come unto the mountain of the Amorites, which the LORD our God doth give unto us.');
INSERT INTO verses VALUES (170,6,21,NULL,'Behold, the LORD thy God hath set the land before thee: go up and possess it, as the LORD God of thy fathers hath said unto thee; fear not, neither be discouraged.');
INSERT INTO verses VALUES (171,6,22,NULL,'And ye came near unto me every one of you, and said, We will send men before us, and they shall search us out the land, and bring us word again by what way we must go up, and into what cities we shall come.');
INSERT INTO verses VALUES (172,6,23,NULL,'And the saying pleased me well: and I took twelve men of you, one of a tribe:');
INSERT INTO verses VALUES (173,6,24,NULL,'And they turned and went up into the mountain, and came unto the valley of Eshcol , and searched it out.');
INSERT INTO verses VALUES (174,6,25,NULL,'And they took of the fruit of the land in their hands, and brought it down unto us, and brought us word again, and said, It is a good land which the LORD our God doth give us.');
INSERT INTO verses VALUES (175,6,26,NULL,'Notwithstanding ye would not go up, but rebelled against the commandment of the LORD your God:');
INSERT INTO verses VALUES (176,6,27,NULL,'And ye murmured in your tents, and said, Because the LORD hated us, he hath brought us forth out of the land of Egypt , to deliver us into the hand of the Amorites, to destroy us.');
INSERT INTO verses VALUES (177,6,28,NULL,'Whither shall we go up? our brethren have discouraged our heart, saying, The people is greater and taller than we; the cities are great and walled up to heaven; and moreover we have seen the sons of the Anakims there.');
INSERT INTO verses VALUES (178,6,29,NULL,'Then I said unto you, Dread not, neither be afraid of them.');
INSERT INTO verses VALUES (179,6,30,NULL,'The LORD your God which goeth before you, he shall fight for you, according to all that he did for you in Egypt before your eyes;');
INSERT INTO verses VALUES (180,6,31,NULL,'And in the wilderness, where thou hast seen how that the LORD thy God bare thee, as a man doth bear his son, in all the way that ye went, until ye came into this place.');
INSERT INTO verses VALUES (181,6,32,NULL,'Yet in this thing ye did not believe the LORD your God,');
INSERT INTO verses VALUES (182,6,33,NULL,'Who went in the way before you, to search you out a place to pitch your tents in, in fire by night, to shew you by what way ye should go, and in a cloud by day.');
INSERT INTO verses VALUES (183,6,34,NULL,'And the LORD heard the voice of your words, and was wroth, and sware, saying,');
INSERT INTO verses VALUES (184,6,35,NULL,'Surely there shall not one of these men of this evil generation see that good land, which I sware to give unto your fathers,');
INSERT INTO verses VALUES (185,6,36,NULL,'Save Caleb the son of Jephunneh; he shall see it, and to him will I give the land that he hath trodden upon, and to his children, because he hath wholly followed the LORD.');
INSERT INTO verses VALUES (186,6,37,NULL,'Also the LORD was angry with me for your sakes, saying, Thou also shalt not go in thither.');
INSERT INTO verses VALUES (187,6,38,NULL,'But Joshua the son of Nun, which standeth before thee, he shall go in thither: encourage him: for he shall cause Israel to inherit it.');
INSERT INTO verses VALUES (188,6,39,NULL,'Moreover your little ones, which ye said should be a prey, and your children, which in that day had no knowledge between good and evil, they shall go in thither, and unto them will I give it, and they shall possess it.');
INSERT INTO verses VALUES (189,6,40,NULL,'But as for you, turn you, and take your journey into the wilderness by the way of the Red sea.');
INSERT INTO verses VALUES (190,6,41,NULL,'Then ye answered and said unto me, We have sinned against the LORD, we will go up and fight, according to all that the LORD our God commanded us. And when ye had girded on every man his weapons of war, ye were ready to go up into the hill.');
INSERT INTO verses VALUES (191,6,42,NULL,'And the LORD said unto me, Say unto them, Go not up, neither fight; for I am not among you; lest ye be smitten before your enemies.');
INSERT INTO verses VALUES (192,6,43,NULL,'So I spake unto you; and ye would not hear, but rebelled against the commandment of the LORD, and went presumptuously up into the hill.');
INSERT INTO verses VALUES (193,6,44,NULL,'And the Amorites, which dwelt in that mountain, came out against you, and chased you, as bees do, and destroyed you in Seir , even unto Hormah.');
INSERT INTO verses VALUES (194,6,45,NULL,'And ye returned and wept before the LORD; but the LORD would not hearken to your voice, nor give ear unto you.');
INSERT INTO verses VALUES (195,6,46,NULL,'So ye abode in Kadesh many days, according unto the days that ye abode there.');
INSERT INTO chapters VALUES (7,6,1,NULL,'http://kjv.wordfree.net/bibles/app/audio/1/6/1.mp3','http://kjv.wordfree.net/bibles/app/audio/1/6/1.mp3');
INSERT INTO verses VALUES (196,7,1,NULL,'span class="verse" id="1">1 </span Now after the death of Moses the servant of the LORD it came to pass, that the LORD spake unto Joshua the son of Nun, Moses '' minister, saying,');
INSERT INTO verses VALUES (197,7,2,NULL,'Moses my servant is dead; now therefore arise, go over this Jordan , thou, and all this people, unto the land which I do give to them, even to the children of Israel .');
INSERT INTO verses VALUES (198,7,3,NULL,'Every place that the sole of your foot shall tread upon, that have I given unto you, as I said unto Moses .');
INSERT INTO verses VALUES (199,7,4,NULL,'From the wilderness and this Lebanon even unto the great river, the river Euphrates , all the land of the Hittites, and unto the great sea toward the going down of the sun, shall be your coast.');
INSERT INTO verses VALUES (200,7,5,NULL,'There shall not any man be able to stand before thee all the days of thy life: as I was with Moses , so I will be with thee: I will not fail thee, nor forsake thee.');
INSERT INTO verses VALUES (201,7,6,NULL,'Be strong and of a good courage: for unto this people shalt thou divide for an inheritance the land, which I sware unto their fathers to give them.');
INSERT INTO verses VALUES (202,7,7,NULL,'Only be thou strong and very courageous, that thou mayest observe to do according to all the law, which Moses my servant commanded thee: turn not from it to the right hand or to the left, that thou mayest prosper whithersoever thou goest.');
INSERT INTO verses VALUES (203,7,8,NULL,'This book of the law shall not depart out of thy mouth; but thou shalt meditate therein day and night, that thou mayest observe to do according to all that is written therein: for then thou shalt make thy way prosperous, and then thou shalt have good success.');
INSERT INTO verses VALUES (204,7,9,NULL,'Have not I commanded thee? Be strong and of a good courage; be not afraid, neither be thou dismayed: for the LORD thy God is with thee whithersoever thou goest.');
INSERT INTO verses VALUES (205,7,10,NULL,'Then Joshua commanded the officers of the people, saying,');
INSERT INTO verses VALUES (206,7,11,NULL,'Pass through the host, and command the people, saying, Prepare you victuals; for within three days ye shall pass over this Jordan , to go in to possess the land, which the LORD your God giveth you to possess it.');
INSERT INTO verses VALUES (207,7,12,NULL,'And to the Reubenites, and to the Gadites, and to half the tribe of Manasseh , spake Joshua , saying,');
INSERT INTO verses VALUES (208,7,13,NULL,'Remember the word which Moses the servant of the LORD commanded you, saying, The LORD your God hath given you rest, and hath given you this land.');
INSERT INTO verses VALUES (209,7,14,NULL,'Your wives, your little ones, and your cattle, shall remain in the land which Moses gave you on this side Jordan ; but ye shall pass before your brethren armed, all the mighty men of valour, and help them;');
INSERT INTO verses VALUES (210,7,15,NULL,'Until the LORD have given your brethren rest, as he hath given you, and they also have possessed the land which the LORD your God giveth them: then ye shall return unto the land of your possession, and enjoy it, which Moses the LORD''s servant gave you on this side Jordan toward the sunrising.');
INSERT INTO verses VALUES (211,7,16,NULL,'And they answered Joshua , saying, All that thou commandest us we will do, and whithersoever thou sendest us, we will go.');
INSERT INTO verses VALUES (212,7,17,NULL,'According as we hearkened unto Moses in all things, so will we hearken unto thee: only the LORD thy God be with thee, as he was with Moses .');
INSERT INTO verses VALUES (213,7,18,NULL,'Whosoever he be that doth rebel against thy commandment, and will not hearken unto thy words in all that thou commandest him, he shall be put to death: only be strong and of a good courage.');
INSERT INTO chapters VALUES (8,7,1,NULL,'http://kjv.wordfree.net/bibles/app/audio/1/7/1.mp3','http://kjv.wordfree.net/bibles/app/audio/1/7/1.mp3');
INSERT INTO verses VALUES (214,8,1,NULL,'span class="verse" id="1">1 </span Now after the death of Joshua it came to pass, that the children of Israel asked the LORD, saying, Who shall go up for us against the Canaanites first, to fight against them?');
INSERT INTO verses VALUES (215,8,2,NULL,'And the LORD said, Judah shall go up: behold, I have delivered the land into his hand.');
INSERT INTO verses VALUES (216,8,3,NULL,'And Judah said unto Simeon his brother, Come up with me into my lot, that we may fight against the Canaanites; and I likewise will go with thee into thy lot. So Simeon went with him.');
INSERT INTO verses VALUES (217,8,4,NULL,'And Judah went up; and the LORD delivered the Canaanites and the Perizzites into their hand: and they slew of them in Bezek ten thousand men.');
INSERT INTO verses VALUES (218,8,5,NULL,'And they found Adonibezek in Bezek: and they fought against him, and they slew the Canaanites and the Perizzites.');
INSERT INTO verses VALUES (219,8,6,NULL,'But Adonibezek fled; and they pursued after him, and caught him, and cut off his thumbs and his great toes.');
INSERT INTO verses VALUES (220,8,7,NULL,'And Adonibezek said, Threescore and ten kings, having their thumbs and their great toes cut off, gathered their meat under my table: as I have done, so God hath requited me. And they brought him to Jerusalem , and there he died.');
INSERT INTO verses VALUES (221,8,8,NULL,'Now the children of Judah had fought against Jerusalem , and had taken it, and smitten it with the edge of the sword, and set the city on fire.');
INSERT INTO verses VALUES (222,8,9,NULL,'And afterward the children of Judah went down to fight against the Canaanites, that dwelt in the mountain, and in the south, and in the valley.');
INSERT INTO verses VALUES (223,8,10,NULL,'And Judah went against the Canaanites that dwelt in Hebron : (now the name of Hebron before was Kirjatharba :) and they slew Sheshai, and Ahiman, and Talmai.');
INSERT INTO verses VALUES (224,8,11,NULL,'And from thence he went against the inhabitants of Debir: and the name of Debir before was Kirjathsepher:');
INSERT INTO verses VALUES (225,8,12,NULL,'And Caleb said, He that smiteth Kirjathsepher, and taketh it, to him will I give Achsah my daughter to wife.');
INSERT INTO verses VALUES (226,8,13,NULL,'And Othniel the son of Kenaz , Caleb''s younger brother, took it: and he gave him Achsah his daughter to wife.');
INSERT INTO verses VALUES (227,8,14,NULL,'And it came to pass, when she came to him, that she moved him to ask of her father a field: and she lighted from off her ass; and Caleb said unto her, What wilt thou?');
INSERT INTO verses VALUES (228,8,15,NULL,'And she said unto him, Give me a blessing: for thou hast given me a south land; give me also springs of water. And Caleb gave her the upper springs and the nether springs.');
INSERT INTO verses VALUES (229,8,16,NULL,'And the children of the Kenite, Moses '' father in law, went up out of the city of palm trees with the children of Judah into the wilderness of Judah , which lieth in the south of Arad; and they went and dwelt among the people.');
INSERT INTO verses VALUES (230,8,17,NULL,'And Judah went with Simeon his brother, and they slew the Canaanites that inhabited Zephath, and utterly destroyed it. And the name of the city was called Hormah.');
INSERT INTO verses VALUES (231,8,18,NULL,'Also Judah took Gaza with the coast thereof, and Askelon with the coast thereof, and Ekron with the coast thereof.');
INSERT INTO verses VALUES (232,8,19,NULL,'And the LORD was with Judah ; and he drave out the inhabitants of the mountain; but could not drive out the inhabitants of the valley, because they had chariots of iron.');
INSERT INTO verses VALUES (233,8,20,NULL,'And they gave Hebron unto Caleb, as Moses said: and he expelled thence the three sons of Anak.');
INSERT INTO verses VALUES (234,8,21,NULL,'And the children of Benjamin did not drive out the Jebusites that inhabited Jerusalem ; but the Jebusites dwell with the children of Benjamin in Jerusalem unto this day.');
INSERT INTO verses VALUES (235,8,22,NULL,'And the house of Joseph , they also went up against Bethel : and the LORD was with them.');
INSERT INTO verses VALUES (236,8,23,NULL,'And the house of Joseph sent to descry Bethel . (Now the name of the city before was Luz .)');
INSERT INTO verses VALUES (237,8,24,NULL,'And the spies saw a man come forth out of the city, and they said unto him, Shew us, we pray thee, the entrance into the city, and we will shew thee mercy.');
INSERT INTO verses VALUES (238,8,25,NULL,'And when he shewed them the entrance into the city, they smote the city with the edge of the sword; but they let go the man and all his family.');
INSERT INTO verses VALUES (239,8,26,NULL,'And the man went into the land of the Hittites, and built a city, and called the name thereof Luz : which is the name thereof unto this day.');
INSERT INTO verses VALUES (240,8,27,NULL,'Neither did Manasseh drive out the inhabitants of Bethshean and her towns, nor Taanach and her towns, nor the inhabitants of Dor and her towns, nor the inhabitants of Ibleam and her towns, nor the inhabitants of Megiddo and her towns: but the Canaanites would dwell in that land.');
INSERT INTO verses VALUES (241,8,28,NULL,'And it came to pass, when Israel was strong, that they put the Canaanites to tribute, and did not utterly drive them out.');
INSERT INTO verses VALUES (242,8,29,NULL,'Neither did Ephraim drive out the Canaanites that dwelt in Gezer; but the Canaanites dwelt in Gezer among them.');
INSERT INTO verses VALUES (243,8,30,NULL,'Neither did Zebulun drive out the inhabitants of Kitron, nor the inhabitants of Nahalol; but the Canaanites dwelt among them, and became tributaries.');
INSERT INTO verses VALUES (244,8,31,NULL,'Neither did Asher drive out the inhabitants of Accho, nor the inhabitants of Zidon, nor of Ahlab, nor of Achzib, nor of Helbah, nor of Aphik, nor of Rehob:');
INSERT INTO verses VALUES (245,8,32,NULL,'But the Asherites dwelt among the Canaanites, the inhabitants of the land: for they did not drive them out.');
INSERT INTO verses VALUES (246,8,33,NULL,'Neither did Naphtali drive out the inhabitants of Bethshemesh, nor the inhabitants of Bethanath; but he dwelt among the Canaanites, the inhabitants of the land: nevertheless the inhabitants of Bethshemesh and of Bethanath became tributaries unto them.');
INSERT INTO verses VALUES (247,8,34,NULL,'And the Amorites forced the children of Dan into the mountain: for they would not suffer them to come down to the valley:');
INSERT INTO verses VALUES (248,8,35,NULL,'But the Amorites would dwell in mount Heres in Aijalon, and in Shaalbim: yet the hand of the house of Joseph prevailed, so that they became tributaries.');
INSERT INTO verses VALUES (249,8,36,NULL,'And the coast of the Amorites was from the going up to Akrabbim, from the rock, and upward.');
INSERT INTO chapters VALUES (9,8,1,NULL,'http://kjv.wordfree.net/bibles/app/audio/1/8/1.mp3','http://kjv.wordfree.net/bibles/app/audio/1/8/1.mp3');
INSERT INTO verses VALUES (250,9,1,NULL,'span class="verse" id="1">1 </span Now it came to pass in the days when the judges ruled, that there was a famine in the land. And a certain man of Bethlehemjudah went to sojourn in the country of Moab , he, and his wife, and his two sons.');
INSERT INTO verses VALUES (251,9,2,NULL,'And the name of the man was Elimelech, and the name of his wife Naomi, and the name of his two sons Mahlon and Chilion, Ephrathites of Bethlehemjudah. And they came into the country of Moab , and continued there.');
INSERT INTO verses VALUES (252,9,3,NULL,'And Elimelech Naomi''s husband died; and she was left, and her two sons.');
INSERT INTO verses VALUES (253,9,4,NULL,'And they took them wives of the women of Moab ; the name of the one was Orpah, and the name of the other Ruth : and they dwelled there about ten years.');
INSERT INTO verses VALUES (254,9,5,NULL,'And Mahlon and Chilion died also both of them; and the woman was left of her two sons and her husband.');
INSERT INTO verses VALUES (255,9,6,NULL,'Then she arose with her daughters in law, that she might return from the country of Moab : for she had heard in the country of Moab how that the LORD had visited his people in giving them bread.');
INSERT INTO verses VALUES (256,9,7,NULL,'Wherefore she went forth out of the place where she was, and her two daughters in law with her; and they went on the way to return unto the land of Judah .');
INSERT INTO verses VALUES (257,9,8,NULL,'And Naomi said unto her two daughters in law, Go, return each to her mother''s house: the LORD deal kindly with you, as ye have dealt with the dead, and with me.');
INSERT INTO verses VALUES (258,9,9,NULL,'The LORD grant you that ye may find rest, each of you in the house of her husband. Then she kissed them; and they lifted up their voice, and wept.');
INSERT INTO verses VALUES (259,9,10,NULL,'And they said unto her, Surely we will return with thee unto thy people.');
INSERT INTO verses VALUES (260,9,11,NULL,'And Naomi said, Turn again, my daughters: why will ye go with me? are there yet any more sons in my womb, that they may be your husbands?');
INSERT INTO verses VALUES (261,9,12,NULL,'Turn again, my daughters, go your way; for I am too old to have an husband. If I should say, I have hope, if I should have an husband also to night, and should also bear sons;');
INSERT INTO verses VALUES (262,9,13,NULL,'Would ye tarry for them till they were grown? would ye stay for them from having husbands? nay, my daughters; for it grieveth me much for your sakes that the hand of the LORD is gone out against me.');
INSERT INTO verses VALUES (263,9,14,NULL,'And they lifted up their voice, and wept again: and Orpah kissed her mother in law; but Ruth clave unto her.');
INSERT INTO verses VALUES (264,9,15,NULL,'And she said, Behold, thy sister in law is gone back unto her people, and unto her gods: return thou after thy sister in law.');
INSERT INTO verses VALUES (265,9,16,NULL,'And Ruth said, Intreat me not to leave thee, or to return from following after thee: for whither thou goest, I will go; and where thou lodgest, I will lodge: thy people shall be my people, and thy God my God:');
INSERT INTO verses VALUES (266,9,17,NULL,'Where thou diest, will I die, and there will I be buried: the LORD do so to me, and more also, if ought but death part thee and me.');
INSERT INTO verses VALUES (267,9,18,NULL,'When she saw that she was stedfastly minded to go with her, then she left speaking unto her.');
INSERT INTO verses VALUES (268,9,19,NULL,'So they two went until they came to Bethlehem . And it came to pass, when they were come to Bethlehem , that all the city was moved about them, and they said, Is this Naomi?');
INSERT INTO verses VALUES (269,9,20,NULL,'And she said unto them, Call me not Naomi, call me Mara: for the Almighty hath dealt very bitterly with me.');
INSERT INTO verses VALUES (270,9,21,NULL,'I went out full, and the LORD hath brought me home again empty: why then call ye me Naomi, seeing the LORD hath testified against me, and the Almighty hath afflicted me?');
INSERT INTO verses VALUES (271,9,22,NULL,'So Naomi returned, and Ruth the Moabitess, her daughter in law, with her, which returned out of the country of Moab : and they came to Bethlehem in the beginning of barley harvest.');
INSERT INTO chapters VALUES (10,9,1,NULL,'http://kjv.wordfree.net/bibles/app/audio/1/9/1.mp3','http://kjv.wordfree.net/bibles/app/audio/1/9/1.mp3');
INSERT INTO verses VALUES (272,10,1,NULL,'span class="verse" id="1">1 </span Now there was a certain man of Ramathaimzophim, of mount Ephraim , and his name was Elkanah , the son of Jeroham, the son of Elihu, the son of Tohu, the son of Zuph, an Ephrathite:');
INSERT INTO verses VALUES (273,10,2,NULL,'And he had two wives; the name of the one was Hannah, and the name of the other Peninnah: and Peninnah had children, but Hannah had no children.');
INSERT INTO verses VALUES (274,10,3,NULL,'And this man went up out of his city yearly to worship and to sacrifice unto the LORD of hosts in Shiloh. And the two sons of Eli, Hophni and Phinehas , the priests of the LORD, were there.');
INSERT INTO verses VALUES (275,10,4,NULL,'And when the time was that Elkanah offered, he gave to Peninnah his wife, and to all her sons and her daughters, portions:');
INSERT INTO verses VALUES (276,10,5,NULL,'But unto Hannah he gave a worthy portion; for he loved Hannah: but the LORD had shut up her womb.');
INSERT INTO verses VALUES (277,10,6,NULL,'And her adversary also provoked her sore, for to make her fret, because the LORD had shut up her womb.');
INSERT INTO verses VALUES (278,10,7,NULL,'And as he did so year by year, when she went up to the house of the LORD, so she provoked her; therefore she wept, and did not eat.');
INSERT INTO verses VALUES (279,10,8,NULL,'Then said Elkanah her husband to her, Hannah, why weepest thou? and why eatest thou not? and why is thy heart grieved? am not I better to thee than ten sons?');
INSERT INTO verses VALUES (280,10,9,NULL,'So Hannah rose up after they had eaten in Shiloh, and after they had drunk. Now Eli the priest sat upon a seat by a post of the temple of the LORD.');
INSERT INTO verses VALUES (281,10,10,NULL,'And she was in bitterness of soul, and prayed unto the LORD, and wept sore.');
INSERT INTO verses VALUES (282,10,11,NULL,'And she vowed a vow, and said, O LORD of hosts, if thou wilt indeed look on the affliction of thine handmaid, and remember me, and not forget thine handmaid, but wilt give unto thine handmaid a man child, then I will give him unto the LORD all the days of his life, and there shall no razor come upon his head.');
INSERT INTO verses VALUES (283,10,12,NULL,'And it came to pass, as she continued praying before the LORD, that Eli marked her mouth.');
INSERT INTO verses VALUES (284,10,13,NULL,'Now Hannah, she spake in her heart; only her lips moved, but her voice was not heard: therefore Eli thought she had been drunken.');
INSERT INTO verses VALUES (285,10,14,NULL,'And Eli said unto her, How long wilt thou be drunken? put away thy wine from thee.');
INSERT INTO verses VALUES (286,10,15,NULL,'And Hannah answered and said, No, my lord, I am a woman of a sorrowful spirit: I have drunk neither wine nor strong drink, but have poured out my soul before the LORD.');
INSERT INTO verses VALUES (287,10,16,NULL,'Count not thine handmaid for a daughter of Belial: for out of the abundance of my complaint and grief have I spoken hitherto.');
INSERT INTO verses VALUES (288,10,17,NULL,'Then Eli answered and said, Go in peace: and the God of Israel grant thee thy petition that thou hast asked of him.');
INSERT INTO verses VALUES (289,10,18,NULL,'And she said, Let thine handmaid find grace in thy sight. So the woman went her way, and did eat, and her countenance was no more sad.');
INSERT INTO verses VALUES (290,10,19,NULL,'And they rose up in the morning early, and worshipped before the LORD, and returned, and came to their house to Ramah: and Elkanah knew Hannah his wife; and the LORD remembered her.');
INSERT INTO verses VALUES (291,10,20,NULL,'Wherefore it came to pass, when the time was come about after Hannah had conceived, that she bare a son, and called his name Samuel , saying, Because I have asked him of the LORD.');
INSERT INTO verses VALUES (292,10,21,NULL,'And the man Elkanah , and all his house, went up to offer unto the LORD the yearly sacrifice, and his vow.');
INSERT INTO verses VALUES (293,10,22,NULL,'But Hannah went not up; for she said unto her husband, I will not go up until the child be weaned, and then I will bring him, that he may appear before the LORD, and there abide for ever.');
INSERT INTO verses VALUES (294,10,23,NULL,'And Elkanah her husband said unto her, Do what seemeth thee good; tarry until thou have weaned him; only the LORD establish his word. So the woman abode, and gave her son suck until she weaned him.');
INSERT INTO verses VALUES (295,10,24,NULL,'And when she had weaned him, she took him up with her, with three bullocks, and one ephah of flour, and a bottle of wine, and brought him unto the house of the LORD in Shiloh: and the child was young.');
INSERT INTO verses VALUES (296,10,25,NULL,'And they slew a bullock, and brought the child to Eli.');
INSERT INTO verses VALUES (297,10,26,NULL,'And she said, Oh my lord, as thy soul liveth, my lord, I am the woman that stood by thee here, praying unto the LORD.');
INSERT INTO verses VALUES (298,10,27,NULL,'For this child I prayed; and the LORD hath given me my petition which I asked of him:');
INSERT INTO verses VALUES (299,10,28,NULL,'Therefore also I have lent him to the LORD; as long as he liveth he shall be lent to the LORD. And he worshipped the LORD there.');
INSERT INTO chapters VALUES (11,10,1,NULL,'http://kjv.wordfree.net/bibles/app/audio/1/10/1.mp3','http://kjv.wordfree.net/bibles/app/audio/1/10/1.mp3');
INSERT INTO verses VALUES (300,11,1,NULL,'span class="verse" id="1">1 </span Now it came to pass after the death of Saul , when David was returned from the slaughter of the Amalekites, and David had abode two days in Ziklag;');
INSERT INTO verses VALUES (301,11,2,NULL,'It came even to pass on the third day, that, behold, a man came out of the camp from Saul with his clothes rent, and earth upon his head: and so it was, when he came to David , that he fell to the earth, and did obeisance.');
INSERT INTO verses VALUES (302,11,3,NULL,'And David said unto him, From whence comest thou? And he said unto him, Out of the camp of Israel am I escaped.');
INSERT INTO verses VALUES (303,11,4,NULL,'And David said unto him, How went the matter? I pray thee, tell me. And he answered, That the people are fled from the battle, and many of the people also are fallen and dead; and Saul and Jonathan his son are dead also.');
INSERT INTO verses VALUES (304,11,5,NULL,'And David said unto the young man that told him, How knowest thou that Saul and Jonathan his son be dead?');
INSERT INTO verses VALUES (305,11,6,NULL,'And the young man that told him said, As I happened by chance upon mount Gilboa, behold, Saul leaned upon his spear; and, lo, the chariots and horsemen followed hard after him.');
INSERT INTO verses VALUES (306,11,7,NULL,'And when he looked behind him, he saw me, and called unto me. And I answered, Here am I.');
INSERT INTO verses VALUES (307,11,8,NULL,'And he said unto me, Who art thou? And I answered him, I am an Amalekite.');
INSERT INTO verses VALUES (308,11,9,NULL,'He said unto me again, Stand, I pray thee, upon me, and slay me: for anguish is come upon me, because my life is yet whole in me.');
INSERT INTO verses VALUES (309,11,10,NULL,'So I stood upon him, and slew him, because I was sure that he could not live after that he was fallen: and I took the crown that was upon his head, and the bracelet that was on his arm, and have brought them hither unto my lord.');
INSERT INTO verses VALUES (310,11,11,NULL,'Then David took hold on his clothes, and rent them; and likewise all the men that were with him:');
INSERT INTO verses VALUES (311,11,12,NULL,'And they mourned, and wept, and fasted until even, for Saul , and for Jonathan his son, and for the people of the LORD, and for the house of Israel ; because they were fallen by the sword.');
INSERT INTO verses VALUES (312,11,13,NULL,'And David said unto the young man that told him, Whence art thou? And he answered, I am the son of a stranger, an Amalekite.');
INSERT INTO verses VALUES (313,11,14,NULL,'And David said unto him, How wast thou not afraid to stretch forth thine hand to destroy the LORD''s anointed?');
INSERT INTO verses VALUES (314,11,15,NULL,'And David called one of the young men, and said, Go near, and fall upon him. And he smote him that he died.');
INSERT INTO verses VALUES (315,11,16,NULL,'And David said unto him, Thy blood be upon thy head; for thy mouth hath testified against thee, saying, I have slain the LORD''s anointed.');
INSERT INTO verses VALUES (316,11,17,NULL,'And David lamented with this lamentation over Saul and over Jonathan his son:');
INSERT INTO verses VALUES (317,11,18,NULL,'(Also he bade them teach the children of Judah the use of the bow: behold, it is written in the book of Jasher.)');
INSERT INTO verses VALUES (318,11,19,NULL,'The beauty of Israel is slain upon thy high places: how are the mighty fallen!');
INSERT INTO verses VALUES (319,11,20,NULL,'Tell it not in Gath, publish it not in the streets of Askelon; lest the daughters of the Philistines rejoice, lest the daughters of the uncircumcised triumph.');
INSERT INTO verses VALUES (320,11,21,NULL,'Ye mountains of Gilboa, let there be no dew, neither let there be rain, upon you, nor fields of offerings: for there the shield of the mighty is vilely cast away, the shield of Saul , as though he had not been anointed with oil.');
INSERT INTO verses VALUES (321,11,22,NULL,'From the blood of the slain, from the fat of the mighty, the bow of Jonathan turned not back, and the sword of Saul returned not empty.');
INSERT INTO verses VALUES (322,11,23,NULL,'Saul and Jonathan were lovely and pleasant in their lives, and in their death they were not divided: they were swifter than eagles, they were stronger than lions.');
INSERT INTO verses VALUES (323,11,24,NULL,'Ye daughters of Israel , weep over Saul , who clothed you in scarlet, with other delights, who put on ornaments of gold upon your apparel.');
INSERT INTO verses VALUES (324,11,25,NULL,'How are the mighty fallen in the midst of the battle! O Jonathan, thou wast slain in thine high places.');
INSERT INTO verses VALUES (325,11,26,NULL,'I am distressed for thee, my brother Jonathan: very pleasant hast thou been unto me: thy love to me was wonderful, passing the love of women.');
INSERT INTO verses VALUES (326,11,27,NULL,'How are the mighty fallen, and the weapons of war perished!');
INSERT INTO chapters VALUES (12,11,1,NULL,'http://kjv.wordfree.net/bibles/app/audio/1/11/1.mp3','http://kjv.wordfree.net/bibles/app/audio/1/11/1.mp3');
INSERT INTO verses VALUES (327,12,1,NULL,'span class="verse" id="1">1 </span Now king David was old and stricken in years; and they covered him with clothes, but he gat no heat.');
INSERT INTO verses VALUES (328,12,2,NULL,'Wherefore his servants said unto him, Let there be sought for my lord the king a young virgin: and let her stand before the king, and let her cherish him, and let her lie in thy bosom, that my lord the king may get heat.');
INSERT INTO verses VALUES (329,12,3,NULL,'So they sought for a fair damsel throughout all the coasts of Israel , and found Abishag a Shunammite, and brought her to the king.');
INSERT INTO verses VALUES (330,12,4,NULL,'And the damsel was very fair, and cherished the king, and ministered to him: but the king knew her not.');
INSERT INTO verses VALUES (331,12,5,NULL,'Then Adonijah the son of Haggith exalted himself, saying, I will be king: and he prepared him chariots and horsemen, and fifty men to run before him.');
INSERT INTO verses VALUES (332,12,6,NULL,'And his father had not displeased him at any time in saying, Why hast thou done so? and he also was a very goodly man; and his mother bare him after Absalom.');
INSERT INTO verses VALUES (333,12,7,NULL,'And he conferred with Joab the son of Zeruiah, and with Abiathar the priest: and they following Adonijah helped him.');
INSERT INTO verses VALUES (334,12,8,NULL,'But Zadok the priest, and Benaiah the son of Jehoiada, and Nathan the prophet, and Shimei, and Rei, and the mighty men which belonged to David , were not with Adonijah.');
INSERT INTO verses VALUES (335,12,9,NULL,'And Adonijah slew sheep and oxen and fat cattle by the stone of Zoheleth, which is by Enrogel, and called all his brethren the king''s sons, and all the men of Judah the king''s servants:');
INSERT INTO verses VALUES (336,12,10,NULL,'But Nathan the prophet, and Benaiah, and the mighty men, and Solomon his brother, he called not.');
INSERT INTO verses VALUES (337,12,11,NULL,'Wherefore Nathan spake unto Bathsheba the mother of Solomon , saying, Hast thou not heard that Adonijah the son of Haggith doth reign, and David our lord knoweth it not?');
INSERT INTO verses VALUES (338,12,12,NULL,'Now therefore come, let me, I pray thee, give thee counsel, that thou mayest save thine own life, and the life of thy son Solomon .');
INSERT INTO verses VALUES (339,12,13,NULL,'Go and get thee in unto king David , and say unto him, Didst not thou, my lord, O king, swear unto thine handmaid, saying, Assuredly Solomon thy son shall reign after me, and he shall sit upon my throne? why then doth Adonijah reign?');
INSERT INTO verses VALUES (340,12,14,NULL,'Behold, while thou yet talkest there with the king, I also will come in after thee, and confirm thy words.');
INSERT INTO verses VALUES (341,12,15,NULL,'And Bathsheba went in unto the king into the chamber: and the king was very old; and Abishag the Shunammite ministered unto the king.');
INSERT INTO verses VALUES (342,12,16,NULL,'And Bathsheba bowed, and did obeisance unto the king. And the king said, What wouldest thou?');
INSERT INTO verses VALUES (343,12,17,NULL,'And she said unto him, My lord, thou swarest by the LORD thy God unto thine handmaid, saying, Assuredly Solomon thy son shall reign after me, and he shall sit upon my throne.');
INSERT INTO verses VALUES (344,12,18,NULL,'And now, behold, Adonijah reigneth; and now, my lord the king, thou knowest it not:');
INSERT INTO verses VALUES (345,12,19,NULL,'And he hath slain oxen and fat cattle and sheep in abundance, and hath called all the sons of the king, and Abiathar the priest, and Joab the captain of the host: but Solomon thy servant hath he not called.');
INSERT INTO verses VALUES (346,12,20,NULL,'And thou, my lord, O king, the eyes of all Israel are upon thee, that thou shouldest tell them who shall sit on the throne of my lord the king after him.');
INSERT INTO verses VALUES (347,12,21,NULL,'Otherwise it shall come to pass, when my lord the king shall sleep with his fathers, that I and my son Solomon shall be counted offenders.');
INSERT INTO verses VALUES (348,12,22,NULL,'And, lo, while she yet talked with the king, Nathan the prophet also came in.');
INSERT INTO verses VALUES (349,12,23,NULL,'And they told the king, saying, Behold Nathan the prophet. And when he was come in before the king, he bowed himself before the king with his face to the ground.');
INSERT INTO verses VALUES (350,12,24,NULL,'And Nathan said, My lord, O king, hast thou said, Adonijah shall reign after me, and he shall sit upon my throne?');
INSERT INTO verses VALUES (351,12,25,NULL,'For he is gone down this day, and hath slain oxen and fat cattle and sheep in abundance, and hath called all the king''s sons, and the captains of the host, and Abiathar the priest; and, behold, they eat and drink before him, and say, God save king Adonijah.');
INSERT INTO verses VALUES (352,12,26,NULL,'But me, even me thy servant, and Zadok the priest, and Benaiah the son of Jehoiada, and thy servant Solomon , hath he not called.');
INSERT INTO verses VALUES (353,12,27,NULL,'Is this thing done by my lord the king, and thou hast not shewed it unto thy servant, who should sit on the throne of my lord the king after him?');
INSERT INTO verses VALUES (354,12,28,NULL,'Then king David answered and said, Call me Bathsheba. And she came into the king''s presence, and stood before the king.');
INSERT INTO verses VALUES (355,12,29,NULL,'And the king sware, and said, As the LORD liveth, that hath redeemed my soul out of all distress,');
INSERT INTO verses VALUES (356,12,30,NULL,'Even as I sware unto thee by the LORD God of Israel , saying, Assuredly Solomon thy son shall reign after me, and he shall sit upon my throne in my stead; even so will I certainly do this day.');
INSERT INTO verses VALUES (357,12,31,NULL,'Then Bathsheba bowed with her face to the earth, and did reverence to the king, and said, Let my lord king David live for ever.');
INSERT INTO verses VALUES (358,12,32,NULL,'And king David said, Call me Zadok the priest, and Nathan the prophet, and Benaiah the son of Jehoiada. And they came before the king.');
INSERT INTO verses VALUES (359,12,33,NULL,'The king also said unto them, Take with you the servants of your lord, and cause Solomon my son to ride upon mine own mule, and bring him down to Gihon :');
INSERT INTO verses VALUES (360,12,34,NULL,'And let Zadok the priest and Nathan the prophet anoint him there king over Israel : and blow ye with the trumpet, and say, God save king Solomon .');
INSERT INTO verses VALUES (361,12,35,NULL,'Then ye shall come up after him, that he may come and sit upon my throne; for he shall be king in my stead: and I have appointed him to be ruler over Israel and over Judah .');
INSERT INTO verses VALUES (362,12,36,NULL,'And Benaiah the son of Jehoiada answered the king, and said, Amen: the LORD God of my lord the king say so too.');
INSERT INTO verses VALUES (363,12,37,NULL,'As the LORD hath been with my lord the king, even so be he with Solomon , and make his throne greater than the throne of my lord king David .');
INSERT INTO verses VALUES (364,12,38,NULL,'So Zadok the priest, and Nathan the prophet, and Benaiah the son of Jehoiada, and the Cherethites, and the Pelethites, went down, and caused Solomon to ride upon king David ''s mule, and brought him to Gihon .');
INSERT INTO verses VALUES (365,12,39,NULL,'And Zadok the priest took an horn of oil out of the tabernacle, and anointed Solomon . And they blew the trumpet; and all the people said, God save king Solomon .');
INSERT INTO verses VALUES (366,12,40,NULL,'And all the people came up after him, and the people piped with pipes, and rejoiced with great joy, so that the earth rent with the sound of them.');
INSERT INTO verses VALUES (367,12,41,NULL,'And Adonijah and all the guests that were with him heard it as they had made an end of eating. And when Joab heard the sound of the trumpet, he said, Wherefore is this noise of the city being in an uproar?');
INSERT INTO verses VALUES (368,12,42,NULL,'And while he yet spake, behold, Jonathan the son of Abiathar the priest came; and Adonijah said unto him, Come in; for thou art a valiant man, and bringest good tidings.');
INSERT INTO verses VALUES (369,12,43,NULL,'And Jonathan answered and said to Adonijah, Verily our lord king David hath made Solomon king.');
INSERT INTO verses VALUES (370,12,44,NULL,'And the king hath sent with him Zadok the priest, and Nathan the prophet, and Benaiah the son of Jehoiada, and the Cherethites, and the Pelethites, and they have caused him to ride upon the king''s mule:');
INSERT INTO verses VALUES (371,12,45,NULL,'And Zadok the priest and Nathan the prophet have anointed him king in Gihon : and they are come up from thence rejoicing, so that the city rang again. This is the noise that ye have heard.');
INSERT INTO verses VALUES (372,12,46,NULL,'And also Solomon sitteth on the throne of the kingdom.');
INSERT INTO verses VALUES (373,12,47,NULL,'And moreover the king''s servants came to bless our lord king David , saying, God make the name of Solomon better than thy name, and make his throne greater than thy throne. And the king bowed himself upon the bed.');
INSERT INTO verses VALUES (374,12,48,NULL,'And also thus said the king, Blessed be the LORD God of Israel , which hath given one to sit on my throne this day, mine eyes even seeing it.');
INSERT INTO verses VALUES (375,12,49,NULL,'And all the guests that were with Adonijah were afraid, and rose up, and went every man his way.');
INSERT INTO verses VALUES (376,12,50,NULL,'And Adonijah feared because of Solomon , and arose, and went, and caught hold on the horns of the altar.');
INSERT INTO verses VALUES (377,12,51,NULL,'And it was told Solomon , saying, Behold, Adonijah feareth king Solomon : for, lo, he hath caught hold on the horns of the altar, saying, Let king Solomon swear unto me to day that he will not slay his servant with the sword.');
INSERT INTO verses VALUES (378,12,52,NULL,'And Solomon said, If he will shew himself a worthy man, there shall not an hair of him fall to the earth: but if wickedness shall be found in him, he shall die.');
INSERT INTO verses VALUES (379,12,53,NULL,'So king Solomon sent, and they brought him down from the altar. And he came and bowed himself to king Solomon : and Solomon said unto him, Go to thine house.');
INSERT INTO chapters VALUES (13,12,1,NULL,'http://kjv.wordfree.net/bibles/app/audio/1/12/1.mp3','http://kjv.wordfree.net/bibles/app/audio/1/12/1.mp3');
INSERT INTO verses VALUES (380,13,1,NULL,'span class="verse" id="1">1 </span Then Moab rebelled against Israel after the death of Ahab.');
INSERT INTO verses VALUES (381,13,2,NULL,'And Ahaziah fell down through a lattice in his upper chamber that was in Samaria , and was sick: and he sent messengers, and said unto them, Go, enquire of Baalzebub the god of Ekron whether I shall recover of this disease.');
INSERT INTO verses VALUES (382,13,3,NULL,'But the angel of the LORD said to Elijah the Tishbite, Arise, go up to meet the messengers of the king of Samaria , and say unto them, Is it not because there is not a God in Israel , that ye go to enquire of Baalzebub the god of Ekron?');
INSERT INTO verses VALUES (383,13,4,NULL,'Now therefore thus saith the LORD, Thou shalt not come down from that bed on which thou art gone up, but shalt surely die. And Elijah departed.');
INSERT INTO verses VALUES (384,13,5,NULL,'And when the messengers turned back unto him, he said unto them, Why are ye now turned back?');
INSERT INTO verses VALUES (385,13,6,NULL,'And they said unto him, There came a man up to meet us, and said unto us, Go, turn again unto the king that sent you, and say unto him, Thus saith the LORD, Is it not because there is not a God in Israel , that thou sendest to enquire of Baalzebub the god of Ekron? therefore thou shalt not come down from that bed on which thou art gone up, but shalt surely die.');
INSERT INTO verses VALUES (386,13,7,NULL,'And he said unto them, What manner of man was he which came up to meet you, and told you these words?');
INSERT INTO verses VALUES (387,13,8,NULL,'And they answered him, He was an hairy man, and girt with a girdle of leather about his loins. And he said, It is Elijah the Tishbite.');
INSERT INTO verses VALUES (388,13,9,NULL,'Then the king sent unto him a captain of fifty with his fifty. And he went up to him: and, behold, he sat on the top of an hill. And he spake unto him, Thou man of God, the king hath said, Come down.');
INSERT INTO verses VALUES (389,13,10,NULL,'And Elijah answered and said to the captain of fifty, If I be a man of God, then let fire come down from heaven, and consume thee and thy fifty. And there came down fire from heaven, and consumed him and his fifty.');
INSERT INTO verses VALUES (390,13,11,NULL,'Again also he sent unto him another captain of fifty with his fifty. And he answered and said unto him, O man of God, thus hath the king said, Come down quickly.');
INSERT INTO verses VALUES (391,13,12,NULL,'And Elijah answered and said unto them, If I be a man of God, let fire come down from heaven, and consume thee and thy fifty. And the fire of God came down from heaven, and consumed him and his fifty.');
INSERT INTO verses VALUES (392,13,13,NULL,'And he sent again a captain of the third fifty with his fifty. And the third captain of fifty went up, and came and fell on his knees before Elijah , and besought him, and said unto him, O man of God, I pray thee, let my life, and the life of these fifty thy servants, be precious in thy sight.');
INSERT INTO verses VALUES (393,13,14,NULL,'Behold, there came fire down from heaven, and burnt up the two captains of the former fifties with their fifties: therefore let my life now be precious in thy sight.');
INSERT INTO verses VALUES (394,13,15,NULL,'And the angel of the LORD said unto Elijah , Go down with him: be not afraid of him. And he arose, and went down with him unto the king.');
INSERT INTO verses VALUES (395,13,16,NULL,'And he said unto him, Thus saith the LORD, Forasmuch as thou hast sent messengers to enquire of Baalzebub the god of Ekron, is it not because there is no God in Israel to enquire of his word? therefore thou shalt not come down off that bed on which thou art gone up, but shalt surely die.');
INSERT INTO verses VALUES (396,13,17,NULL,'So he died according to the word of the LORD which Elijah had spoken. And Jehoram reigned in his stead in the second year of Jehoram the son of Jehoshaphat king of Judah ; because he had no son.');
INSERT INTO verses VALUES (397,13,18,NULL,'Now the rest of the acts of Ahaziah which he did, are they not written in the book of the chronicles of the kings of Israel ?');
INSERT INTO chapters VALUES (14,13,1,NULL,'http://kjv.wordfree.net/bibles/app/audio/1/13/1.mp3','http://kjv.wordfree.net/bibles/app/audio/1/13/1.mp3');
INSERT INTO verses VALUES (398,14,1,NULL,'span class="verse" id="1">1 </span Adam , Sheth, Enosh ,');
INSERT INTO verses VALUES (399,14,2,NULL,'Kenan, Mahalaleel , Jered,');
INSERT INTO verses VALUES (400,14,3,NULL,'Henoch, Methuselah , Lamech ,');
INSERT INTO verses VALUES (401,14,4,NULL,'Noah , Shem , Ham , and Japheth .');
INSERT INTO verses VALUES (402,14,5,NULL,'The sons of Japheth ; Gomer , and Magog , and Madai , and Javan , and Tubal , and Meshech , and Tiras .');
INSERT INTO verses VALUES (403,14,6,NULL,'And the sons of Gomer ; Ashchenaz, and Riphath , and Togarmah .');
INSERT INTO verses VALUES (404,14,7,NULL,'And the sons of Javan ; Elishah , and Tarshish , Kittim , and Dodanim .');
INSERT INTO verses VALUES (405,14,8,NULL,'The sons of Ham ; Cush, and Mizraim , Put, and Canaan .');
INSERT INTO verses VALUES (406,14,9,NULL,'And the sons of Cush; Seba , and Havilah , and Sabta, and Raamah, and Sabtecha. And the sons of Raamah; Sheba , and Dedan .');
INSERT INTO verses VALUES (407,14,10,NULL,'And Cush begat Nimrod : he began to be mighty upon the earth.');
INSERT INTO verses VALUES (408,14,11,NULL,'And Mizraim begat Ludim, and Anamim, and Lehabim, and Naphtuhim,');
INSERT INTO verses VALUES (409,14,12,NULL,'And Pathrusim, and Casluhim, (of whom came the Philistines,) and Caphthorim.');
INSERT INTO verses VALUES (410,14,13,NULL,'And Canaan begat Zidon his firstborn, and Heth ,');
INSERT INTO verses VALUES (411,14,14,NULL,'The Jebusite also, and the Amorite, and the Girgashite,');
INSERT INTO verses VALUES (412,14,15,NULL,'And the Hivite, and the Arkite, and the Sinite,');
INSERT INTO verses VALUES (413,14,16,NULL,'And the Arvadite, and the Zemarite, and the Hamathite.');
INSERT INTO verses VALUES (414,14,17,NULL,'The sons of Shem ; Elam , and Asshur , and Arphaxad , and Lud , and Aram , and Uz , and Hul , and Gether , and Meshech .');
INSERT INTO verses VALUES (415,14,18,NULL,'And Arphaxad begat Shelah , and Shelah begat Eber .');
INSERT INTO verses VALUES (416,14,19,NULL,'And unto Eber were born two sons: the name of the one was Peleg ; because in his days the earth was divided: and his brother''s name was Joktan .');
INSERT INTO verses VALUES (417,14,20,NULL,'And Joktan begat Almodad , and Sheleph , and Hazarmaveth , and Jerah ,');
INSERT INTO verses VALUES (418,14,21,NULL,'Hadoram also, and Uzal , and Diklah ,');
INSERT INTO verses VALUES (419,14,22,NULL,'And Ebal , and Abimael , and Sheba ,');
INSERT INTO verses VALUES (420,14,23,NULL,'And Ophir , and Havilah , and Jobab . All these were the sons of Joktan .');
INSERT INTO verses VALUES (421,14,24,NULL,'Shem , Arphaxad , Shelah ,');
INSERT INTO verses VALUES (422,14,25,NULL,'Eber , Peleg , Reu ,');
INSERT INTO verses VALUES (423,14,26,NULL,'Serug , Nahor , Terah ,');
INSERT INTO verses VALUES (424,14,27,NULL,'Abram ; the same is Abraham .');
INSERT INTO verses VALUES (425,14,28,NULL,'The sons of Abraham ; Isaac , and Ishmael .');
INSERT INTO verses VALUES (426,14,29,NULL,'These are their generations: The firstborn of Ishmael , Nebaioth; then Kedar , and Adbeel , and Mibsam ,');
INSERT INTO verses VALUES (427,14,30,NULL,'Mishma , and Dumah , Massa , Hadad , and Tema ,');
INSERT INTO verses VALUES (428,14,31,NULL,'Jetur, Naphish , and Kedemah . These are the sons of Ishmael .');
INSERT INTO verses VALUES (429,14,32,NULL,'Now the sons of Keturah , Abraham ''s concubine: she bare Zimran , and Jokshan , and Medan , and Midian , and Ishbak , and Shuah . And the sons of Jokshan ; Sheba , and Dedan .');
INSERT INTO verses VALUES (430,14,33,NULL,'And the sons of Midian ; Ephah , and Epher , and Henoch, and Abida, and Eldaah . All these are the sons of Keturah .');
INSERT INTO verses VALUES (431,14,34,NULL,'And Abraham begat Isaac . The sons of Isaac ; Esau and Israel .');
INSERT INTO verses VALUES (432,14,35,NULL,'The sons of Esau ; Eliphaz , Reuel , and Jeush , and Jaalam , and Korah .');
INSERT INTO verses VALUES (433,14,36,NULL,'The sons of Eliphaz ; Teman , and Omar , Zephi, and Gatam , Kenaz , and Timna , and Amalek .');
INSERT INTO verses VALUES (434,14,37,NULL,'The sons of Reuel ; Nahath , Zerah , Shammah , and Mizzah .');
INSERT INTO verses VALUES (435,14,38,NULL,'And the sons of Seir ; Lotan , and Shobal , and Zibeon , and Anah , and Dishon , and Ezer, and Dishan .');
INSERT INTO verses VALUES (436,14,39,NULL,'And the sons of Lotan ; Hori , and Homam: and Timna was Lotan ''s sister.');
INSERT INTO verses VALUES (437,14,40,NULL,'The sons of Shobal ; Alian, and Manahath , and Ebal , Shephi, and Onam . And the sons of Zibeon ; Aiah, and Anah .');
INSERT INTO verses VALUES (438,14,41,NULL,'The sons of Anah ; Dishon . And the sons of Dishon ; Amram , and Eshban , and Ithran , and Cheran .');
INSERT INTO verses VALUES (439,14,42,NULL,'The sons of Ezer ; Bilhan , and Zavan, and Jakan. The sons of Dishan ; Uz , and Aran.');
INSERT INTO verses VALUES (440,14,43,NULL,'Now these are the kings that reigned in the land of Edom before any king reigned over the children of Israel ; Bela the son of Beor : and the name of his city was Dinhabah .');
INSERT INTO verses VALUES (441,14,44,NULL,'And when Bela was dead, Jobab the son of Zerah of Bozrah reigned in his stead.');
INSERT INTO verses VALUES (442,14,45,NULL,'And when Jobab was dead, Husham of the land of the Temanites reigned in his stead.');
INSERT INTO verses VALUES (443,14,46,NULL,'And when Husham was dead, Hadad the son of Bedad , which smote Midian in the field of Moab , reigned in his stead: and the name of his city was Avith .');
INSERT INTO verses VALUES (444,14,47,NULL,'And when Hadad was dead, Samlah of Masrekah reigned in his stead.');
INSERT INTO verses VALUES (445,14,48,NULL,'And when Samlah was dead, Shaul of Rehoboth by the river reigned in his stead.');
INSERT INTO verses VALUES (446,14,49,NULL,'And when Shaul was dead, Baalhanan the son of Achbor reigned in his stead.');
INSERT INTO verses VALUES (447,14,50,NULL,'And when Baalhanan was dead, Hadad reigned in his stead: and the name of his city was Pai; and his wife''s name was Mehetabel , the daughter of Matred , the daughter of Mezahab .');
INSERT INTO verses VALUES (448,14,51,NULL,'Hadad died also. And the dukes of Edom were; duke Timnah , duke Aliah, duke Jetheth ,');
INSERT INTO verses VALUES (449,14,52,NULL,'Duke Aholibamah , duke Elah , duke Pinon ,');
INSERT INTO verses VALUES (450,14,53,NULL,'Duke Kenaz , duke Teman , duke Mibzar ,');
INSERT INTO verses VALUES (451,14,54,NULL,'Duke Magdiel , duke Iram . These are the dukes of Edom .');
INSERT INTO chapters VALUES (15,14,1,NULL,'http://kjv.wordfree.net/bibles/app/audio/1/14/1.mp3','http://kjv.wordfree.net/bibles/app/audio/1/14/1.mp3');
INSERT INTO verses VALUES (452,15,1,NULL,'span class="verse" id="1">1 </span And Solomon the son of David was strengthened in his kingdom, and the LORD his God was with him, and magnified him exceedingly.');
INSERT INTO verses VALUES (453,15,2,NULL,'Then Solomon spake unto all Israel , to the captains of thousands and of hundreds, and to the judges, and to every governor in all Israel , the chief of the fathers.');
INSERT INTO verses VALUES (454,15,3,NULL,'So Solomon , and all the congregation with him, went to the high place that was at Gibeon; for there was the tabernacle of the congregation of God, which Moses the servant of the LORD had made in the wilderness.');
INSERT INTO verses VALUES (455,15,4,NULL,'But the ark of God had David brought up from Kirjathjearim to the place which David had prepared for it: for he had pitched a tent for it at Jerusalem .');
INSERT INTO verses VALUES (456,15,5,NULL,'Moreover the brasen altar, that Bezaleel the son of Uri , the son of Hur , had made, he put before the tabernacle of the LORD: and Solomon and the congregation sought unto it.');
INSERT INTO verses VALUES (457,15,6,NULL,'And Solomon went up thither to the brasen altar before the LORD, which was at the tabernacle of the congregation, and offered a thousand burnt offerings upon it.');
INSERT INTO verses VALUES (458,15,7,NULL,'In that night did God appear unto Solomon , and said unto him, Ask what I shall give thee.');
INSERT INTO verses VALUES (459,15,8,NULL,'And Solomon said unto God, Thou hast shewed great mercy unto David my father, and hast made me to reign in his stead.');
INSERT INTO verses VALUES (460,15,9,NULL,'Now, O LORD God, let thy promise unto David my father be established: for thou hast made me king over a people like the dust of the earth in multitude.');
INSERT INTO verses VALUES (461,15,10,NULL,'Give me now wisdom and knowledge, that I may go out and come in before this people: for who can judge this thy people, that is so great?');
INSERT INTO verses VALUES (462,15,11,NULL,'And God said to Solomon , Because this was in thine heart, and thou hast not asked riches, wealth, or honour, nor the life of thine enemies, neither yet hast asked long life; but hast asked wisdom and knowledge for thyself, that thou mayest judge my people, over whom I have made thee king:');
INSERT INTO verses VALUES (463,15,12,NULL,'Wisdom and knowledge is granted unto thee; and I will give thee riches, and wealth, and honour, such as none of the kings have had that have been before thee, neither shall there any after thee have the like.');
INSERT INTO verses VALUES (464,15,13,NULL,'Then Solomon came from his journey to the high place that was at Gibeon to Jerusalem , from before the tabernacle of the congregation, and reigned over Israel .');
INSERT INTO verses VALUES (465,15,14,NULL,'And Solomon gathered chariots and horsemen: and he had a thousand and four hundred chariots, and twelve thousand horsemen, which he placed in the chariot cities, and with the king at Jerusalem .');
INSERT INTO verses VALUES (466,15,15,NULL,'And the king made silver and gold at Jerusalem as plenteous as stones, and cedar trees made he as the sycomore trees that are in the vale for abundance.');
INSERT INTO verses VALUES (467,15,16,NULL,'And Solomon had horses brought out of Egypt , and linen yarn: the king''s merchants received the linen yarn at a price.');
INSERT INTO verses VALUES (468,15,17,NULL,'And they fetched up, and brought forth out of Egypt a chariot for six hundred shekels of silver, and an horse for an hundred and fifty: and so brought they out horses for all the kings of the Hittites, and for the kings of Syria , by their means.');
INSERT INTO chapters VALUES (16,15,1,NULL,'http://kjv.wordfree.net/bibles/app/audio/1/15/1.mp3','http://kjv.wordfree.net/bibles/app/audio/1/15/1.mp3');
INSERT INTO verses VALUES (469,16,1,NULL,'span class="verse" id="1">1 </span Now in the first year of Cyrus king of Persia, that the word of the LORD by the mouth of Jeremiah might be fulfilled, the LORD stirred up the spirit of Cyrus king of Persia, that he made a proclamation throughout all his kingdom, and put it also in writing, saying,');
INSERT INTO verses VALUES (470,16,2,NULL,'Thus saith Cyrus king of Persia, The LORD God of heaven hath given me all the kingdoms of the earth; and he hath charged me to build him an house at Jerusalem , which is in Judah .');
INSERT INTO verses VALUES (471,16,3,NULL,'Who is there among you of all his people? his God be with him, and let him go up to Jerusalem , which is in Judah , and build the house of the LORD God of Israel , (he is the God,) which is in Jerusalem .');
INSERT INTO verses VALUES (472,16,4,NULL,'And whosoever remaineth in any place where he sojourneth, let the men of his place help him with silver, and with gold, and with goods, and with beasts, beside the freewill offering for the house of God that is in Jerusalem .');
INSERT INTO verses VALUES (473,16,5,NULL,'Then rose up the chief of the fathers of Judah and Benjamin , and the priests, and the Levites, with all them whose spirit God had raised, to go up to build the house of the LORD which is in Jerusalem .');
INSERT INTO verses VALUES (474,16,6,NULL,'And all they that were about them strengthened their hands with vessels of silver, with gold, with goods, and with beasts, and with precious things, beside all that was willingly offered.');
INSERT INTO verses VALUES (475,16,7,NULL,'Also Cyrus the king brought forth the vessels of the house of the LORD, which Nebuchadnezzar had brought forth out of Jerusalem , and had put them in the house of his gods;');
INSERT INTO verses VALUES (476,16,8,NULL,'Even those did Cyrus king of Persia bring forth by the hand of Mithredath the treasurer, and numbered them unto Sheshbazzar, the prince of Judah .');
INSERT INTO verses VALUES (477,16,9,NULL,'And this is the number of them: thirty chargers of gold, a thousand chargers of silver, nine and twenty knives,');
INSERT INTO verses VALUES (478,16,10,NULL,'Thirty basons of gold, silver basons of a second sort four hundred and ten, and other vessels a thousand.');
INSERT INTO verses VALUES (479,16,11,NULL,'All the vessels of gold and of silver were five thousand and four hundred. All these did Sheshbazzar bring up with them of the captivity that were brought up from Babylon unto Jerusalem .');
INSERT INTO chapters VALUES (17,16,1,NULL,'http://kjv.wordfree.net/bibles/app/audio/1/16/1.mp3','http://kjv.wordfree.net/bibles/app/audio/1/16/1.mp3');
INSERT INTO verses VALUES (480,17,1,NULL,'span class="verse" id="1">1 </span The words of Nehemiah the son of Hachaliah. And it came to pass in the month Chisleu, in the twentieth year, as I was in Shushan the palace,');
INSERT INTO verses VALUES (481,17,2,NULL,'That Hanani, one of my brethren, came, he and certain men of Judah ; and I asked them concerning the Jews that had escaped, which were left of the captivity, and concerning Jerusalem .');
INSERT INTO verses VALUES (482,17,3,NULL,'And they said unto me, The remnant that are left of the captivity there in the province are in great affliction and reproach: the wall of Jerusalem also is broken down, and the gates thereof are burned with fire.');
INSERT INTO verses VALUES (483,17,4,NULL,'And it came to pass, when I heard these words, that I sat down and wept, and mourned certain days, and fasted, and prayed before the God of heaven,');
INSERT INTO verses VALUES (484,17,5,NULL,'And said, I beseech thee, O LORD God of heaven, the great and terrible God, that keepeth covenant and mercy for them that love him and observe his commandments:');
INSERT INTO verses VALUES (485,17,6,NULL,'Let thine ear now be attentive, and thine eyes open, that thou mayest hear the prayer of thy servant, which I pray before thee now, day and night, for the children of Israel thy servants, and confess the sins of the children of Israel , which we have sinned against thee: both I and my father''s house have sinned.');
INSERT INTO verses VALUES (486,17,7,NULL,'We have dealt very corruptly against thee, and have not kept the commandments, nor the statutes, nor the judgments, which thou commandedst thy servant Moses .');
INSERT INTO verses VALUES (487,17,8,NULL,'Remember, I beseech thee, the word that thou commandedst thy servant Moses , saying, If ye transgress, I will scatter you abroad among the nations:');
INSERT INTO verses VALUES (488,17,9,NULL,'But if ye turn unto me, and keep my commandments, and do them; though there were of you cast out unto the uttermost part of the heaven, yet will I gather them from thence, and will bring them unto the place that I have chosen to set my name there.');
INSERT INTO verses VALUES (489,17,10,NULL,'Now these are thy servants and thy people, whom thou hast redeemed by thy great power, and by thy strong hand.');
INSERT INTO verses VALUES (490,17,11,NULL,'O LORD, I beseech thee, let now thine ear be attentive to the prayer of thy servant, and to the prayer of thy servants, who desire to fear thy name: and prosper, I pray thee, thy servant this day, and grant him mercy in the sight of this man. For I was the king''s cupbearer.');
INSERT INTO chapters VALUES (18,17,1,NULL,'http://kjv.wordfree.net/bibles/app/audio/1/17/1.mp3','http://kjv.wordfree.net/bibles/app/audio/1/17/1.mp3');
INSERT INTO verses VALUES (491,18,1,NULL,'span class="verse" id="1">1 </span Now it came to pass in the days of Ahasuerus, (this is Ahasuerus which reigned, from India even unto Ethiopia , over an hundred and seven and twenty provinces:)');
INSERT INTO verses VALUES (492,18,2,NULL,'That in those days, when the king Ahasuerus sat on the throne of his kingdom, which was in Shushan the palace,');
INSERT INTO verses VALUES (493,18,3,NULL,'In the third year of his reign, he made a feast unto all his princes and his servants; the power of Persia and Media, the nobles and princes of the provinces, being before him:');
INSERT INTO verses VALUES (494,18,4,NULL,'When he shewed the riches of his glorious kingdom and the honour of his excellent majesty many days, even an hundred and fourscore days.');
INSERT INTO verses VALUES (495,18,5,NULL,'And when these days were expired, the king made a feast unto all the people that were present in Shushan the palace, both unto great and small, seven days, in the court of the garden of the king''s palace;');
INSERT INTO verses VALUES (496,18,6,NULL,'Where were white, green, and blue, hangings, fastened with cords of fine linen and purple to silver rings and pillars of marble: the beds were of gold and silver, upon a pavement of red, and blue, and white, and black, marble.');
INSERT INTO verses VALUES (497,18,7,NULL,'And they gave them drink in vessels of gold, (the vessels being diverse one from another,) and royal wine in abundance, according to the state of the king.');
INSERT INTO verses VALUES (498,18,8,NULL,'And the drinking was according to the law; none did compel: for so the king had appointed to all the officers of his house, that they should do according to every man''s pleasure.');
INSERT INTO verses VALUES (499,18,9,NULL,'Also Vashti the queen made a feast for the women in the royal house which belonged to king Ahasuerus.');
INSERT INTO verses VALUES (500,18,10,NULL,'On the seventh day, when the heart of the king was merry with wine, he commanded Mehuman, Biztha, Harbona, Bigtha, and Abagtha, Zethar, and Carcas, the seven chamberlains that served in the presence of Ahasuerus the king,');
INSERT INTO verses VALUES (501,18,11,NULL,'To bring Vashti the queen before the king with the crown royal, to shew the people and the princes her beauty: for she was fair to look on.');
INSERT INTO verses VALUES (502,18,12,NULL,'But the queen Vashti refused to come at the king''s commandment by his chamberlains: therefore was the king very wroth, and his anger burned in him.');
INSERT INTO verses VALUES (503,18,13,NULL,'Then the king said to the wise men, which knew the times, (for so was the king''s manner toward all that knew law and judgment:');
INSERT INTO verses VALUES (504,18,14,NULL,'And the next unto him was Carshena, Shethar, Admatha, Tarshish , Meres, Marsena, and Memucan, the seven princes of Persia and Media, which saw the king''s face, and which sat the first in the kingdom;)');
INSERT INTO verses VALUES (505,18,15,NULL,'What shall we do unto the queen Vashti according to law, because she hath not performed the commandment of the king Ahasuerus by the chamberlains?');
INSERT INTO verses VALUES (506,18,16,NULL,'And Memucan answered before the king and the princes, Vashti the queen hath not done wrong to the king only, but also to all the princes, and to all the people that are in all the provinces of the king Ahasuerus.');
INSERT INTO verses VALUES (507,18,17,NULL,'For this deed of the queen shall come abroad unto all women, so that they shall despise their husbands in their eyes, when it shall be reported, The king Ahasuerus commanded Vashti the queen to be brought in before him, but she came not.');
INSERT INTO verses VALUES (508,18,18,NULL,'Likewise shall the ladies of Persia and Media say this day unto all the king''s princes, which have heard of the deed of the queen. Thus shall there arise too much contempt and wrath.');
INSERT INTO verses VALUES (509,18,19,NULL,'If it please the king, let there go a royal commandment from him, and let it be written among the laws of the Persians and the Medes, that it be not altered, That Vashti come no more before king Ahasuerus; and let the king give her royal estate unto another that is better than she.');
INSERT INTO verses VALUES (510,18,20,NULL,'And when the king''s decree which he shall make shall be published throughout all his empire, (for it is great,) all the wives shall give to their husbands honour, both to great and small.');
INSERT INTO verses VALUES (511,18,21,NULL,'And the saying pleased the king and the princes; and the king did according to the word of Memucan:');
INSERT INTO verses VALUES (512,18,22,NULL,'For he sent letters into all the king''s provinces, into every province according to the writing thereof, and to every people after their language, that every man should bear rule in his own house, and that it should be published according to the language of every people.');
INSERT INTO chapters VALUES (19,18,1,NULL,'http://kjv.wordfree.net/bibles/app/audio/1/18/1.mp3','http://kjv.wordfree.net/bibles/app/audio/1/18/1.mp3');
INSERT INTO verses VALUES (513,19,1,NULL,'span class="verse" id="1">1 </span There was a man in the land of Uz , whose name was Job ; and that man was perfect and upright, and one that feared God, and eschewed evil.');
INSERT INTO verses VALUES (514,19,2,NULL,'And there were born unto him seven sons and three daughters.');
INSERT INTO verses VALUES (515,19,3,NULL,'His substance also was seven thousand sheep, and three thousand camels, and five hundred yoke of oxen, and five hundred she asses, and a very great household; so that this man was the greatest of all the men of the east.');
INSERT INTO verses VALUES (516,19,4,NULL,'And his sons went and feasted in their houses, every one his day; and sent and called for their three sisters to eat and to drink with them.');
INSERT INTO verses VALUES (517,19,5,NULL,'And it was so, when the days of their feasting were gone about, that Job sent and sanctified them, and rose up early in the morning, and offered burnt offerings according to the number of them all: for Job said, It may be that my sons have sinned, and cursed God in their hearts. Thus did Job continually.');
INSERT INTO verses VALUES (518,19,6,NULL,'Now there was a day when the sons of God came to present themselves before the LORD, and Satan came also among them.');
INSERT INTO verses VALUES (519,19,7,NULL,'And the LORD said unto Satan , Whence comest thou? Then Satan answered the LORD, and said, From going to and fro in the earth, and from walking up and down in it.');
INSERT INTO verses VALUES (520,19,8,NULL,'And the LORD said unto Satan , Hast thou considered my servant Job , that there is none like him in the earth, a perfect and an upright man, one that feareth God, and escheweth evil?');
INSERT INTO verses VALUES (521,19,9,NULL,'Then Satan answered the LORD, and said, Doth Job fear God for nought?');
INSERT INTO verses VALUES (522,19,10,NULL,'Hast not thou made an hedge about him, and about his house, and about all that he hath on every side? thou hast blessed the work of his hands, and his substance is increased in the land.');
INSERT INTO verses VALUES (523,19,11,NULL,'But put forth thine hand now, and touch all that he hath, and he will curse thee to thy face.');
INSERT INTO verses VALUES (524,19,12,NULL,'And the LORD said unto Satan , Behold, all that he hath is in thy power; only upon himself put not forth thine hand. So Satan went forth from the presence of the LORD.');
INSERT INTO verses VALUES (525,19,13,NULL,'And there was a day when his sons and his daughters were eating and drinking wine in their eldest brother''s house:');
INSERT INTO verses VALUES (526,19,14,NULL,'And there came a messenger unto Job , and said, The oxen were plowing, and the asses feeding beside them:');
INSERT INTO verses VALUES (527,19,15,NULL,'And the Sabeans fell upon them, and took them away; yea, they have slain the servants with the edge of the sword; and I only am escaped alone to tell thee.');
INSERT INTO verses VALUES (528,19,16,NULL,'While he was yet speaking, there came also another, and said, The fire of God is fallen from heaven, and hath burned up the sheep, and the servants, and consumed them; and I only am escaped alone to tell thee.');
INSERT INTO verses VALUES (529,19,17,NULL,'While he was yet speaking, there came also another, and said, The Chaldeans made out three bands, and fell upon the camels, and have carried them away, yea, and slain the servants with the edge of the sword; and I only am escaped alone to tell thee.');
INSERT INTO verses VALUES (530,19,18,NULL,'While he was yet speaking, there came also another, and said, Thy sons and thy daughters were eating and drinking wine in their eldest brother''s house:');
INSERT INTO verses VALUES (531,19,19,NULL,'And, behold, there came a great wind from the wilderness, and smote the four corners of the house, and it fell upon the young men, and they are dead; and I only am escaped alone to tell thee.');
INSERT INTO verses VALUES (532,19,20,NULL,'Then Job arose, and rent his mantle, and shaved his head, and fell down upon the ground, and worshipped,');
INSERT INTO verses VALUES (533,19,21,NULL,'And said, Naked came I out of my mother''s womb, and naked shall I return thither: the LORD gave, and the LORD hath taken away; blessed be the name of the LORD.');
INSERT INTO verses VALUES (534,19,22,NULL,'In all this Job sinned not, nor charged God foolishly.');
INSERT INTO chapters VALUES (20,19,1,NULL,'http://kjv.wordfree.net/bibles/app/audio/1/19/1.mp3','http://kjv.wordfree.net/bibles/app/audio/1/19/1.mp3');
INSERT INTO verses VALUES (535,20,1,NULL,'span class="verse" id="1">1 </span Blessed is the man that walketh not in the counsel of the ungodly, nor standeth in the way of sinners, nor sitteth in the seat of the scornful.');
INSERT INTO verses VALUES (536,20,2,NULL,'But his delight is in the law of the LORD; and in his law doth he meditate day and night.');
INSERT INTO verses VALUES (537,20,3,NULL,'And he shall be like a tree planted by the rivers of water, that bringeth forth his fruit in his season; his leaf also shall not wither; and whatsoever he doeth shall prosper.');
INSERT INTO verses VALUES (538,20,4,NULL,'The ungodly are not so: but are like the chaff which the wind driveth away.');
INSERT INTO verses VALUES (539,20,5,NULL,'Therefore the ungodly shall not stand in the judgment, nor sinners in the congregation of the righteous.');
INSERT INTO verses VALUES (540,20,6,NULL,'For the LORD knoweth the way of the righteous: but the way of the ungodly shall perish.');
INSERT INTO chapters VALUES (21,19,34,NULL,'http://kjv.wordfree.net/bibles/app/audio/1/19/34.mp3','http://kjv.wordfree.net/bibles/app/audio/1/19/34.mp3');
INSERT INTO verses VALUES (541,21,1,NULL,'span class="verse" id="1">1 </span I will bless the LORD at all times: his praise shall continually be in my mouth.');
INSERT INTO verses VALUES (542,21,2,NULL,'My soul shall make her boast in the LORD: the humble shall hear thereof, and be glad.');
INSERT INTO verses VALUES (543,21,3,NULL,'O magnify the LORD with me, and let us exalt his name together.');
INSERT INTO verses VALUES (544,21,4,NULL,'I sought the LORD, and he heard me, and delivered me from all my fears.');
INSERT INTO verses VALUES (545,21,5,NULL,'They looked unto him, and were lightened: and their faces were not ashamed.');
INSERT INTO verses VALUES (546,21,6,NULL,'This poor man cried, and the LORD heard him, and saved him out of all his troubles.');
INSERT INTO verses VALUES (547,21,7,NULL,'The angel of the LORD encampeth round about them that fear him, and delivereth them.');
INSERT INTO verses VALUES (548,21,8,NULL,'O taste and see that the LORD is good: blessed is the man that trusteth in him.');
INSERT INTO verses VALUES (549,21,9,NULL,'O fear the LORD, ye his saints: for there is no want to them that fear him.');
INSERT INTO verses VALUES (550,21,10,NULL,'The young lions do lack, and suffer hunger: but they that seek the LORD shall not want any good thing.');
INSERT INTO verses VALUES (551,21,11,NULL,'Come, ye children, hearken unto me: I will teach you the fear of the LORD.');
INSERT INTO verses VALUES (552,21,12,NULL,'What man is he that desireth life, and loveth many days, that he may see good?');
INSERT INTO verses VALUES (553,21,13,NULL,'Keep thy tongue from evil, and thy lips from speaking guile.');
INSERT INTO verses VALUES (554,21,14,NULL,'Depart from evil, and do good; seek peace, and pursue it.');
INSERT INTO verses VALUES (555,21,15,NULL,'The eyes of the LORD are upon the righteous, and his ears are open unto their cry.');
INSERT INTO verses VALUES (556,21,16,NULL,'The face of the LORD is against them that do evil, to cut off the remembrance of them from the earth.');
INSERT INTO verses VALUES (557,21,17,NULL,'The righteous cry, and the LORD heareth, and delivereth them out of all their troubles.');
INSERT INTO verses VALUES (558,21,18,NULL,'The LORD is nigh unto them that are of a broken heart; and saveth such as be of a contrite spirit.');
INSERT INTO verses VALUES (559,21,19,NULL,'Many are the afflictions of the righteous: but the LORD delivereth him out of them all.');
INSERT INTO verses VALUES (560,21,20,NULL,'He keepeth all his bones: not one of them is broken.');
INSERT INTO verses VALUES (561,21,21,NULL,'Evil shall slay the wicked: and they that hate the righteous shall be desolate.');
INSERT INTO verses VALUES (562,21,22,NULL,'The LORD redeemeth the soul of his servants: and none of them that trust in him shall be desolate.');
INSERT INTO chapters VALUES (22,19,40,NULL,'http://kjv.wordfree.net/bibles/app/audio/1/19/40.mp3','http://kjv.wordfree.net/bibles/app/audio/1/19/40.mp3');
INSERT INTO verses VALUES (563,22,1,NULL,'span class="verse" id="1">1 </span I waited patiently for the LORD; and he inclined unto me, and heard my cry.');
INSERT INTO verses VALUES (564,22,2,NULL,'He brought me up also out of an horrible pit, out of the miry clay, and set my feet upon a rock, and established my goings.');
INSERT INTO verses VALUES (565,22,3,NULL,'And he hath put a new song in my mouth, even praise unto our God: many shall see it, and fear, and shall trust in the LORD.');
INSERT INTO verses VALUES (566,22,4,NULL,'Blessed is that man that maketh the LORD his trust, and respecteth not the proud, nor such as turn aside to lies.');
INSERT INTO verses VALUES (567,22,5,NULL,'Many, O LORD my God, are thy wonderful works which thou hast done, and thy thoughts which are to us-ward: they cannot be reckoned up in order unto thee: if I would declare and speak of them, they are more than can be numbered.');
INSERT INTO verses VALUES (568,22,6,NULL,'Sacrifice and offering thou didst not desire; mine ears hast thou opened: burnt offering and sin offering hast thou not required.');
INSERT INTO verses VALUES (569,22,7,NULL,'Then said I, Lo, I come: in the volume of the book it is written of me,');
INSERT INTO verses VALUES (570,22,8,NULL,'I delight to do thy will, O my God: yea, thy law is within my heart.');
INSERT INTO verses VALUES (571,22,9,NULL,'I have preached righteousness in the great congregation: lo, I have not refrained my lips, O LORD, thou knowest.');
INSERT INTO verses VALUES (572,22,10,NULL,'I have not hid thy righteousness within my heart; I have declared thy faithfulness and thy salvation: I have not concealed thy lovingkindness and thy truth from the great congregation.');
INSERT INTO verses VALUES (573,22,11,NULL,'Withhold not thou thy tender mercies from me, O LORD: let thy lovingkindness and thy truth continually preserve me.');
INSERT INTO verses VALUES (574,22,12,NULL,'For innumerable evils have compassed me about: mine iniquities have taken hold upon me, so that I am not able to look up; they are more than the hairs of mine head: therefore my heart faileth me.');
INSERT INTO verses VALUES (575,22,13,NULL,'Be pleased, O LORD, to deliver me: O LORD, make haste to help me.');
INSERT INTO verses VALUES (576,22,14,NULL,'Let them be ashamed and confounded together that seek after my soul to destroy it; let them be driven backward and put to shame that wish me evil.');
INSERT INTO verses VALUES (577,22,15,NULL,'Let them be desolate for a reward of their shame that say unto me, Aha, aha.');
INSERT INTO verses VALUES (578,22,16,NULL,'Let all those that seek thee rejoice and be glad in thee: let such as love thy salvation say continually, The LORD be magnified.');
INSERT INTO verses VALUES (579,22,17,NULL,'But I am poor and needy; yet the Lord thinketh upon me: thou art my help and my deliverer; make no tarrying, O my God.');
INSERT INTO chapters VALUES (23,19,89,NULL,'http://kjv.wordfree.net/bibles/app/audio/1/19/89.mp3','http://kjv.wordfree.net/bibles/app/audio/1/19/89.mp3');
INSERT INTO verses VALUES (580,23,1,NULL,'span class="verse" id="1">1 </span I will sing of the mercies of the LORD for ever: with my mouth will I make known thy faithfulness to all generations.');
INSERT INTO verses VALUES (581,23,2,NULL,'For I have said, Mercy shall be built up for ever: thy faithfulness shalt thou establish in the very heavens.');
INSERT INTO verses VALUES (582,23,3,NULL,'I have made a covenant with my chosen, I have sworn unto David my servant,');
INSERT INTO verses VALUES (583,23,4,NULL,'Thy seed will I establish for ever, and build up thy throne to all generations. Selah.');
INSERT INTO verses VALUES (584,23,5,NULL,'And the heavens shall praise thy wonders, O LORD: thy faithfulness also in the congregation of the saints.');
INSERT INTO verses VALUES (585,23,6,NULL,'For who in the heaven can be compared unto the LORD? who among the sons of the mighty can be likened unto the LORD?');
INSERT INTO verses VALUES (586,23,7,NULL,'God is greatly to be feared in the assembly of the saints, and to be had in reverence of all them that are about him.');
INSERT INTO verses VALUES (587,23,8,NULL,'O LORD God of hosts, who is a strong LORD like unto thee? or to thy faithfulness round about thee?');
INSERT INTO verses VALUES (588,23,9,NULL,'Thou rulest the raging of the sea: when the waves thereof arise, thou stillest them.');
INSERT INTO verses VALUES (589,23,10,NULL,'Thou hast broken Rahab in pieces, as one that is slain; thou hast scattered thine enemies with thy strong arm.');
INSERT INTO verses VALUES (590,23,11,NULL,'The heavens are thine, the earth also is thine: as for the world and the fulness thereof, thou hast founded them.');
INSERT INTO verses VALUES (591,23,12,NULL,'The north and the south thou hast created them: Tabor and Hermon shall rejoice in thy name.');
INSERT INTO verses VALUES (592,23,13,NULL,'Thou hast a mighty arm: strong is thy hand, and high is thy right hand.');
INSERT INTO verses VALUES (593,23,14,NULL,'Justice and judgment are the habitation of thy throne: mercy and truth shall go before thy face.');
INSERT INTO verses VALUES (594,23,15,NULL,'Blessed is the people that know the joyful sound: they shall walk, O LORD, in the light of thy countenance.');
INSERT INTO verses VALUES (595,23,16,NULL,'In thy name shall they rejoice all the day: and in thy righteousness shall they be exalted.');
INSERT INTO verses VALUES (596,23,17,NULL,'For thou art the glory of their strength: and in thy favour our horn shall be exalted.');
INSERT INTO verses VALUES (597,23,18,NULL,'For the LORD is our defence; and the Holy One of Israel is our king.');
INSERT INTO verses VALUES (598,23,19,NULL,'Then thou spakest in vision to thy holy one, and saidst, I have laid help upon one that is mighty; I have exalted one chosen out of the people.');
INSERT INTO verses VALUES (599,23,20,NULL,'I have found David my servant; with my holy oil have I anointed him:');
INSERT INTO verses VALUES (600,23,21,NULL,'With whom my hand shall be established: mine arm also shall strengthen him.');
INSERT INTO verses VALUES (601,23,22,NULL,'The enemy shall not exact upon him; nor the son of wickedness afflict him.');
INSERT INTO verses VALUES (602,23,23,NULL,'And I will beat down his foes before his face, and plague them that hate him.');
INSERT INTO verses VALUES (603,23,24,NULL,'But my faithfulness and my mercy shall be with him: and in my name shall his horn be exalted.');
INSERT INTO verses VALUES (604,23,25,NULL,'I will set his hand also in the sea, and his right hand in the rivers.');
INSERT INTO verses VALUES (605,23,26,NULL,'He shall cry unto me, Thou art my father, my God, and the rock of my salvation.');
INSERT INTO verses VALUES (606,23,27,NULL,'Also I will make him my firstborn, higher than the kings of the earth.');
INSERT INTO verses VALUES (607,23,28,NULL,'My mercy will I keep for him for evermore, and my covenant shall stand fast with him.');
INSERT INTO verses VALUES (608,23,29,NULL,'His seed also will I make to endure for ever, and his throne as the days of heaven.');
INSERT INTO verses VALUES (609,23,30,NULL,'If his children forsake my law, and walk not in my judgments;');
INSERT INTO verses VALUES (610,23,31,NULL,'If they break my statutes, and keep not my commandments;');
INSERT INTO verses VALUES (611,23,32,NULL,'Then will I visit their transgression with the rod, and their iniquity with stripes.');
INSERT INTO verses VALUES (612,23,33,NULL,'Nevertheless my lovingkindness will I not utterly take from him, nor suffer my faithfulness to fail.');
INSERT INTO verses VALUES (613,23,34,NULL,'My covenant will I not break, nor alter the thing that is gone out of my lips.');
INSERT INTO verses VALUES (614,23,35,NULL,'Once have I sworn by my holiness that I will not lie unto David .');
INSERT INTO verses VALUES (615,23,36,NULL,'His seed shall endure for ever, and his throne as the sun before me.');
INSERT INTO verses VALUES (616,23,37,NULL,'It shall be established for ever as the moon, and as a faithful witness in heaven. Selah.');
INSERT INTO verses VALUES (617,23,38,NULL,'But thou hast cast off and abhorred, thou hast been wroth with thine anointed.');
INSERT INTO verses VALUES (618,23,39,NULL,'Thou hast made void the covenant of thy servant: thou hast profaned his crown by casting it to the ground.');
INSERT INTO verses VALUES (619,23,40,NULL,'Thou hast broken down all his hedges; thou hast brought his strong holds to ruin.');
INSERT INTO verses VALUES (620,23,41,NULL,'All that pass by the way spoil him: he is a reproach to his neighbours.');
INSERT INTO verses VALUES (621,23,42,NULL,'Thou hast set up the right hand of his adversaries; thou hast made all his enemies to rejoice.');
INSERT INTO verses VALUES (622,23,43,NULL,'Thou hast also turned the edge of his sword, and hast not made him to stand in the battle.');
INSERT INTO verses VALUES (623,23,44,NULL,'Thou hast made his glory to cease, and cast his throne down to the ground.');
INSERT INTO verses VALUES (624,23,45,NULL,'The days of his youth hast thou shortened: thou hast covered him with shame. Selah.');
INSERT INTO verses VALUES (625,23,46,NULL,'How long, LORD? wilt thou hide thyself for ever? shall thy wrath burn like fire?');
INSERT INTO verses VALUES (626,23,47,NULL,'Remember how short my time is: wherefore hast thou made all men in vain?');
INSERT INTO verses VALUES (627,23,48,NULL,'What man is he that liveth, and shall not see death? shall he deliver his soul from the hand of the grave? Selah.');
INSERT INTO verses VALUES (628,23,49,NULL,'Lord, where are thy former lovingkindnesses, which thou swarest unto David in thy truth?');
INSERT INTO verses VALUES (629,23,50,NULL,'Remember, Lord, the reproach of thy servants; how I do bear in my bosom the reproach of all the mighty people;');
INSERT INTO verses VALUES (630,23,51,NULL,'Wherewith thine enemies have reproached, O LORD; wherewith they have reproached the footsteps of thine anointed.');
INSERT INTO verses VALUES (631,23,52,NULL,'Blessed be the LORD for evermore. Amen, and Amen.');
INSERT INTO chapters VALUES (24,19,119,NULL,'http://kjv.wordfree.net/bibles/app/audio/1/19/119.mp3','http://kjv.wordfree.net/bibles/app/audio/1/19/119.mp3');
INSERT INTO verses VALUES (632,24,1,NULL,'span class="verse" id="1">1 </span Blessed are the undefiled in the way, who walk in the law of the LORD.');
INSERT INTO verses VALUES (633,24,2,NULL,'Blessed are they that keep his testimonies, and that seek him with the whole heart.');
INSERT INTO verses VALUES (634,24,3,NULL,'They also do no iniquity: they walk in his ways.');
INSERT INTO verses VALUES (635,24,4,NULL,'Thou hast commanded us to keep thy precepts diligently.');
INSERT INTO verses VALUES (636,24,5,NULL,'O that my ways were directed to keep thy statutes!');
INSERT INTO verses VALUES (637,24,6,NULL,'Then shall I not be ashamed, when I have respect unto all thy commandments.');
INSERT INTO verses VALUES (638,24,7,NULL,'I will praise thee with uprightness of heart, when I shall have learned thy righteous judgments.');
INSERT INTO verses VALUES (639,24,8,NULL,'I will keep thy statutes: O forsake me not utterly.');
INSERT INTO verses VALUES (640,24,9,NULL,'Wherewithal shall a young man cleanse his way? by taking heed thereto according to thy word.');
INSERT INTO verses VALUES (641,24,10,NULL,'With my whole heart have I sought thee: O let me not wander from thy commandments.');
INSERT INTO verses VALUES (642,24,11,NULL,'Thy word have I hid in mine heart, that I might not sin against thee.');
INSERT INTO verses VALUES (643,24,12,NULL,'Blessed art thou, O LORD: teach me thy statutes.');
INSERT INTO verses VALUES (644,24,13,NULL,'With my lips have I declared all the judgments of thy mouth.');
INSERT INTO verses VALUES (645,24,14,NULL,'I have rejoiced in the way of thy testimonies, as much as in all riches.');
INSERT INTO verses VALUES (646,24,15,NULL,'I will meditate in thy precepts, and have respect unto thy ways.');
INSERT INTO verses VALUES (647,24,16,NULL,'I will delight myself in thy statutes: I will not forget thy word.');
INSERT INTO verses VALUES (648,24,17,NULL,'Deal bountifully with thy servant, that I may live, and keep thy word.');
INSERT INTO verses VALUES (649,24,18,NULL,'Open thou mine eyes, that I may behold wondrous things out of thy law.');
INSERT INTO verses VALUES (650,24,19,NULL,'I am a stranger in the earth: hide not thy commandments from me.');
INSERT INTO verses VALUES (651,24,20,NULL,'My soul breaketh for the longing that it hath unto thy judgments at all times.');
INSERT INTO verses VALUES (652,24,21,NULL,'Thou hast rebuked the proud that are cursed, which do err from thy commandments.');
INSERT INTO verses VALUES (653,24,22,NULL,'Remove from me reproach and contempt; for I have kept thy testimonies.');
INSERT INTO verses VALUES (654,24,23,NULL,'Princes also did sit and speak against me: but thy servant did meditate in thy statutes.');
INSERT INTO verses VALUES (655,24,24,NULL,'Thy testimonies also are my delight and my counsellors.');
INSERT INTO verses VALUES (656,24,25,NULL,'My soul cleaveth unto the dust: quicken thou me according to thy word.');
INSERT INTO verses VALUES (657,24,26,NULL,'I have declared my ways, and thou heardest me: teach me thy statutes.');
INSERT INTO verses VALUES (658,24,27,NULL,'Make me to understand the way of thy precepts: so shall I talk of thy wondrous works.');
INSERT INTO verses VALUES (659,24,28,NULL,'My soul melteth for heaviness: strengthen thou me according unto thy word.');
INSERT INTO verses VALUES (660,24,29,NULL,'Remove from me the way of lying: and grant me thy law graciously.');
INSERT INTO verses VALUES (661,24,30,NULL,'I have chosen the way of truth: thy judgments have I laid before me.');
INSERT INTO verses VALUES (662,24,31,NULL,'I have stuck unto thy testimonies: O LORD, put me not to shame.');
INSERT INTO verses VALUES (663,24,32,NULL,'I will run the way of thy commandments, when thou shalt enlarge my heart.');
INSERT INTO verses VALUES (664,24,33,NULL,'Teach me, O LORD, the way of thy statutes; and I shall keep it unto the end.');
INSERT INTO verses VALUES (665,24,34,NULL,'Give me understanding, and I shall keep thy law; yea, I shall observe it with my whole heart.');
INSERT INTO verses VALUES (666,24,35,NULL,'Make me to go in the path of thy commandments; for therein do I delight.');
INSERT INTO verses VALUES (667,24,36,NULL,'Incline my heart unto thy testimonies, and not to covetousness.');
INSERT INTO verses VALUES (668,24,37,NULL,'Turn away mine eyes from beholding vanity; and quicken thou me in thy way.');
INSERT INTO verses VALUES (669,24,38,NULL,'Stablish thy word unto thy servant, who is devoted to thy fear.');
INSERT INTO verses VALUES (670,24,39,NULL,'Turn away my reproach which I fear: for thy judgments are good.');
INSERT INTO verses VALUES (671,24,40,NULL,'Behold, I have longed after thy precepts: quicken me in thy righteousness.');
INSERT INTO verses VALUES (672,24,41,NULL,'Let thy mercies come also unto me, O LORD, even thy salvation, according to thy word.');
INSERT INTO verses VALUES (673,24,42,NULL,'So shall I have wherewith to answer him that reproacheth me: for I trust in thy word.');
INSERT INTO verses VALUES (674,24,43,NULL,'And take not the word of truth utterly out of my mouth; for I have hoped in thy judgments.');
INSERT INTO verses VALUES (675,24,44,NULL,'So shall I keep thy law continually for ever and ever.');
INSERT INTO verses VALUES (676,24,45,NULL,'And I will walk at liberty: for I seek thy precepts.');
INSERT INTO verses VALUES (677,24,46,NULL,'I will speak of thy testimonies also before kings, and will not be ashamed.');
INSERT INTO verses VALUES (678,24,47,NULL,'And I will delight myself in thy commandments, which I have loved.');
INSERT INTO verses VALUES (679,24,48,NULL,'My hands also will I lift up unto thy commandments, which I have loved; and I will meditate in thy statutes.');
INSERT INTO verses VALUES (680,24,49,NULL,'Remember the word unto thy servant, upon which thou hast caused me to hope.');
INSERT INTO verses VALUES (681,24,50,NULL,'This is my comfort in my affliction: for thy word hath quickened me.');
INSERT INTO verses VALUES (682,24,51,NULL,'The proud have had me greatly in derision: yet have I not declined from thy law.');
INSERT INTO verses VALUES (683,24,52,NULL,'I remembered thy judgments of old, O LORD; and have comforted myself.');
INSERT INTO verses VALUES (684,24,53,NULL,'Horror hath taken hold upon me because of the wicked that forsake thy law.');
INSERT INTO verses VALUES (685,24,54,NULL,'Thy statutes have been my songs in the house of my pilgrimage.');
INSERT INTO verses VALUES (686,24,55,NULL,'I have remembered thy name, O LORD, in the night, and have kept thy law.');
INSERT INTO verses VALUES (687,24,56,NULL,'This I had, because I kept thy precepts.');
INSERT INTO verses VALUES (688,24,57,NULL,'Thou art my portion, O LORD: I have said that I would keep thy words.');
INSERT INTO verses VALUES (689,24,58,NULL,'I intreated thy favour with my whole heart: be merciful unto me according to thy word.');
INSERT INTO verses VALUES (690,24,59,NULL,'I thought on my ways, and turned my feet unto thy testimonies.');
INSERT INTO verses VALUES (691,24,60,NULL,'I made haste, and delayed not to keep thy commandments.');
INSERT INTO verses VALUES (692,24,61,NULL,'The bands of the wicked have robbed me: but I have not forgotten thy law.');
INSERT INTO verses VALUES (693,24,62,NULL,'At midnight I will rise to give thanks unto thee because of thy righteous judgments.');
INSERT INTO verses VALUES (694,24,63,NULL,'I am a companion of all them that fear thee, and of them that keep thy precepts.');
INSERT INTO verses VALUES (695,24,64,NULL,'The earth, O LORD, is full of thy mercy: teach me thy statutes.');
INSERT INTO verses VALUES (696,24,65,NULL,'Thou hast dealt well with thy servant, O LORD, according unto thy word.');
INSERT INTO verses VALUES (697,24,66,NULL,'Teach me good judgment and knowledge: for I have believed thy commandments.');
INSERT INTO verses VALUES (698,24,67,NULL,'Before I was afflicted I went astray: but now have I kept thy word.');
INSERT INTO verses VALUES (699,24,68,NULL,'Thou art good, and doest good; teach me thy statutes.');
INSERT INTO verses VALUES (700,24,69,NULL,'The proud have forged a lie against me: but I will keep thy precepts with my whole heart.');
INSERT INTO verses VALUES (701,24,70,NULL,'Their heart is as fat as grease; but I delight in thy law.');
INSERT INTO verses VALUES (702,24,71,NULL,'It is good for me that I have been afflicted; that I might learn thy statutes.');
INSERT INTO verses VALUES (703,24,72,NULL,'The law of thy mouth is better unto me than thousands of gold and silver.');
INSERT INTO verses VALUES (704,24,73,NULL,'Thy hands have made me and fashioned me: give me understanding, that I may learn thy commandments.');
INSERT INTO verses VALUES (705,24,74,NULL,'They that fear thee will be glad when they see me; because I have hoped in thy word.');
INSERT INTO verses VALUES (706,24,75,NULL,'I know, O LORD, that thy judgments are right, and that thou in faithfulness hast afflicted me.');
INSERT INTO verses VALUES (707,24,76,NULL,'Let, I pray thee, thy merciful kindness be for my comfort, according to thy word unto thy servant.');
INSERT INTO verses VALUES (708,24,77,NULL,'Let thy tender mercies come unto me, that I may live: for thy law is my delight.');
INSERT INTO verses VALUES (709,24,78,NULL,'Let the proud be ashamed; for they dealt perversely with me without a cause: but I will meditate in thy precepts.');
INSERT INTO verses VALUES (710,24,79,NULL,'Let those that fear thee turn unto me, and those that have known thy testimonies.');
INSERT INTO verses VALUES (711,24,80,NULL,'Let my heart be sound in thy statutes; that I be not ashamed.');
INSERT INTO verses VALUES (712,24,81,NULL,'My soul fainteth for thy salvation: but I hope in thy word.');
INSERT INTO verses VALUES (713,24,82,NULL,'Mine eyes fail for thy word, saying, When wilt thou comfort me?');
INSERT INTO verses VALUES (714,24,83,NULL,'For I am become like a bottle in the smoke; yet do I not forget thy statutes.');
INSERT INTO verses VALUES (715,24,84,NULL,'How many are the days of thy servant? when wilt thou execute judgment on them that persecute me?');
INSERT INTO verses VALUES (716,24,85,NULL,'The proud have digged pits for me, which are not after thy law.');
INSERT INTO verses VALUES (717,24,86,NULL,'All thy commandments are faithful: they persecute me wrongfully; help thou me.');
INSERT INTO verses VALUES (718,24,87,NULL,'They had almost consumed me upon earth; but I forsook not thy precepts.');
INSERT INTO verses VALUES (719,24,88,NULL,'Quicken me after thy lovingkindness; so shall I keep the testimony of thy mouth.');
INSERT INTO verses VALUES (720,24,89,NULL,'For ever, O LORD, thy word is settled in heaven.');
INSERT INTO verses VALUES (721,24,90,NULL,'Thy faithfulness is unto all generations: thou hast established the earth, and it abideth.');
INSERT INTO verses VALUES (722,24,91,NULL,'They continue this day according to thine ordinances: for all are thy servants.');
INSERT INTO verses VALUES (723,24,92,NULL,'Unless thy law had been my delights, I should then have perished in mine affliction.');
INSERT INTO verses VALUES (724,24,93,NULL,'I will never forget thy precepts: for with them thou hast quickened me.');
INSERT INTO verses VALUES (725,24,94,NULL,'I am thine, save me; for I have sought thy precepts.');
INSERT INTO verses VALUES (726,24,95,NULL,'The wicked have waited for me to destroy me: but I will consider thy testimonies.');
INSERT INTO verses VALUES (727,24,96,NULL,'I have seen an end of all perfection: but thy commandment is exceeding broad.');
INSERT INTO verses VALUES (728,24,97,NULL,'O how love I thy law! it is my meditation all the day.');
INSERT INTO verses VALUES (729,24,98,NULL,'Thou through thy commandments hast made me wiser than mine enemies: for they are ever with me.');
INSERT INTO verses VALUES (730,24,99,NULL,'I have more understanding than all my teachers: for thy testimonies are my meditation.');
INSERT INTO verses VALUES (731,24,100,NULL,'I understand more than the ancients, because I keep thy precepts.');
INSERT INTO verses VALUES (732,24,101,NULL,'I have refrained my feet from every evil way, that I might keep thy word.');
INSERT INTO verses VALUES (733,24,102,NULL,'I have not departed from thy judgments: for thou hast taught me.');
INSERT INTO verses VALUES (734,24,103,NULL,'How sweet are thy words unto my taste! yea, sweeter than honey to my mouth!');
INSERT INTO verses VALUES (735,24,104,NULL,'Through thy precepts I get understanding: therefore I hate every false way.');
INSERT INTO verses VALUES (736,24,105,NULL,'Thy word is a lamp unto my feet, and a light unto my path.');
INSERT INTO verses VALUES (737,24,106,NULL,'I have sworn, and I will perform it, that I will keep thy righteous judgments.');
INSERT INTO verses VALUES (738,24,107,NULL,'I am afflicted very much: quicken me, O LORD, according unto thy word.');
INSERT INTO verses VALUES (739,24,108,NULL,'Accept, I beseech thee, the freewill offerings of my mouth, O LORD, and teach me thy judgments.');
INSERT INTO verses VALUES (740,24,109,NULL,'My soul is continually in my hand: yet do I not forget thy law.');
INSERT INTO verses VALUES (741,24,110,NULL,'The wicked have laid a snare for me: yet I erred not from thy precepts.');
INSERT INTO verses VALUES (742,24,111,NULL,'Thy testimonies have I taken as an heritage for ever: for they are the rejoicing of my heart.');
INSERT INTO verses VALUES (743,24,112,NULL,'I have inclined mine heart to perform thy statutes alway, even unto the end.');
INSERT INTO verses VALUES (744,24,113,NULL,'I hate vain thoughts: but thy law do I love.');
INSERT INTO verses VALUES (745,24,114,NULL,'Thou art my hiding place and my shield: I hope in thy word.');
INSERT INTO verses VALUES (746,24,115,NULL,'Depart from me, ye evildoers: for I will keep the commandments of my God.');
INSERT INTO verses VALUES (747,24,116,NULL,'Uphold me according unto thy word, that I may live: and let me not be ashamed of my hope.');
INSERT INTO verses VALUES (748,24,117,NULL,'Hold thou me up, and I shall be safe: and I will have respect unto thy statutes continually.');
INSERT INTO verses VALUES (749,24,118,NULL,'Thou hast trodden down all them that err from thy statutes: for their deceit is falsehood.');
INSERT INTO verses VALUES (750,24,119,NULL,'Thou puttest away all the wicked of the earth like dross: therefore I love thy testimonies.');
INSERT INTO verses VALUES (751,24,120,NULL,'My flesh trembleth for fear of thee; and I am afraid of thy judgments.');
INSERT INTO verses VALUES (752,24,121,NULL,'I have done judgment and justice: leave me not to mine oppressors.');
INSERT INTO verses VALUES (753,24,122,NULL,'Be surety for thy servant for good: let not the proud oppress me.');
INSERT INTO verses VALUES (754,24,123,NULL,'Mine eyes fail for thy salvation, and for the word of thy righteousness.');
INSERT INTO verses VALUES (755,24,124,NULL,'Deal with thy servant according unto thy mercy, and teach me thy statutes.');
INSERT INTO verses VALUES (756,24,125,NULL,'I am thy servant; give me understanding, that I may know thy testimonies.');
INSERT INTO verses VALUES (757,24,126,NULL,'It is time for thee, LORD, to work: for they have made void thy law.');
INSERT INTO verses VALUES (758,24,127,NULL,'Therefore I love thy commandments above gold; yea, above fine gold.');
INSERT INTO verses VALUES (759,24,128,NULL,'Therefore I esteem all thy precepts concerning all things to be right; and I hate every false way.');
INSERT INTO verses VALUES (760,24,129,NULL,'Thy testimonies are wonderful: therefore doth my soul keep them.');
INSERT INTO verses VALUES (761,24,130,NULL,'The entrance of thy words giveth light; it giveth understanding unto the simple.');
INSERT INTO verses VALUES (762,24,131,NULL,'I opened my mouth, and panted: for I longed for thy commandments.');
INSERT INTO verses VALUES (763,24,132,NULL,'Look thou upon me, and be merciful unto me, as thou usest to do unto those that love thy name.');
INSERT INTO verses VALUES (764,24,133,NULL,'Order my steps in thy word: and let not any iniquity have dominion over me.');
INSERT INTO verses VALUES (765,24,134,NULL,'Deliver me from the oppression of man: so will I keep thy precepts.');
INSERT INTO verses VALUES (766,24,135,NULL,'Make thy face to shine upon thy servant; and teach me thy statutes.');
INSERT INTO verses VALUES (767,24,136,NULL,'Rivers of waters run down mine eyes, because they keep not thy law.');
INSERT INTO verses VALUES (768,24,137,NULL,'Righteous art thou, O LORD, and upright are thy judgments.');
INSERT INTO verses VALUES (769,24,138,NULL,'Thy testimonies that thou hast commanded are righteous and very faithful.');
INSERT INTO verses VALUES (770,24,139,NULL,'My zeal hath consumed me, because mine enemies have forgotten thy words.');
INSERT INTO verses VALUES (771,24,140,NULL,'Thy word is very pure: therefore thy servant loveth it.');
INSERT INTO verses VALUES (772,24,141,NULL,'I am small and despised: yet do not I forget thy precepts.');
INSERT INTO verses VALUES (773,24,142,NULL,'Thy righteousness is an everlasting righteousness, and thy law is the truth.');
INSERT INTO verses VALUES (774,24,143,NULL,'Trouble and anguish have taken hold on me: yet thy commandments are my delights.');
INSERT INTO verses VALUES (775,24,144,NULL,'The righteousness of thy testimonies is everlasting: give me understanding, and I shall live.');
INSERT INTO verses VALUES (776,24,145,NULL,'I cried with my whole heart; hear me, O LORD: I will keep thy statutes.');
INSERT INTO verses VALUES (777,24,146,NULL,'I cried unto thee; save me, and I shall keep thy testimonies.');
INSERT INTO verses VALUES (778,24,147,NULL,'I prevented the dawning of the morning, and cried: I hoped in thy word.');
INSERT INTO verses VALUES (779,24,148,NULL,'Mine eyes prevent the night watches, that I might meditate in thy word.');
INSERT INTO verses VALUES (780,24,149,NULL,'Hear my voice according unto thy lovingkindness: O LORD, quicken me according to thy judgment.');
INSERT INTO verses VALUES (781,24,150,NULL,'They draw nigh that follow after mischief: they are far from thy law.');
INSERT INTO verses VALUES (782,24,151,NULL,'Thou art near, O LORD; and all thy commandments are truth.');
INSERT INTO verses VALUES (783,24,152,NULL,'Concerning thy testimonies, I have known of old that thou hast founded them for ever.');
INSERT INTO verses VALUES (784,24,153,NULL,'Consider mine affliction, and deliver me: for I do not forget thy law.');
INSERT INTO verses VALUES (785,24,154,NULL,'Plead my cause, and deliver me: quicken me according to thy word.');
INSERT INTO verses VALUES (786,24,155,NULL,'Salvation is far from the wicked: for they seek not thy statutes.');
INSERT INTO verses VALUES (787,24,156,NULL,'Great are thy tender mercies, O LORD: quicken me according to thy judgments.');
INSERT INTO verses VALUES (788,24,157,NULL,'Many are my persecutors and mine enemies; yet do I not decline from thy testimonies.');
INSERT INTO verses VALUES (789,24,158,NULL,'I beheld the transgressors, and was grieved; because they kept not thy word.');
INSERT INTO verses VALUES (790,24,159,NULL,'Consider how I love thy precepts: quicken me, O LORD, according to thy lovingkindness.');
INSERT INTO verses VALUES (791,24,160,NULL,'Thy word is true from the beginning: and every one of thy righteous judgments endureth for ever.');
INSERT INTO verses VALUES (792,24,161,NULL,'Princes have persecuted me without a cause: but my heart standeth in awe of thy word.');
INSERT INTO verses VALUES (793,24,162,NULL,'I rejoice at thy word, as one that findeth great spoil.');
INSERT INTO verses VALUES (794,24,163,NULL,'I hate and abhor lying: but thy law do I love.');
INSERT INTO verses VALUES (795,24,164,NULL,'Seven times a day do I praise thee because of thy righteous judgments.');
INSERT INTO verses VALUES (796,24,165,NULL,'Great peace have they which love thy law: and nothing shall offend them.');
INSERT INTO verses VALUES (797,24,166,NULL,'LORD, I have hoped for thy salvation, and done thy commandments.');
INSERT INTO verses VALUES (798,24,167,NULL,'My soul hath kept thy testimonies; and I love them exceedingly.');
INSERT INTO verses VALUES (799,24,168,NULL,'I have kept thy precepts and thy testimonies: for all my ways are before thee.');
INSERT INTO verses VALUES (800,24,169,NULL,'Let my cry come near before thee, O LORD: give me understanding according to thy word.');
INSERT INTO verses VALUES (801,24,170,NULL,'Let my supplication come before thee: deliver me according to thy word.');
INSERT INTO verses VALUES (802,24,171,NULL,'My lips shall utter praise, when thou hast taught me thy statutes.');
INSERT INTO verses VALUES (803,24,172,NULL,'My tongue shall speak of thy word: for all thy commandments are righteousness.');
INSERT INTO verses VALUES (804,24,173,NULL,'Let thine hand help me; for I have chosen thy precepts.');
INSERT INTO verses VALUES (805,24,174,NULL,'I have longed for thy salvation, O LORD; and thy law is my delight.');
INSERT INTO verses VALUES (806,24,175,NULL,'Let my soul live, and it shall praise thee; and let thy judgments help me.');
INSERT INTO verses VALUES (807,24,176,NULL,'I have gone astray like a lost sheep; seek thy servant; for I do not forget thy commandments.');
INSERT INTO chapters VALUES (25,19,128,NULL,'http://kjv.wordfree.net/bibles/app/audio/1/19/128.mp3','http://kjv.wordfree.net/bibles/app/audio/1/19/128.mp3');
INSERT INTO verses VALUES (808,25,1,NULL,'span class="verse" id="1">1 </span Blessed is every one that feareth the LORD; that walketh in his ways.');
INSERT INTO verses VALUES (809,25,2,NULL,'For thou shalt eat the labour of thine hands: happy shalt thou be, and it shall be well with thee.');
INSERT INTO verses VALUES (810,25,3,NULL,'Thy wife shall be as a fruitful vine by the sides of thine house: thy children like olive plants round about thy table.');
INSERT INTO verses VALUES (811,25,4,NULL,'Behold, that thus shall the man be blessed that feareth the LORD.');
INSERT INTO verses VALUES (812,25,5,NULL,'The LORD shall bless thee out of Zion: and thou shalt see the good of Jerusalem all the days of thy life.');
INSERT INTO verses VALUES (813,25,6,NULL,'Yea, thou shalt see thy children''s children, and peace upon Israel .');
INSERT INTO chapters VALUES (26,20,1,NULL,'http://kjv.wordfree.net/bibles/app/audio/1/20/1.mp3','http://kjv.wordfree.net/bibles/app/audio/1/20/1.mp3');
INSERT INTO verses VALUES (814,26,1,NULL,'span class="verse" id="1">1 </span The proverbs of Solomon the son of David , king of Israel ;');
INSERT INTO verses VALUES (815,26,2,NULL,'To know wisdom and instruction; to perceive the words of understanding;');
INSERT INTO verses VALUES (816,26,3,NULL,'To receive the instruction of wisdom, justice, and judgment, and equity;');
INSERT INTO verses VALUES (817,26,4,NULL,'To give subtilty to the simple, to the young man knowledge and discretion.');
INSERT INTO verses VALUES (818,26,5,NULL,'A wise man will hear, and will increase learning; and a man of understanding shall attain unto wise counsels:');
INSERT INTO verses VALUES (819,26,6,NULL,'To understand a proverb, and the interpretation; the words of the wise, and their dark sayings.');
INSERT INTO verses VALUES (820,26,7,NULL,'The fear of the LORD is the beginning of knowledge: but fools despise wisdom and instruction.');
INSERT INTO verses VALUES (821,26,8,NULL,'My son, hear the instruction of thy father, and forsake not the law of thy mother:');
INSERT INTO verses VALUES (822,26,9,NULL,'For they shall be an ornament of grace unto thy head, and chains about thy neck.');
INSERT INTO verses VALUES (823,26,10,NULL,'My son, if sinners entice thee, consent thou not.');
INSERT INTO verses VALUES (824,26,11,NULL,'If they say, Come with us, let us lay wait for blood, let us lurk privily for the innocent without cause:');
INSERT INTO verses VALUES (825,26,12,NULL,'Let us swallow them up alive as the grave; and whole, as those that go down into the pit:');
INSERT INTO verses VALUES (826,26,13,NULL,'We shall find all precious substance, we shall fill our houses with spoil:');
INSERT INTO verses VALUES (827,26,14,NULL,'Cast in thy lot among us; let us all have one purse:');
INSERT INTO verses VALUES (828,26,15,NULL,'My son, walk not thou in the way with them; refrain thy foot from their path:');
INSERT INTO verses VALUES (829,26,16,NULL,'For their feet run to evil, and make haste to shed blood.');
INSERT INTO verses VALUES (830,26,17,NULL,'Surely in vain the net is spread in the sight of any bird.');
INSERT INTO verses VALUES (831,26,18,NULL,'And they lay wait for their own blood; they lurk privily for their own lives.');
INSERT INTO verses VALUES (832,26,19,NULL,'So are the ways of every one that is greedy of gain; which taketh away the life of the owners thereof.');
INSERT INTO verses VALUES (833,26,20,NULL,'Wisdom crieth without; she uttereth her voice in the streets:');
INSERT INTO verses VALUES (834,26,21,NULL,'She crieth in the chief place of concourse, in the openings of the gates: in the city she uttereth her words, saying,');
INSERT INTO verses VALUES (835,26,22,NULL,'How long, ye simple ones, will ye love simplicity? and the scorners delight in their scorning, and fools hate knowledge?');
INSERT INTO verses VALUES (836,26,23,NULL,'Turn you at my reproof: behold, I will pour out my spirit unto you, I will make known my words unto you.');
INSERT INTO verses VALUES (837,26,24,NULL,'Because I have called, and ye refused; I have stretched out my hand, and no man regarded;');
INSERT INTO verses VALUES (838,26,25,NULL,'But ye have set at nought all my counsel, and would none of my reproof:');
INSERT INTO verses VALUES (839,26,26,NULL,'I also will laugh at your calamity; I will mock when your fear cometh;');
INSERT INTO verses VALUES (840,26,27,NULL,'When your fear cometh as desolation, and your destruction cometh as a whirlwind; when distress and anguish cometh upon you.');
INSERT INTO verses VALUES (841,26,28,NULL,'Then shall they call upon me, but I will not answer; they shall seek me early, but they shall not find me:');
INSERT INTO verses VALUES (842,26,29,NULL,'For that they hated knowledge, and did not choose the fear of the LORD:');
INSERT INTO verses VALUES (843,26,30,NULL,'They would none of my counsel: they despised all my reproof.');
INSERT INTO verses VALUES (844,26,31,NULL,'Therefore shall they eat of the fruit of their own way, and be filled with their own devices.');
INSERT INTO verses VALUES (845,26,32,NULL,'For the turning away of the simple shall slay them, and the prosperity of fools shall destroy them.');
INSERT INTO verses VALUES (846,26,33,NULL,'But whoso hearkeneth unto me shall dwell safely, and shall be quiet from fear of evil.');
INSERT INTO chapters VALUES (27,20,3,NULL,'http://kjv.wordfree.net/bibles/app/audio/1/20/3.mp3','http://kjv.wordfree.net/bibles/app/audio/1/20/3.mp3');
INSERT INTO verses VALUES (847,27,1,NULL,'span class="verse" id="1">1 </span My son, forget not my law; but let thine heart keep my commandments:');
INSERT INTO verses VALUES (848,27,2,NULL,'For length of days, and long life, and peace, shall they add to thee.');
INSERT INTO verses VALUES (849,27,3,NULL,'Let not mercy and truth forsake thee: bind them about thy neck; write them upon the table of thine heart:');
INSERT INTO verses VALUES (850,27,4,NULL,'So shalt thou find favour and good understanding in the sight of God and man.');
INSERT INTO verses VALUES (851,27,5,NULL,'Trust in the LORD with all thine heart; and lean not unto thine own understanding.');
INSERT INTO verses VALUES (852,27,6,NULL,'In all thy ways acknowledge him, and he shall direct thy paths.');
INSERT INTO verses VALUES (853,27,7,NULL,'Be not wise in thine own eyes: fear the LORD, and depart from evil.');
INSERT INTO verses VALUES (854,27,8,NULL,'It shall be health to thy navel, and marrow to thy bones.');
INSERT INTO verses VALUES (855,27,9,NULL,'Honour the LORD with thy substance, and with the firstfruits of all thine increase:');
INSERT INTO verses VALUES (856,27,10,NULL,'So shall thy barns be filled with plenty, and thy presses shall burst out with new wine.');
INSERT INTO verses VALUES (857,27,11,NULL,'My son, despise not the chastening of the LORD; neither be weary of his correction:');
INSERT INTO verses VALUES (858,27,12,NULL,'For whom the LORD loveth he correcteth; even as a father the son in whom he delighteth.');
INSERT INTO verses VALUES (859,27,13,NULL,'Happy is the man that findeth wisdom, and the man that getteth understanding.');
INSERT INTO verses VALUES (860,27,14,NULL,'For the merchandise of it is better than the merchandise of silver, and the gain thereof than fine gold.');
INSERT INTO verses VALUES (861,27,15,NULL,'She is more precious than rubies: and all the things thou canst desire are not to be compared unto her.');
INSERT INTO verses VALUES (862,27,16,NULL,'Length of days is in her right hand; and in her left hand riches and honour.');
INSERT INTO verses VALUES (863,27,17,NULL,'Her ways are ways of pleasantness, and all her paths are peace.');
INSERT INTO verses VALUES (864,27,18,NULL,'She is a tree of life to them that lay hold upon her: and happy is every one that retaineth her.');
INSERT INTO verses VALUES (865,27,19,NULL,'The LORD by wisdom hath founded the earth; by understanding hath he established the heavens.');
INSERT INTO verses VALUES (866,27,20,NULL,'By his knowledge the depths are broken up, and the clouds drop down the dew.');
INSERT INTO verses VALUES (867,27,21,NULL,'My son, let not them depart from thine eyes: keep sound wisdom and discretion:');
INSERT INTO verses VALUES (868,27,22,NULL,'So shall they be life unto thy soul, and grace to thy neck.');
INSERT INTO verses VALUES (869,27,23,NULL,'Then shalt thou walk in thy way safely, and thy foot shall not stumble.');
INSERT INTO verses VALUES (870,27,24,NULL,'When thou liest down, thou shalt not be afraid: yea, thou shalt lie down, and thy sleep shall be sweet.');
INSERT INTO verses VALUES (871,27,25,NULL,'Be not afraid of sudden fear, neither of the desolation of the wicked, when it cometh.');
INSERT INTO verses VALUES (872,27,26,NULL,'For the LORD shall be thy confidence, and shall keep thy foot from being taken.');
INSERT INTO verses VALUES (873,27,27,NULL,'Withhold not good from them to whom it is due, when it is in the power of thine hand to do it.');
INSERT INTO verses VALUES (874,27,28,NULL,'Say not unto thy neighbour, Go, and come again, and to morrow I will give; when thou hast it by thee.');
INSERT INTO verses VALUES (875,27,29,NULL,'Devise not evil against thy neighbour, seeing he dwelleth securely by thee.');
INSERT INTO verses VALUES (876,27,30,NULL,'Strive not with a man without cause, if he have done thee no harm.');
INSERT INTO verses VALUES (877,27,31,NULL,'Envy thou not the oppressor, and choose none of his ways.');
INSERT INTO verses VALUES (878,27,32,NULL,'For the froward is abomination to the LORD: but his secret is with the righteous.');
INSERT INTO verses VALUES (879,27,33,NULL,'The curse of the LORD is in the house of the wicked: but he blesseth the habitation of the just.');
INSERT INTO verses VALUES (880,27,34,NULL,'Surely he scorneth the scorners: but he giveth grace unto the lowly.');
INSERT INTO verses VALUES (881,27,35,NULL,'The wise shall inherit glory: but shame shall be the promotion of fools.');
INSERT INTO chapters VALUES (28,20,8,NULL,'http://kjv.wordfree.net/bibles/app/audio/1/20/8.mp3','http://kjv.wordfree.net/bibles/app/audio/1/20/8.mp3');
INSERT INTO verses VALUES (882,28,1,NULL,'span class="verse" id="1">1 </span Doth not wisdom cry? and understanding put forth her voice?');
INSERT INTO verses VALUES (883,28,2,NULL,'She standeth in the top of high places, by the way in the places of the paths.');
INSERT INTO verses VALUES (884,28,3,NULL,'She crieth at the gates, at the entry of the city, at the coming in at the doors.');
INSERT INTO verses VALUES (885,28,4,NULL,'Unto you, O men, I call; and my voice is to the sons of man.');
INSERT INTO verses VALUES (886,28,5,NULL,'O ye simple, understand wisdom: and, ye fools, be ye of an understanding heart.');
INSERT INTO verses VALUES (887,28,6,NULL,'Hear; for I will speak of excellent things; and the opening of my lips shall be right things.');
INSERT INTO verses VALUES (888,28,7,NULL,'For my mouth shall speak truth; and wickedness is an abomination to my lips.');
INSERT INTO verses VALUES (889,28,8,NULL,'All the words of my mouth are in righteousness; there is nothing froward or perverse in them.');
INSERT INTO verses VALUES (890,28,9,NULL,'They are all plain to him that understandeth, and right to them that find knowledge.');
INSERT INTO verses VALUES (891,28,10,NULL,'Receive my instruction, and not silver; and knowledge rather than choice gold.');
INSERT INTO verses VALUES (892,28,11,NULL,'For wisdom is better than rubies; and all the things that may be desired are not to be compared to it.');
INSERT INTO verses VALUES (893,28,12,NULL,'I wisdom dwell with prudence, and find out knowledge of witty inventions.');
INSERT INTO verses VALUES (894,28,13,NULL,'The fear of the LORD is to hate evil: pride, and arrogancy, and the evil way, and the froward mouth, do I hate.');
INSERT INTO verses VALUES (895,28,14,NULL,'Counsel is mine, and sound wisdom: I am understanding; I have strength.');
INSERT INTO verses VALUES (896,28,15,NULL,'By me kings reign, and princes decree justice.');
INSERT INTO verses VALUES (897,28,16,NULL,'By me princes rule, and nobles, even all the judges of the earth.');
INSERT INTO verses VALUES (898,28,17,NULL,'I love them that love me; and those that seek me early shall find me.');
INSERT INTO verses VALUES (899,28,18,NULL,'Riches and honour are with me; yea, durable riches and righteousness.');
INSERT INTO verses VALUES (900,28,19,NULL,'My fruit is better than gold, yea, than fine gold; and my revenue than choice silver.');
INSERT INTO verses VALUES (901,28,20,NULL,'I lead in the way of righteousness, in the midst of the paths of judgment:');
INSERT INTO verses VALUES (902,28,21,NULL,'That I may cause those that love me to inherit substance; and I will fill their treasures.');
INSERT INTO verses VALUES (903,28,22,NULL,'The LORD possessed me in the beginning of his way, before his works of old.');
INSERT INTO verses VALUES (904,28,23,NULL,'I was set up from everlasting, from the beginning, or ever the earth was.');
INSERT INTO verses VALUES (905,28,24,NULL,'When there were no depths, I was brought forth; when there were no fountains abounding with water.');
INSERT INTO verses VALUES (906,28,25,NULL,'Before the mountains were settled, before the hills was I brought forth:');
INSERT INTO verses VALUES (907,28,26,NULL,'While as yet he had not made the earth, nor the fields, nor the highest part of the dust of the world.');
INSERT INTO verses VALUES (908,28,27,NULL,'When he prepared the heavens, I was there: when he set a compass upon the face of the depth:');
INSERT INTO verses VALUES (909,28,28,NULL,'When he established the clouds above: when he strengthened the fountains of the deep:');
INSERT INTO verses VALUES (910,28,29,NULL,'When he gave to the sea his decree, that the waters should not pass his commandment: when he appointed the foundations of the earth:');
INSERT INTO verses VALUES (911,28,30,NULL,'Then I was by him, as one brought up with him: and I was daily his delight, rejoicing always before him;');
INSERT INTO verses VALUES (912,28,31,NULL,'Rejoicing in the habitable part of his earth; and my delights were with the sons of men.');
INSERT INTO verses VALUES (913,28,32,NULL,'Now therefore hearken unto me, O ye children: for blessed are they that keep my ways.');
INSERT INTO verses VALUES (914,28,33,NULL,'Hear instruction, and be wise, and refuse it not.');
INSERT INTO verses VALUES (915,28,34,NULL,'Blessed is the man that heareth me, watching daily at my gates, waiting at the posts of my doors.');
INSERT INTO verses VALUES (916,28,35,NULL,'For whoso findeth me findeth life, and shall obtain favour of the LORD.');
INSERT INTO verses VALUES (917,28,36,NULL,'But he that sinneth against me wrongeth his own soul: all they that hate me love death.');
INSERT INTO chapters VALUES (29,20,19,NULL,'http://kjv.wordfree.net/bibles/app/audio/1/20/19.mp3','http://kjv.wordfree.net/bibles/app/audio/1/20/19.mp3');
INSERT INTO verses VALUES (918,29,1,NULL,'span class="verse" id="1">1 </span Better is the poor that walketh in his integrity, than he that is perverse in his lips, and is a fool.');
INSERT INTO verses VALUES (919,29,2,NULL,'Also, that the soul be without knowledge, it is not good; and he that hasteth with his feet sinneth.');
INSERT INTO verses VALUES (920,29,3,NULL,'The foolishness of man perverteth his way: and his heart fretteth against the LORD.');
INSERT INTO verses VALUES (921,29,4,NULL,'Wealth maketh many friends; but the poor is separated from his neighbour.');
INSERT INTO verses VALUES (922,29,5,NULL,'A false witness shall not be unpunished, and he that speaketh lies shall not escape.');
INSERT INTO verses VALUES (923,29,6,NULL,'Many will intreat the favour of the prince: and every man is a friend to him that giveth gifts.');
INSERT INTO verses VALUES (924,29,7,NULL,'All the brethren of the poor do hate him: how much more do his friends go far from him? he pursueth them with words, yet they are wanting to him.');
INSERT INTO verses VALUES (925,29,8,NULL,'He that getteth wisdom loveth his own soul: he that keepeth understanding shall find good.');
INSERT INTO verses VALUES (926,29,9,NULL,'A false witness shall not be unpunished, and he that speaketh lies shall perish.');
INSERT INTO verses VALUES (927,29,10,NULL,'Delight is not seemly for a fool; much less for a servant to have rule over princes.');
INSERT INTO verses VALUES (928,29,11,NULL,'The discretion of a man deferreth his anger; and it is his glory to pass over a transgression.');
INSERT INTO verses VALUES (929,29,12,NULL,'The king''s wrath is as the roaring of a lion; but his favour is as dew upon the grass.');
INSERT INTO verses VALUES (930,29,13,NULL,'A foolish son is the calamity of his father: and the contentions of a wife are a continual dropping.');
INSERT INTO verses VALUES (931,29,14,NULL,'House and riches are the inheritance of fathers: and a prudent wife is from the LORD.');
INSERT INTO verses VALUES (932,29,15,NULL,'Slothfulness casteth into a deep sleep; and an idle soul shall suffer hunger.');
INSERT INTO verses VALUES (933,29,16,NULL,'He that keepeth the commandment keepeth his own soul; but he that despiseth his ways shall die.');
INSERT INTO verses VALUES (934,29,17,NULL,'He that hath pity upon the poor lendeth unto the LORD; and that which he hath given will he pay him again.');
INSERT INTO verses VALUES (935,29,18,NULL,'Chasten thy son while there is hope, and let not thy soul spare for his crying.');
INSERT INTO verses VALUES (936,29,19,NULL,'A man of great wrath shall suffer punishment: for if thou deliver him, yet thou must do it again.');
INSERT INTO verses VALUES (937,29,20,NULL,'Hear counsel, and receive instruction, that thou mayest be wise in thy latter end.');
INSERT INTO verses VALUES (938,29,21,NULL,'There are many devices in a man''s heart; nevertheless the counsel of the LORD, that shall stand.');
INSERT INTO verses VALUES (939,29,22,NULL,'The desire of a man is his kindness: and a poor man is better than a liar.');
INSERT INTO verses VALUES (940,29,23,NULL,'The fear of the LORD tendeth to life: and he that hath it shall abide satisfied; he shall not be visited with evil.');
INSERT INTO verses VALUES (941,29,24,NULL,'A slothful man hideth his hand in his bosom, and will not so much as bring it to his mouth again.');
INSERT INTO verses VALUES (942,29,25,NULL,'Smite a scorner, and the simple will beware: and reprove one that hath understanding, and he will understand knowledge.');
INSERT INTO verses VALUES (943,29,26,NULL,'He that wasteth his father, and chaseth away his mother, is a son that causeth shame, and bringeth reproach.');
INSERT INTO verses VALUES (944,29,27,NULL,'Cease, my son, to hear the instruction that causeth to err from the words of knowledge.');
INSERT INTO verses VALUES (945,29,28,NULL,'An ungodly witness scorneth judgment: and the mouth of the wicked devoureth iniquity.');
INSERT INTO verses VALUES (946,29,29,NULL,'Judgments are prepared for scorners, and stripes for the back of fools.');
INSERT INTO chapters VALUES (30,21,1,NULL,'http://kjv.wordfree.net/bibles/app/audio/1/21/1.mp3','http://kjv.wordfree.net/bibles/app/audio/1/21/1.mp3');
INSERT INTO verses VALUES (947,30,1,NULL,'span class="verse" id="1">1 </span The words of the Preacher, the son of David , king in Jerusalem .');
INSERT INTO verses VALUES (948,30,2,NULL,'Vanity of vanities, saith the Preacher, vanity of vanities; all is vanity.');
INSERT INTO verses VALUES (949,30,3,NULL,'What profit hath a man of all his labour which he taketh under the sun?');
INSERT INTO verses VALUES (950,30,4,NULL,'One generation passeth away, and another generation cometh: but the earth abideth for ever.');
INSERT INTO verses VALUES (951,30,5,NULL,'The sun also ariseth, and the sun goeth down, and hasteth to his place where he arose.');
INSERT INTO verses VALUES (952,30,6,NULL,'The wind goeth toward the south, and turneth about unto the north; it whirleth about continually, and the wind returneth again according to his circuits.');
INSERT INTO verses VALUES (953,30,7,NULL,'All the rivers run into the sea; yet the sea is not full; unto the place from whence the rivers come, thither they return again.');
INSERT INTO verses VALUES (954,30,8,NULL,'All things are full of labour; man cannot utter it: the eye is not satisfied with seeing, nor the ear filled with hearing.');
INSERT INTO verses VALUES (955,30,9,NULL,'The thing that hath been, it is that which shall be; and that which is done is that which shall be done: and there is no new thing under the sun.');
INSERT INTO verses VALUES (956,30,10,NULL,'Is there any thing whereof it may be said, See, this is new? it hath been already of old time, which was before us.');
INSERT INTO verses VALUES (957,30,11,NULL,'There is no remembrance of former things; neither shall there be any remembrance of things that are to come with those that shall come after.');
INSERT INTO verses VALUES (958,30,12,NULL,'I the Preacher was king over Israel in Jerusalem .');
INSERT INTO verses VALUES (959,30,13,NULL,'And I gave my heart to seek and search out by wisdom concerning all things that are done under heaven: this sore travail hath God given to the sons of man to be exercised therewith.');
INSERT INTO verses VALUES (960,30,14,NULL,'I have seen all the works that are done under the sun; and, behold, all is vanity and vexation of spirit.');
INSERT INTO verses VALUES (961,30,15,NULL,'That which is crooked cannot be made straight: and that which is wanting cannot be numbered.');
INSERT INTO verses VALUES (962,30,16,NULL,'I communed with mine own heart, saying, Lo, I am come to great estate, and have gotten more wisdom than all they that have been before me in Jerusalem : yea, my heart had great experience of wisdom and knowledge.');
INSERT INTO verses VALUES (963,30,17,NULL,'And I gave my heart to know wisdom, and to know madness and folly: I perceived that this also is vexation of spirit.');
INSERT INTO verses VALUES (964,30,18,NULL,'For in much wisdom is much grief: and he that increaseth knowledge increaseth sorrow.');
INSERT INTO chapters VALUES (31,22,1,NULL,'http://kjv.wordfree.net/bibles/app/audio/1/22/1.mp3','http://kjv.wordfree.net/bibles/app/audio/1/22/1.mp3');
INSERT INTO verses VALUES (965,31,1,NULL,'span class="verse" id="1">1 </span The song of songs, which is Solomon ''s.');
INSERT INTO verses VALUES (966,31,2,NULL,'Let him kiss me with the kisses of his mouth: for thy love is better than wine.');
INSERT INTO verses VALUES (967,31,3,NULL,'Because of the savour of thy good ointments thy name is as ointment poured forth, therefore do the virgins love thee.');
INSERT INTO verses VALUES (968,31,4,NULL,'Draw me, we will run after thee: the king hath brought me into his chambers: we will be glad and rejoice in thee, we will remember thy love more than wine: the upright love thee.');
INSERT INTO verses VALUES (969,31,5,NULL,'I am black, but comely, O ye daughters of Jerusalem , as the tents of Kedar , as the curtains of Solomon .');
INSERT INTO verses VALUES (970,31,6,NULL,'Look not upon me, because I am black, because the sun hath looked upon me: my mother''s children were angry with me; they made me the keeper of the vineyards; but mine own vineyard have I not kept.');
INSERT INTO verses VALUES (971,31,7,NULL,'Tell me, O thou whom my soul loveth, where thou feedest, where thou makest thy flock to rest at noon: for why should I be as one that turneth aside by the flocks of thy companions?');
INSERT INTO verses VALUES (972,31,8,NULL,'If thou know not, O thou fairest among women, go thy way forth by the footsteps of the flock, and feed thy kids beside the shepherds'' tents.');
INSERT INTO verses VALUES (973,31,9,NULL,'I have compared thee, O my love, to a company of horses in Pharaoh''s chariots.');
INSERT INTO verses VALUES (974,31,10,NULL,'Thy cheeks are comely with rows of jewels, thy neck with chains of gold.');
INSERT INTO verses VALUES (975,31,11,NULL,'We will make thee borders of gold with studs of silver.');
INSERT INTO verses VALUES (976,31,12,NULL,'While the king sitteth at his table, my spikenard sendeth forth the smell thereof.');
INSERT INTO verses VALUES (977,31,13,NULL,'A bundle of myrrh is my well-beloved unto me; he shall lie all night betwixt my breasts.');
INSERT INTO verses VALUES (978,31,14,NULL,'My beloved is unto me as a cluster of camphire in the vineyards of Engedi.');
INSERT INTO verses VALUES (979,31,15,NULL,'Behold, thou art fair, my love; behold, thou art fair; thou hast doves'' eyes.');
INSERT INTO verses VALUES (980,31,16,NULL,'Behold, thou art fair, my beloved, yea, pleasant: also our bed is green.');
INSERT INTO verses VALUES (981,31,17,NULL,'The beams of our house are cedar, and our rafters of fir.');
INSERT INTO chapters VALUES (32,23,1,NULL,'http://kjv.wordfree.net/bibles/app/audio/1/23/1.mp3','http://kjv.wordfree.net/bibles/app/audio/1/23/1.mp3');
INSERT INTO verses VALUES (982,32,1,NULL,'span class="verse" id="1">1 </span The vision of Isaiah the son of Amoz, which he saw concerning Judah and Jerusalem in the days of Uzziah, Jotham, Ahaz, and Hezekiah, kings of Judah .');
INSERT INTO verses VALUES (983,32,2,NULL,'Hear, O heavens, and give ear, O earth: for the LORD hath spoken, I have nourished and brought up children, and they have rebelled against me.');
INSERT INTO verses VALUES (984,32,3,NULL,'The ox knoweth his owner, and the ass his master''s crib: but Israel doth not know, my people doth not consider.');
INSERT INTO verses VALUES (985,32,4,NULL,'Ah sinful nation, a people laden with iniquity, a seed of evildoers, children that are corrupters: they have forsaken the LORD, they have provoked the Holy One of Israel unto anger, they are gone away backward.');
INSERT INTO verses VALUES (986,32,5,NULL,'Why should ye be stricken any more? ye will revolt more and more: the whole head is sick, and the whole heart faint.');
INSERT INTO verses VALUES (987,32,6,NULL,'From the sole of the foot even unto the head there is no soundness in it; but wounds, and bruises, and putrifying sores: they have not been closed, neither bound up, neither mollified with ointment.');
INSERT INTO verses VALUES (988,32,7,NULL,'Your country is desolate, your cities are burned with fire: your land, strangers devour it in your presence, and it is desolate, as overthrown by strangers.');
INSERT INTO verses VALUES (989,32,8,NULL,'And the daughter of Zion is left as a cottage in a vineyard, as a lodge in a garden of cucumbers, as a besieged city.');
INSERT INTO verses VALUES (990,32,9,NULL,'Except the LORD of hosts had left unto us a very small remnant, we should have been as Sodom , and we should have been like unto Gomorrah .');
INSERT INTO verses VALUES (991,32,10,NULL,'Hear the word of the LORD, ye rulers of Sodom ; give ear unto the law of our God, ye people of Gomorrah .');
INSERT INTO verses VALUES (992,32,11,NULL,'To what purpose is the multitude of your sacrifices unto me? saith the LORD: I am full of the burnt offerings of rams, and the fat of fed beasts; and I delight not in the blood of bullocks, or of lambs, or of he goats.');
INSERT INTO verses VALUES (993,32,12,NULL,'When ye come to appear before me, who hath required this at your hand, to tread my courts?');
INSERT INTO verses VALUES (994,32,13,NULL,'Bring no more vain oblations; incense is an abomination unto me; the new moons and sabbaths, the calling of assemblies, I cannot away with; it is iniquity, even the solemn meeting.');
INSERT INTO verses VALUES (995,32,14,NULL,'Your new moons and your appointed feasts my soul hateth: they are a trouble unto me; I am weary to bear them.');
INSERT INTO verses VALUES (996,32,15,NULL,'And when ye spread forth your hands, I will hide mine eyes from you: yea, when ye make many prayers, I will not hear: your hands are full of blood.');
INSERT INTO verses VALUES (997,32,16,NULL,'Wash you, make you clean; put away the evil of your doings from before mine eyes; cease to do evil;');
INSERT INTO verses VALUES (998,32,17,NULL,'Learn to do well; seek judgment, relieve the oppressed, judge the fatherless, plead for the widow.');
INSERT INTO verses VALUES (999,32,18,NULL,'Come now, and let us reason together, saith the LORD: though your sins be as scarlet, they shall be as white as snow; though they be red like crimson, they shall be as wool.');
INSERT INTO verses VALUES (1000,32,19,NULL,'If ye be willing and obedient, ye shall eat the good of the land:');
INSERT INTO verses VALUES (1001,32,20,NULL,'But if ye refuse and rebel, ye shall be devoured with the sword: for the mouth of the LORD hath spoken it.');
INSERT INTO verses VALUES (1002,32,21,NULL,'How is the faithful city become an harlot! it was full of judgment; righteousness lodged in it; but now murderers.');
INSERT INTO verses VALUES (1003,32,22,NULL,'Thy silver is become dross, thy wine mixed with water:');
INSERT INTO verses VALUES (1004,32,23,NULL,'Thy princes are rebellious, and companions of thieves: every one loveth gifts, and followeth after rewards: they judge not the fatherless, neither doth the cause of the widow come unto them.');
INSERT INTO verses VALUES (1005,32,24,NULL,'Therefore saith the LORD, the LORD of hosts, the mighty One of Israel , Ah, I will ease me of mine adversaries, and avenge me of mine enemies:');
INSERT INTO verses VALUES (1006,32,25,NULL,'And I will turn my hand upon thee, and purely purge away thy dross, and take away all thy tin:');
INSERT INTO verses VALUES (1007,32,26,NULL,'And I will restore thy judges as at the first, and thy counsellors as at the beginning: afterward thou shalt be called, The city of righteousness, the faithful city.');
INSERT INTO verses VALUES (1008,32,27,NULL,'Zion shall be redeemed with judgment, and her converts with righteousness.');
INSERT INTO verses VALUES (1009,32,28,NULL,'And the destruction of the transgressors and of the sinners shall be together, and they that forsake the LORD shall be consumed.');
INSERT INTO verses VALUES (1010,32,29,NULL,'For they shall be ashamed of the oaks which ye have desired, and ye shall be confounded for the gardens that ye have chosen.');
INSERT INTO verses VALUES (1011,32,30,NULL,'For ye shall be as an oak whose leaf fadeth, and as a garden that hath no water.');
INSERT INTO verses VALUES (1012,32,31,NULL,'And the strong shall be as tow, and the maker of it as a spark, and they shall both burn together, and none shall quench them.');
INSERT INTO chapters VALUES (33,23,40,NULL,'http://kjv.wordfree.net/bibles/app/audio/1/23/40.mp3','http://kjv.wordfree.net/bibles/app/audio/1/23/40.mp3');
INSERT INTO verses VALUES (1013,33,1,NULL,'span class="verse" id="1">1 </span Comfort ye, comfort ye my people, saith your God.');
INSERT INTO verses VALUES (1014,33,2,NULL,'Speak ye comfortably to Jerusalem , and cry unto her, that her warfare is accomplished, that her iniquity is pardoned: for she hath received of the LORD''s hand double for all her sins.');
INSERT INTO verses VALUES (1015,33,3,NULL,'The voice of him that crieth in the wilderness, Prepare ye the way of the LORD, make straight in the desert a highway for our God.');
INSERT INTO verses VALUES (1016,33,4,NULL,'Every valley shall be exalted, and every mountain and hill shall be made low: and the crooked shall be made straight, and the rough places plain:');
INSERT INTO verses VALUES (1017,33,5,NULL,'And the glory of the LORD shall be revealed, and all flesh shall see it together: for the mouth of the LORD hath spoken it.');
INSERT INTO verses VALUES (1018,33,6,NULL,'The voice said, Cry. And he said, What shall I cry? All flesh is grass, and all the goodliness thereof is as the flower of the field:');
INSERT INTO verses VALUES (1019,33,7,NULL,'The grass withereth, the flower fadeth: because the spirit of the LORD bloweth upon it: surely the people is grass.');
INSERT INTO verses VALUES (1020,33,8,NULL,'The grass withereth, the flower fadeth: but the word of our God shall stand for ever.');
INSERT INTO verses VALUES (1021,33,9,NULL,'O Zion, that bringest good tidings, get thee up into the high mountain; O Jerusalem , that bringest good tidings, lift up thy voice with strength; lift it up, be not afraid; say unto the cities of Judah , Behold your God!');
INSERT INTO verses VALUES (1022,33,10,NULL,'Behold, the Lord GOD will come with strong hand, and his arm shall rule for him: behold, his reward is with him, and his work before him.');
INSERT INTO verses VALUES (1023,33,11,NULL,'He shall feed his flock like a shepherd: he shall gather the lambs with his arm, and carry them in his bosom, and shall gently lead those that are with young.');
INSERT INTO verses VALUES (1024,33,12,NULL,'Who hath measured the waters in the hollow of his hand, and meted out heaven with the span, and comprehended the dust of the earth in a measure, and weighed the mountains in scales, and the hills in a balance?');
INSERT INTO verses VALUES (1025,33,13,NULL,'Who hath directed the Spirit of the LORD, or being his counsellor hath taught him?');
INSERT INTO verses VALUES (1026,33,14,NULL,'With whom took he counsel, and who instructed him, and taught him in the path of judgment, and taught him knowledge, and shewed to him the way of understanding?');
INSERT INTO verses VALUES (1027,33,15,NULL,'Behold, the nations are as a drop of a bucket, and are counted as the small dust of the balance: behold, he taketh up the isles as a very little thing.');
INSERT INTO verses VALUES (1028,33,16,NULL,'And Lebanon is not sufficient to burn, nor the beasts thereof sufficient for a burnt offering.');
INSERT INTO verses VALUES (1029,33,17,NULL,'All nations before him are as nothing; and they are counted to him less than nothing, and vanity.');
INSERT INTO verses VALUES (1030,33,18,NULL,'To whom then will ye liken God? or what likeness will ye compare unto him?');
INSERT INTO verses VALUES (1031,33,19,NULL,'The workman melteth a graven image, and the goldsmith spreadeth it over with gold, and casteth silver chains.');
INSERT INTO verses VALUES (1032,33,20,NULL,'He that is so impoverished that he hath no oblation chooseth a tree that will not rot; he seeketh unto him a cunning workman to prepare a graven image, that shall not be moved.');
INSERT INTO verses VALUES (1033,33,21,NULL,'Have ye not known? have ye not heard? hath it not been told you from the beginning? have ye not understood from the foundations of the earth?');
INSERT INTO verses VALUES (1034,33,22,NULL,'It is he that sitteth upon the circle of the earth, and the inhabitants thereof are as grasshoppers; that stretcheth out the heavens as a curtain, and spreadeth them out as a tent to dwell in:');
INSERT INTO verses VALUES (1035,33,23,NULL,'That bringeth the princes to nothing; he maketh the judges of the earth as vanity.');
INSERT INTO verses VALUES (1036,33,24,NULL,'Yea, they shall not be planted; yea, they shall not be sown: yea, their stock shall not take root in the earth: and he shall also blow upon them, and they shall wither, and the whirlwind shall take them away as stubble.');
INSERT INTO verses VALUES (1037,33,25,NULL,'To whom then will ye liken me, or shall I be equal? saith the Holy One.');
INSERT INTO verses VALUES (1038,33,26,NULL,'Lift up your eyes on high, and behold who hath created these things, that bringeth out their host by number: he calleth them all by names by the greatness of his might, for that he is strong in power; not one faileth.');
INSERT INTO verses VALUES (1039,33,27,NULL,'Why sayest thou, O Jacob , and speakest, O Israel , My way is hid from the LORD, and my judgment is passed over from my God?');
INSERT INTO verses VALUES (1040,33,28,NULL,'Hast thou not known? hast thou not heard, that the everlasting God, the LORD, the Creator of the ends of the earth, fainteth not, neither is weary? there is no searching of his understanding.');
INSERT INTO verses VALUES (1041,33,29,NULL,'He giveth power to the faint; and to them that have no might he increaseth strength.');
INSERT INTO verses VALUES (1042,33,30,NULL,'Even the youths shall faint and be weary, and the young men shall utterly fall:');
INSERT INTO verses VALUES (1043,33,31,NULL,'But they that wait upon the LORD shall renew their strength; they shall mount up with wings as eagles; they shall run, and not be weary; and they shall walk, and not faint.');
INSERT INTO chapters VALUES (34,24,1,NULL,'http://kjv.wordfree.net/bibles/app/audio/1/24/1.mp3','http://kjv.wordfree.net/bibles/app/audio/1/24/1.mp3');
INSERT INTO verses VALUES (1044,34,1,NULL,'span class="verse" id="1">1 </span The words of Jeremiah the son of Hilkiah, of the priests that were in Anathoth in the land of Benjamin :');
INSERT INTO verses VALUES (1045,34,2,NULL,'To whom the word of the LORD came in the days of Josiah the son of Amon king of Judah , in the thirteenth year of his reign.');
INSERT INTO verses VALUES (1046,34,3,NULL,'It came also in the days of Jehoiakim the son of Josiah king of Judah , unto the end of the eleventh year of Zedekiah the son of Josiah king of Judah , unto the carrying away of Jerusalem captive in the fifth month.');
INSERT INTO verses VALUES (1047,34,4,NULL,'Then the word of the LORD came unto me, saying,');
INSERT INTO verses VALUES (1048,34,5,NULL,'Before I formed thee in the belly I knew thee; and before thou camest forth out of the womb I sanctified thee, and I ordained thee a prophet unto the nations.');
INSERT INTO verses VALUES (1049,34,6,NULL,'Then said I, Ah, Lord GOD! behold, I cannot speak: for I am a child.');
INSERT INTO verses VALUES (1050,34,7,NULL,'But the LORD said unto me, Say not, I am a child: for thou shalt go to all that I shall send thee, and whatsoever I command thee thou shalt speak.');
INSERT INTO verses VALUES (1051,34,8,NULL,'Be not afraid of their faces: for I am with thee to deliver thee, saith the LORD.');
INSERT INTO verses VALUES (1052,34,9,NULL,'Then the LORD put forth his hand, and touched my mouth. And the LORD said unto me, Behold, I have put my words in thy mouth.');
INSERT INTO verses VALUES (1053,34,10,NULL,'See, I have this day set thee over the nations and over the kingdoms, to root out, and to pull down, and to destroy, and to throw down, to build, and to plant.');
INSERT INTO verses VALUES (1054,34,11,NULL,'Moreover the word of the LORD came unto me, saying, Jeremiah , what seest thou? And I said, I see a rod of an almond tree.');
INSERT INTO verses VALUES (1055,34,12,NULL,'Then said the LORD unto me, Thou hast well seen: for I will hasten my word to perform it.');
INSERT INTO verses VALUES (1056,34,13,NULL,'And the word of the LORD came unto me the second time, saying, What seest thou? And I said, I see a seething pot; and the face thereof is toward the north.');
INSERT INTO verses VALUES (1057,34,14,NULL,'Then the LORD said unto me, Out of the north an evil shall break forth upon all the inhabitants of the land.');
INSERT INTO verses VALUES (1058,34,15,NULL,'For, lo, I will call all the families of the kingdoms of the north, saith the LORD; and they shall come, and they shall set every one his throne at the entering of the gates of Jerusalem , and against all the walls thereof round about, and against all the cities of Judah .');
INSERT INTO verses VALUES (1059,34,16,NULL,'And I will utter my judgments against them touching all their wickedness, who have forsaken me, and have burned incense unto other gods, and worshipped the works of their own hands.');
INSERT INTO verses VALUES (1060,34,17,NULL,'Thou therefore gird up thy loins, and arise, and speak unto them all that I command thee: be not dismayed at their faces, lest I confound thee before them.');
INSERT INTO verses VALUES (1061,34,18,NULL,'For, behold, I have made thee this day a defenced city, and an iron pillar, and brasen walls against the whole land, against the kings of Judah , against the princes thereof, against the priests thereof, and against the people of the land.');
INSERT INTO verses VALUES (1062,34,19,NULL,'And they shall fight against thee; but they shall not prevail against thee; for I am with thee, saith the LORD, to deliver thee.');
INSERT INTO chapters VALUES (35,25,1,NULL,'http://kjv.wordfree.net/bibles/app/audio/1/25/1.mp3','http://kjv.wordfree.net/bibles/app/audio/1/25/1.mp3');
INSERT INTO verses VALUES (1063,35,1,NULL,'span class="verse" id="1">1 </span How doth the city sit solitary, that was full of people! how is she become as a widow! she that was great among the nations, and princess among the provinces, how is she become tributary!');
INSERT INTO verses VALUES (1064,35,2,NULL,'She weepeth sore in the night, and her tears are on her cheeks: among all her lovers she hath none to comfort her: all her friends have dealt treacherously with her, they are become her enemies.');
INSERT INTO verses VALUES (1065,35,3,NULL,'Judah is gone into captivity because of affliction, and because of great servitude: she dwelleth among the heathen, she findeth no rest: all her persecutors overtook her between the straits.');
INSERT INTO verses VALUES (1066,35,4,NULL,'The ways of Zion do mourn, because none come to the solemn feasts: all her gates are desolate: her priests sigh, her virgins are afflicted, and she is in bitterness.');
INSERT INTO verses VALUES (1067,35,5,NULL,'Her adversaries are the chief, her enemies prosper; for the LORD hath afflicted her for the multitude of her transgressions: her children are gone into captivity before the enemy.');
INSERT INTO verses VALUES (1068,35,6,NULL,'And from the daughter of Zion all her beauty is departed: her princes are become like harts that find no pasture, and they are gone without strength before the pursuer.');
INSERT INTO verses VALUES (1069,35,7,NULL,'Jerusalem remembered in the days of her affliction and of her miseries all her pleasant things that she had in the days of old, when her people fell into the hand of the enemy, and none did help her: the adversaries saw her, and did mock at her sabbaths.');
INSERT INTO verses VALUES (1070,35,8,NULL,'Jerusalem hath grievously sinned; therefore she is removed: all that honoured her despise her, because they have seen her nakedness: yea, she sigheth, and turneth backward.');
INSERT INTO verses VALUES (1071,35,9,NULL,'Her filthiness is in her skirts; she remembereth not her last end; therefore she came down wonderfully: she had no comforter. O LORD, behold my affliction: for the enemy hath magnified himself.');
INSERT INTO verses VALUES (1072,35,10,NULL,'The adversary hath spread out his hand upon all her pleasant things: for she hath seen that the heathen entered into her sanctuary, whom thou didst command that they should not enter into thy congregation.');
INSERT INTO verses VALUES (1073,35,11,NULL,'All her people sigh, they seek bread; they have given their pleasant things for meat to relieve the soul: see, O LORD, and consider; for I am become vile.');
INSERT INTO verses VALUES (1074,35,12,NULL,'Is it nothing to you, all ye that pass by? behold, and see if there be any sorrow like unto my sorrow, which is done unto me, wherewith the LORD hath afflicted me in the day of his fierce anger.');
INSERT INTO verses VALUES (1075,35,13,NULL,'From above hath he sent fire into my bones, and it prevaileth against them: he hath spread a net for my feet, he hath turned me back: he hath made me desolate and faint all the day.');
INSERT INTO verses VALUES (1076,35,14,NULL,'The yoke of my transgressions is bound by his hand: they are wreathed, and come up upon my neck: he hath made my strength to fall, the LORD hath delivered me into their hands, from whom I am not able to rise up.');
INSERT INTO verses VALUES (1077,35,15,NULL,'The LORD hath trodden under foot all my mighty men in the midst of me: he hath called an assembly against me to crush my young men: the LORD hath trodden the virgin, the daughter of Judah , as in a winepress.');
INSERT INTO verses VALUES (1078,35,16,NULL,'For these things I weep; mine eye, mine eye runneth down with water, because the comforter that should relieve my soul is far from me: my children are desolate, because the enemy prevailed.');
INSERT INTO verses VALUES (1079,35,17,NULL,'Zion spreadeth forth her hands, and there is none to comfort her: the LORD hath commanded concerning Jacob , that his adversaries should be round about him: Jerusalem is as a menstruous woman among them.');
INSERT INTO verses VALUES (1080,35,18,NULL,'The LORD is righteous; for I have rebelled against his commandment: hear, I pray you, all people, and behold my sorrow: my virgins and my young men are gone into captivity.');
INSERT INTO verses VALUES (1081,35,19,NULL,'I called for my lovers, but they deceived me: my priests and mine elders gave up the ghost in the city, while they sought their meat to relieve their souls.');
INSERT INTO verses VALUES (1082,35,20,NULL,'Behold, O LORD; for I am in distress: my bowels are troubled; mine heart is turned within me; for I have grievously rebelled: abroad the sword bereaveth, at home there is as death.');
INSERT INTO verses VALUES (1083,35,21,NULL,'They have heard that I sigh: there is none to comfort me: all mine enemies have heard of my trouble; they are glad that thou hast done it: thou wilt bring the day that thou hast called, and they shall be like unto me.');
INSERT INTO verses VALUES (1084,35,22,NULL,'Let all their wickedness come before thee; and do unto them, as thou hast done unto me for all my transgressions: for my sighs are many, and my heart is faint.');
INSERT INTO chapters VALUES (36,26,1,NULL,'http://kjv.wordfree.net/bibles/app/audio/1/26/1.mp3','http://kjv.wordfree.net/bibles/app/audio/1/26/1.mp3');
INSERT INTO verses VALUES (1085,36,1,NULL,'span class="verse" id="1">1 </span Now it came to pass in the thirtieth year, in the fourth month, in the fifth day of the month, as I was among the captives by the river of Chebar, that the heavens were opened, and I saw visions of God.');
INSERT INTO verses VALUES (1086,36,2,NULL,'In the fifth day of the month, which was the fifth year of king Jehoiachin''s captivity,');
INSERT INTO verses VALUES (1087,36,3,NULL,'The word of the LORD came expressly unto Ezekiel the priest, the son of Buzi, in the land of the Chaldeans by the river Chebar; and the hand of the LORD was there upon him.');
INSERT INTO verses VALUES (1088,36,4,NULL,'And I looked, and, behold, a whirlwind came out of the north, a great cloud, and a fire infolding itself, and a brightness was about it, and out of the midst thereof as the colour of amber, out of the midst of the fire.');
INSERT INTO verses VALUES (1089,36,5,NULL,'Also out of the midst thereof came the likeness of four living creatures. And this was their appearance; they had the likeness of a man.');
INSERT INTO verses VALUES (1090,36,6,NULL,'And every one had four faces, and every one had four wings.');
INSERT INTO verses VALUES (1091,36,7,NULL,'And their feet were straight feet; and the sole of their feet was like the sole of a calf''s foot: and they sparkled like the colour of burnished brass.');
INSERT INTO verses VALUES (1092,36,8,NULL,'And they had the hands of a man under their wings on their four sides; and they four had their faces and their wings.');
INSERT INTO verses VALUES (1093,36,9,NULL,'Their wings were joined one to another; they turned not when they went; they went every one straight forward.');
INSERT INTO verses VALUES (1094,36,10,NULL,'As for the likeness of their faces, they four had the face of a man, and the face of a lion, on the right side: and they four had the face of an ox on the left side; they four also had the face of an eagle.');
INSERT INTO verses VALUES (1095,36,11,NULL,'Thus were their faces: and their wings were stretched upward; two wings of every one were joined one to another, and two covered their bodies.');
INSERT INTO verses VALUES (1096,36,12,NULL,'And they went every one straight forward: whither the spirit was to go, they went; and they turned not when they went.');
INSERT INTO verses VALUES (1097,36,13,NULL,'As for the likeness of the living creatures, their appearance was like burning coals of fire, and like the appearance of lamps: it went up and down among the living creatures; and the fire was bright, and out of the fire went forth lightning.');
INSERT INTO verses VALUES (1098,36,14,NULL,'And the living creatures ran and returned as the appearance of a flash of lightning.');
INSERT INTO verses VALUES (1099,36,15,NULL,'Now as I beheld the living creatures, behold one wheel upon the earth by the living creatures, with his four faces.');
INSERT INTO verses VALUES (1100,36,16,NULL,'The appearance of the wheels and their work was like unto the colour of a beryl: and they four had one likeness: and their appearance and their work was as it were a wheel in the middle of a wheel.');
INSERT INTO verses VALUES (1101,36,17,NULL,'When they went, they went upon their four sides: and they turned not when they went.');
INSERT INTO verses VALUES (1102,36,18,NULL,'As for their rings, they were so high that they were dreadful; and their rings were full of eyes round about them four.');
INSERT INTO verses VALUES (1103,36,19,NULL,'And when the living creatures went, the wheels went by them: and when the living creatures were lifted up from the earth, the wheels were lifted up.');
INSERT INTO verses VALUES (1104,36,20,NULL,'Whithersoever the spirit was to go, they went, thither was their spirit to go; and the wheels were lifted up over against them: for the spirit of the living creature was in the wheels.');
INSERT INTO verses VALUES (1105,36,21,NULL,'When those went, these went; and when those stood, these stood; and when those were lifted up from the earth, the wheels were lifted up over against them: for the spirit of the living creature was in the wheels.');
INSERT INTO verses VALUES (1106,36,22,NULL,'And the likeness of the firmament upon the heads of the living creature was as the colour of the terrible crystal, stretched forth over their heads above.');
INSERT INTO verses VALUES (1107,36,23,NULL,'And under the firmament were their wings straight, the one toward the other: every one had two, which covered on this side, and every one had two, which covered on that side, their bodies.');
INSERT INTO verses VALUES (1108,36,24,NULL,'And when they went, I heard the noise of their wings, like the noise of great waters, as the voice of the Almighty, the voice of speech, as the noise of an host: when they stood, they let down their wings.');
INSERT INTO verses VALUES (1109,36,25,NULL,'And there was a voice from the firmament that was over their heads, when they stood, and had let down their wings.');
INSERT INTO verses VALUES (1110,36,26,NULL,'And above the firmament that was over their heads was the likeness of a throne, as the appearance of a sapphire stone: and upon the likeness of the throne was the likeness as the appearance of a man above upon it.');
INSERT INTO verses VALUES (1111,36,27,NULL,'And I saw as the colour of amber, as the appearance of fire round about within it, from the appearance of his loins even upward, and from the appearance of his loins even downward, I saw as it were the appearance of fire, and it had brightness round about.');
INSERT INTO verses VALUES (1112,36,28,NULL,'As the appearance of the bow that is in the cloud in the day of rain, so was the appearance of the brightness round about. This was the appearance of the likeness of the glory of the LORD. And when I saw it, I fell upon my face, and I heard a voice of one that spake.');
INSERT INTO chapters VALUES (37,26,36,NULL,'http://kjv.wordfree.net/bibles/app/audio/1/26/36.mp3','http://kjv.wordfree.net/bibles/app/audio/1/26/36.mp3');
INSERT INTO verses VALUES (1113,37,1,NULL,'span class="verse" id="1">1 </span Also, thou son of man, prophesy unto the mountains of Israel , and say, Ye mountains of Israel , hear the word of the LORD:');
INSERT INTO verses VALUES (1114,37,2,NULL,'Thus saith the Lord GOD; Because the enemy hath said against you, Aha, even the ancient high places are ours in possession:');
INSERT INTO verses VALUES (1115,37,3,NULL,'Therefore prophesy and say, Thus saith the Lord GOD; Because they have made you desolate, and swallowed you up on every side, that ye might be a possession unto the residue of the heathen, and ye are taken up in the lips of talkers, and are an infamy of the people:');
INSERT INTO verses VALUES (1116,37,4,NULL,'Therefore, ye mountains of Israel , hear the word of the Lord GOD; Thus saith the Lord GOD to the mountains, and to the hills, to the rivers, and to the valleys, to the desolate wastes, and to the cities that are forsaken, which became a prey and derision to the residue of the heathen that are round about;');
INSERT INTO verses VALUES (1117,37,5,NULL,'Therefore thus saith the Lord GOD; Surely in the fire of my jealousy have I spoken against the residue of the heathen, and against all Idumea, which have appointed my land into their possession with the joy of all their heart, with despiteful minds, to cast it out for a prey.');
INSERT INTO verses VALUES (1118,37,6,NULL,'Prophesy therefore concerning the land of Israel , and say unto the mountains, and to the hills, to the rivers, and to the valleys, Thus saith the Lord GOD; Behold, I have spoken in my jealousy and in my fury, because ye have borne the shame of the heathen:');
INSERT INTO verses VALUES (1119,37,7,NULL,'Therefore thus saith the Lord GOD; I have lifted up mine hand, Surely the heathen that are about you, they shall bear their shame.');
INSERT INTO verses VALUES (1120,37,8,NULL,'But ye, O mountains of Israel , ye shall shoot forth your branches, and yield your fruit to my people of Israel ; for they are at hand to come.');
INSERT INTO verses VALUES (1121,37,9,NULL,'For, behold, I am for you, and I will turn unto you, and ye shall be tilled and sown:');
INSERT INTO verses VALUES (1122,37,10,NULL,'And I will multiply men upon you, all the house of Israel , even all of it: and the cities shall be inhabited, and the wastes shall be builded:');
INSERT INTO verses VALUES (1123,37,11,NULL,'And I will multiply upon you man and beast; and they shall increase and bring fruit: and I will settle you after your old estates, and will do better unto you than at your beginnings: and ye shall know that I am the LORD.');
INSERT INTO verses VALUES (1124,37,12,NULL,'Yea, I will cause men to walk upon you, even my people Israel ; and they shall possess thee, and thou shalt be their inheritance, and thou shalt no more henceforth bereave them of men.');
INSERT INTO verses VALUES (1125,37,13,NULL,'Thus saith the Lord GOD; Because they say unto you, Thou land devourest up men, and hast bereaved thy nations;');
INSERT INTO verses VALUES (1126,37,14,NULL,'Therefore thou shalt devour men no more, neither bereave thy nations any more, saith the Lord GOD.');
INSERT INTO verses VALUES (1127,37,15,NULL,'Neither will I cause men to hear in thee the shame of the heathen any more, neither shalt thou bear the reproach of the people any more, neither shalt thou cause thy nations to fall any more, saith the Lord GOD.');
INSERT INTO verses VALUES (1128,37,16,NULL,'Moreover the word of the LORD came unto me, saying,');
INSERT INTO verses VALUES (1129,37,17,NULL,'Son of man, when the house of Israel dwelt in their own land, they defiled it by their own way and by their doings: their way was before me as the uncleanness of a removed woman.');
INSERT INTO verses VALUES (1130,37,18,NULL,'Wherefore I poured my fury upon them for the blood that they had shed upon the land, and for their idols wherewith they had polluted it:');
INSERT INTO verses VALUES (1131,37,19,NULL,'And I scattered them among the heathen, and they were dispersed through the countries: according to their way and according to their doings I judged them.');
INSERT INTO verses VALUES (1132,37,20,NULL,'And when they entered unto the heathen, whither they went, they profaned my holy name, when they said to them, These are the people of the LORD, and are gone forth out of his land.');
INSERT INTO verses VALUES (1133,37,21,NULL,'But I had pity for mine holy name, which the house of Israel had profaned among the heathen, whither they went.');
INSERT INTO verses VALUES (1134,37,22,NULL,'Therefore say unto the house of Israel , Thus saith the Lord GOD; I do not this for your sakes, O house of Israel , but for mine holy name''s sake, which ye have profaned among the heathen, whither ye went.');
INSERT INTO verses VALUES (1135,37,23,NULL,'And I will sanctify my great name, which was profaned among the heathen, which ye have profaned in the midst of them; and the heathen shall know that I am the LORD, saith the Lord GOD, when I shall be sanctified in you before their eyes.');
INSERT INTO verses VALUES (1136,37,24,NULL,'For I will take you from among the heathen, and gather you out of all countries, and will bring you into your own land.');
INSERT INTO verses VALUES (1137,37,25,NULL,'Then will I sprinkle clean water upon you, and ye shall be clean: from all your filthiness, and from all your idols, will I cleanse you.');
INSERT INTO verses VALUES (1138,37,26,NULL,'A new heart also will I give you, and a new spirit will I put within you: and I will take away the stony heart out of your flesh, and I will give you an heart of flesh.');
INSERT INTO verses VALUES (1139,37,27,NULL,'And I will put my spirit within you, and cause you to walk in my statutes, and ye shall keep my judgments, and do them.');
INSERT INTO verses VALUES (1140,37,28,NULL,'And ye shall dwell in the land that I gave to your fathers; and ye shall be my people, and I will be your God.');
INSERT INTO verses VALUES (1141,37,29,NULL,'I will also save you from all your uncleannesses: and I will call for the corn, and will increase it, and lay no famine upon you.');
INSERT INTO verses VALUES (1142,37,30,NULL,'And I will multiply the fruit of the tree, and the increase of the field, that ye shall receive no more reproach of famine among the heathen.');
INSERT INTO verses VALUES (1143,37,31,NULL,'Then shall ye remember your own evil ways, and your doings that were not good, and shall lothe yourselves in your own sight for your iniquities and for your abominations.');
INSERT INTO verses VALUES (1144,37,32,NULL,'Not for your sakes do I this, saith the Lord GOD, be it known unto you: be ashamed and confounded for your own ways, O house of Israel .');
INSERT INTO verses VALUES (1145,37,33,NULL,'Thus saith the Lord GOD; In the day that I shall have cleansed you from all your iniquities I will also cause you to dwell in the cities, and the wastes shall be builded.');
INSERT INTO verses VALUES (1146,37,34,NULL,'And the desolate land shall be tilled, whereas it lay desolate in the sight of all that passed by.');
INSERT INTO verses VALUES (1147,37,35,NULL,'And they shall say, This land that was desolate is become like the garden of Eden ; and the waste and desolate and ruined cities are become fenced, and are inhabited.');
INSERT INTO verses VALUES (1148,37,36,NULL,'Then the heathen that are left round about you shall know that I the LORD build the ruined places, and plant that that was desolate: I the LORD have spoken it, and I will do it.');
INSERT INTO verses VALUES (1149,37,37,NULL,'Thus saith the Lord GOD; I will yet for this be enquired of by the house of Israel , to do it for them; I will increase them with men like a flock.');
INSERT INTO verses VALUES (1150,37,38,NULL,'As the holy flock, as the flock of Jerusalem in her solemn feasts; so shall the waste cities be filled with flocks of men: and they shall know that I am the LORD.');
INSERT INTO chapters VALUES (38,27,1,NULL,'http://kjv.wordfree.net/bibles/app/audio/1/27/1.mp3','http://kjv.wordfree.net/bibles/app/audio/1/27/1.mp3');
INSERT INTO verses VALUES (1151,38,1,NULL,'span class="verse" id="1">1 </span In the third year of the reign of Jehoiakim king of Judah came Nebuchadnezzar king of Babylon unto Jerusalem , and besieged it.');
INSERT INTO verses VALUES (1152,38,2,NULL,'And the Lord gave Jehoiakim king of Judah into his hand, with part of the vessels of the house of God: which he carried into the land of Shinar to the house of his god; and he brought the vessels into the treasure house of his god.');
INSERT INTO verses VALUES (1153,38,3,NULL,'And the king spake unto Ashpenaz the master of his eunuchs, that he should bring certain of the children of Israel , and of the king''s seed, and of the princes;');
INSERT INTO verses VALUES (1154,38,4,NULL,'Children in whom was no blemish, but well favoured, and skilful in all wisdom, and cunning in knowledge, and understanding science, and such as had ability in them to stand in the king''s palace, and whom they might teach the learning and the tongue of the Chaldeans.');
INSERT INTO verses VALUES (1155,38,5,NULL,'And the king appointed them a daily provision of the king''s meat, and of the wine which he drank: so nourishing them three years, that at the end thereof they might stand before the king.');
INSERT INTO verses VALUES (1156,38,6,NULL,'Now among these were of the children of Judah , Daniel , Hananiah, Mishael , and Azariah:');
INSERT INTO verses VALUES (1157,38,7,NULL,'Unto whom the prince of the eunuchs gave names: for he gave unto Daniel the name of Belteshazzar; and to Hananiah, of Shadrach; and to Mishael , of Meshach; and to Azariah, of Abednego.');
INSERT INTO verses VALUES (1158,38,8,NULL,'But Daniel purposed in his heart that he would not defile himself with the portion of the king''s meat, nor with the wine which he drank: therefore he requested of the prince of the eunuchs that he might not defile himself.');
INSERT INTO verses VALUES (1159,38,9,NULL,'Now God had brought Daniel into favour and tender love with the prince of the eunuchs.');
INSERT INTO verses VALUES (1160,38,10,NULL,'And the prince of the eunuchs said unto Daniel , I fear my lord the king, who hath appointed your meat and your drink: for why should he see your faces worse liking than the children which are of your sort? then shall ye make me endanger my head to the king.');
INSERT INTO verses VALUES (1161,38,11,NULL,'Then said Daniel to Melzar, whom the prince of the eunuchs had set over Daniel , Hananiah, Mishael , and Azariah,');
INSERT INTO verses VALUES (1162,38,12,NULL,'Prove thy servants, I beseech thee, ten days; and let them give us pulse to eat, and water to drink.');
INSERT INTO verses VALUES (1163,38,13,NULL,'Then let our countenances be looked upon before thee, and the countenance of the children that eat of the portion of the king''s meat: and as thou seest, deal with thy servants.');
INSERT INTO verses VALUES (1164,38,14,NULL,'So he consented to them in this matter, and proved them ten days.');
INSERT INTO verses VALUES (1165,38,15,NULL,'And at the end of ten days their countenances appeared fairer and fatter in flesh than all the children which did eat the portion of the king''s meat.');
INSERT INTO verses VALUES (1166,38,16,NULL,'Thus Melzar took away the portion of their meat, and the wine that they should drink; and gave them pulse.');
INSERT INTO verses VALUES (1167,38,17,NULL,'As for these four children, God gave them knowledge and skill in all learning and wisdom: and Daniel had understanding in all visions and dreams.');
INSERT INTO verses VALUES (1168,38,18,NULL,'Now at the end of the days that the king had said he should bring them in, then the prince of the eunuchs brought them in before Nebuchadnezzar .');
INSERT INTO verses VALUES (1169,38,19,NULL,'And the king communed with them; and among them all was found none like Daniel , Hananiah, Mishael , and Azariah: therefore stood they before the king.');
INSERT INTO verses VALUES (1170,38,20,NULL,'And in all matters of wisdom and understanding, that the king enquired of them, he found them ten times better than all the magicians and astrologers that were in all his realm.');
INSERT INTO verses VALUES (1171,38,21,NULL,'And Daniel continued even unto the first year of king Cyrus .');
INSERT INTO chapters VALUES (39,28,1,NULL,'http://kjv.wordfree.net/bibles/app/audio/1/28/1.mp3','http://kjv.wordfree.net/bibles/app/audio/1/28/1.mp3');
INSERT INTO verses VALUES (1172,39,1,NULL,'span class="verse" id="1">1 </span The word of the LORD that came unto Hosea, the son of Beeri , in the days of Uzziah, Jotham, Ahaz, and Hezekiah, kings of Judah , and in the days of Jeroboam the son of Joash, king of Israel .');
INSERT INTO verses VALUES (1173,39,2,NULL,'The beginning of the word of the LORD by Hosea. And the LORD said to Hosea, Go, take unto thee a wife of whoredoms and children of whoredoms: for the land hath committed great whoredom, departing from the LORD.');
INSERT INTO verses VALUES (1174,39,3,NULL,'So he went and took Gomer the daughter of Diblaim; which conceived, and bare him a son.');
INSERT INTO verses VALUES (1175,39,4,NULL,'And the LORD said unto him, Call his name Jezreel; for yet a little while, and I will avenge the blood of Jezreel upon the house of Jehu, and will cause to cease the kingdom of the house of Israel .');
INSERT INTO verses VALUES (1176,39,5,NULL,'And it shall come to pass at that day, that I will break the bow of Israel in the valley of Jezreel.');
INSERT INTO verses VALUES (1177,39,6,NULL,'And she conceived again, and bare a daughter. And God said unto him, Call her name Loruhamah: for I will no more have mercy upon the house of Israel ; but I will utterly take them away.');
INSERT INTO verses VALUES (1178,39,7,NULL,'But I will have mercy upon the house of Judah , and will save them by the LORD their God, and will not save them by bow, nor by sword, nor by battle, by horses, nor by horsemen.');
INSERT INTO verses VALUES (1179,39,8,NULL,'Now when she had weaned Loruhamah, she conceived, and bare a son.');
INSERT INTO verses VALUES (1180,39,9,NULL,'Then said God, Call his name Loammi: for ye are not my people, and I will not be your God.');
INSERT INTO verses VALUES (1181,39,10,NULL,'Yet the number of the children of Israel shall be as the sand of the sea, which cannot be measured nor numbered; and it shall come to pass, that in the place where it was said unto them, Ye are not my people, there it shall be said unto them, Ye are the sons of the living God.');
INSERT INTO verses VALUES (1182,39,11,NULL,'Then shall the children of Judah and the children of Israel be gathered together, and appoint themselves one head, and they shall come up out of the land: for great shall be the day of Jezreel.');
INSERT INTO chapters VALUES (40,29,1,NULL,'http://kjv.wordfree.net/bibles/app/audio/1/29/1.mp3','http://kjv.wordfree.net/bibles/app/audio/1/29/1.mp3');
INSERT INTO verses VALUES (1183,40,1,NULL,'span class="verse" id="1">1 </span The word of the LORD that came to Joel the son of Pethuel.');
INSERT INTO verses VALUES (1184,40,2,NULL,'Hear this, ye old men, and give ear, all ye inhabitants of the land. Hath this been in your days, or even in the days of your fathers?');
INSERT INTO verses VALUES (1185,40,3,NULL,'Tell ye your children of it, and let your children tell their children, and their children another generation.');
INSERT INTO verses VALUES (1186,40,4,NULL,'That which the palmerworm hath left hath the locust eaten; and that which the locust hath left hath the cankerworm eaten; and that which the cankerworm hath left hath the caterpiller eaten.');
INSERT INTO verses VALUES (1187,40,5,NULL,'Awake, ye drunkards, and weep; and howl, all ye drinkers of wine, because of the new wine; for it is cut off from your mouth.');
INSERT INTO verses VALUES (1188,40,6,NULL,'For a nation is come up upon my land, strong, and without number, whose teeth are the teeth of a lion, and he hath the cheek teeth of a great lion.');
INSERT INTO verses VALUES (1189,40,7,NULL,'He hath laid my vine waste, and barked my fig tree: he hath made it clean bare, and cast it away; the branches thereof are made white.');
INSERT INTO verses VALUES (1190,40,8,NULL,'Lament like a virgin girded with sackcloth for the husband of her youth.');
INSERT INTO verses VALUES (1191,40,9,NULL,'The meat offering and the drink offering is cut off from the house of the LORD; the priests, the LORD''s ministers, mourn.');
INSERT INTO verses VALUES (1192,40,10,NULL,'The field is wasted, the land mourneth; for the corn is wasted: the new wine is dried up, the oil languisheth.');
INSERT INTO verses VALUES (1193,40,11,NULL,'Be ye ashamed, O ye husbandmen; howl, O ye vinedressers, for the wheat and for the barley; because the harvest of the field is perished.');
INSERT INTO verses VALUES (1194,40,12,NULL,'The vine is dried up, and the fig tree languisheth; the pomegranate tree, the palm tree also, and the apple tree, even all the trees of the field, are withered: because joy is withered away from the sons of men.');
INSERT INTO verses VALUES (1195,40,13,NULL,'Gird yourselves, and lament, ye priests: howl, ye ministers of the altar: come, lie all night in sackcloth, ye ministers of my God: for the meat offering and the drink offering is withholden from the house of your God.');
INSERT INTO verses VALUES (1196,40,14,NULL,'Sanctify ye a fast, call a solemn assembly, gather the elders and all the inhabitants of the land into the house of the LORD your God, and cry unto the LORD.');
INSERT INTO verses VALUES (1197,40,15,NULL,'Alas for the day! for the day of the LORD is at hand, and as a destruction from the Almighty shall it come.');
INSERT INTO verses VALUES (1198,40,16,NULL,'Is not the meat cut off before our eyes, yea, joy and gladness from the house of our God?');
INSERT INTO verses VALUES (1199,40,17,NULL,'The seed is rotten under their clods, the garners are laid desolate, the barns are broken down; for the corn is withered.');
INSERT INTO verses VALUES (1200,40,18,NULL,'How do the beasts groan! the herds of cattle are perplexed, because they have no pasture; yea, the flocks of sheep are made desolate.');
INSERT INTO verses VALUES (1201,40,19,NULL,'O LORD, to thee will I cry: for the fire hath devoured the pastures of the wilderness, and the flame hath burned all the trees of the field.');
INSERT INTO verses VALUES (1202,40,20,NULL,'The beasts of the field cry also unto thee: for the rivers of waters are dried up, and the fire hath devoured the pastures of the wilderness.');
INSERT INTO chapters VALUES (41,30,1,NULL,'http://kjv.wordfree.net/bibles/app/audio/1/30/1.mp3','http://kjv.wordfree.net/bibles/app/audio/1/30/1.mp3');
INSERT INTO verses VALUES (1203,41,1,NULL,'span class="verse" id="1">1 </span The words of Amos, who was among the herdmen of Tekoa, which he saw concerning Israel in the days of Uzziah king of Judah , and in the days of Jeroboam the son of Joash king of Israel , two years before the earthquake.');
INSERT INTO verses VALUES (1204,41,2,NULL,'And he said, The LORD will roar from Zion, and utter his voice from Jerusalem ; and the habitations of the shepherds shall mourn, and the top of Carmel shall wither.');
INSERT INTO verses VALUES (1205,41,3,NULL,'Thus saith the LORD; For three transgressions of Damascus , and for four, I will not turn away the punishment thereof; because they have threshed Gilead with threshing instruments of iron:');
INSERT INTO verses VALUES (1206,41,4,NULL,'But I will send a fire into the house of Hazael, which shall devour the palaces of Benhadad.');
INSERT INTO verses VALUES (1207,41,5,NULL,'I will break also the bar of Damascus , and cut off the inhabitant from the plain of Aven, and him that holdeth the sceptre from the house of Eden : and the people of Syria shall go into captivity unto Kir, saith the LORD.');
INSERT INTO verses VALUES (1208,41,6,NULL,'Thus saith the LORD; For three transgressions of Gaza , and for four, I will not turn away the punishment thereof; because they carried away captive the whole captivity, to deliver them up to Edom :');
INSERT INTO verses VALUES (1209,41,7,NULL,'But I will send a fire on the wall of Gaza , which shall devour the palaces thereof:');
INSERT INTO verses VALUES (1210,41,8,NULL,'And I will cut off the inhabitant from Ashdod, and him that holdeth the sceptre from Ashkelon, and I will turn mine hand against Ekron: and the remnant of the Philistines shall perish, saith the Lord GOD.');
INSERT INTO verses VALUES (1211,41,9,NULL,'Thus saith the LORD; For three transgressions of Tyrus, and for four, I will not turn away the punishment thereof; because they delivered up the whole captivity to Edom , and remembered not the brotherly covenant:');
INSERT INTO verses VALUES (1212,41,10,NULL,'But I will send a fire on the wall of Tyrus, which shall devour the palaces thereof.');
INSERT INTO verses VALUES (1213,41,11,NULL,'Thus saith the LORD; For three transgressions of Edom , and for four, I will not turn away the punishment thereof; because he did pursue his brother with the sword, and did cast off all pity, and his anger did tear perpetually, and he kept his wrath for ever:');
INSERT INTO verses VALUES (1214,41,12,NULL,'But I will send a fire upon Teman , which shall devour the palaces of Bozrah .');
INSERT INTO verses VALUES (1215,41,13,NULL,'Thus saith the LORD; For three transgressions of the children of Ammon, and for four, I will not turn away the punishment thereof; because they have ripped up the women with child of Gilead , that they might enlarge their border:');
INSERT INTO verses VALUES (1216,41,14,NULL,'But I will kindle a fire in the wall of Rabbah, and it shall devour the palaces thereof, with shouting in the day of battle, with a tempest in the day of the whirlwind:');
INSERT INTO verses VALUES (1217,41,15,NULL,'And their king shall go into captivity, he and his princes together, saith the LORD.');
INSERT INTO chapters VALUES (42,31,1,NULL,'http://kjv.wordfree.net/bibles/app/audio/1/31/1.mp3','http://kjv.wordfree.net/bibles/app/audio/1/31/1.mp3');
INSERT INTO verses VALUES (1218,42,1,NULL,'span class="verse" id="1">1 </span The vision of Obadiah. Thus saith the Lord GOD concerning Edom ; We have heard a rumour from the LORD, and an ambassador is sent among the heathen, Arise ye, and let us rise up against her in battle.');
INSERT INTO verses VALUES (1219,42,2,NULL,'Behold, I have made thee small among the heathen: thou art greatly despised.');
INSERT INTO verses VALUES (1220,42,3,NULL,'The pride of thine heart hath deceived thee, thou that dwellest in the clefts of the rock, whose habitation is high; that saith in his heart, Who shall bring me down to the ground?');
INSERT INTO verses VALUES (1221,42,4,NULL,'Though thou exalt thyself as the eagle, and though thou set thy nest among the stars, thence will I bring thee down, saith the LORD.');
INSERT INTO verses VALUES (1222,42,5,NULL,'If thieves came to thee, if robbers by night, (how art thou cut off!) would they not have stolen till they had enough? if the grapegatherers came to thee, would they not leave some grapes?');
INSERT INTO verses VALUES (1223,42,6,NULL,'How are the things of Esau searched out! how are his hidden things sought up!');
INSERT INTO verses VALUES (1224,42,7,NULL,'All the men of thy confederacy have brought thee even to the border: the men that were at peace with thee have deceived thee, and prevailed against thee; they that eat thy bread have laid a wound under thee: there is none understanding in him.');
INSERT INTO verses VALUES (1225,42,8,NULL,'Shall I not in that day, saith the LORD, even destroy the wise men out of Edom , and understanding out of the mount of Esau ?');
INSERT INTO verses VALUES (1226,42,9,NULL,'And thy mighty men, O Teman , shall be dismayed, to the end that every one of the mount of Esau may be cut off by slaughter.');
INSERT INTO verses VALUES (1227,42,10,NULL,'For thy violence against thy brother Jacob shame shall cover thee, and thou shalt be cut off for ever.');
INSERT INTO verses VALUES (1228,42,11,NULL,'In the day that thou stoodest on the other side, in the day that the strangers carried away captive his forces, and foreigners entered into his gates, and cast lots upon Jerusalem , even thou wast as one of them.');
INSERT INTO verses VALUES (1229,42,12,NULL,'But thou shouldest not have looked on the day of thy brother in the day that he became a stranger; neither shouldest thou have rejoiced over the children of Judah in the day of their destruction; neither shouldest thou have spoken proudly in the day of distress.');
INSERT INTO verses VALUES (1230,42,13,NULL,'Thou shouldest not have entered into the gate of my people in the day of their calamity; yea, thou shouldest not have looked on their affliction in the day of their calamity, nor have laid hands on their substance in the day of their calamity;');
INSERT INTO verses VALUES (1231,42,14,NULL,'Neither shouldest thou have stood in the crossway, to cut off those of his that did escape; neither shouldest thou have delivered up those of his that did remain in the day of distress.');
INSERT INTO verses VALUES (1232,42,15,NULL,'For the day of the LORD is near upon all the heathen: as thou hast done, it shall be done unto thee: thy reward shall return upon thine own head.');
INSERT INTO verses VALUES (1233,42,16,NULL,'For as ye have drunk upon my holy mountain, so shall all the heathen drink continually, yea, they shall drink, and they shall swallow down, and they shall be as though they had not been.');
INSERT INTO verses VALUES (1234,42,17,NULL,'But upon mount Zion shall be deliverance, and there shall be holiness; and the house of Jacob shall possess their possessions.');
INSERT INTO verses VALUES (1235,42,18,NULL,'And the house of Jacob shall be a fire, and the house of Joseph a flame, and the house of Esau for stubble, and they shall kindle in them, and devour them; and there shall not be any remaining of the house of Esau ; for the LORD hath spoken it.');
INSERT INTO verses VALUES (1236,42,19,NULL,'And they of the south shall possess the mount of Esau ; and they of the plain the Philistines: and they shall possess the fields of Ephraim , and the fields of Samaria : and Benjamin shall possess Gilead .');
INSERT INTO verses VALUES (1237,42,20,NULL,'And the captivity of this host of the children of Israel shall possess that of the Canaanites, even unto Zarephath; and the captivity of Jerusalem , which is in Sepharad, shall possess the cities of the south.');
INSERT INTO verses VALUES (1238,42,21,NULL,'And saviours shall come up on mount Zion to judge the mount of Esau ; and the kingdom shall be the LORD''s.');
INSERT INTO chapters VALUES (43,32,1,NULL,'http://kjv.wordfree.net/bibles/app/audio/1/32/1.mp3','http://kjv.wordfree.net/bibles/app/audio/1/32/1.mp3');
INSERT INTO verses VALUES (1239,43,1,NULL,'span class="verse" id="1">1 </span Now the word of the LORD came unto Jonah the son of Amittai, saying,');
INSERT INTO verses VALUES (1240,43,2,NULL,'Arise, go to Nineveh , that great city, and cry against it; for their wickedness is come up before me.');
INSERT INTO verses VALUES (1241,43,3,NULL,'But Jonah rose up to flee unto Tarshish from the presence of the LORD, and went down to Joppa; and he found a ship going to Tarshish : so he paid the fare thereof, and went down into it, to go with them unto Tarshish from the presence of the LORD.');
INSERT INTO verses VALUES (1242,43,4,NULL,'But the LORD sent out a great wind into the sea, and there was a mighty tempest in the sea, so that the ship was like to be broken.');
INSERT INTO verses VALUES (1243,43,5,NULL,'Then the mariners were afraid, and cried every man unto his god, and cast forth the wares that were in the ship into the sea, to lighten it of them. But Jonah was gone down into the sides of the ship; and he lay, and was fast asleep.');
INSERT INTO verses VALUES (1244,43,6,NULL,'So the shipmaster came to him, and said unto him, What meanest thou, O sleeper? arise, call upon thy God, if so be that God will think upon us, that we perish not.');
INSERT INTO verses VALUES (1245,43,7,NULL,'And they said every one to his fellow, Come, and let us cast lots, that we may know for whose cause this evil is upon us. So they cast lots, and the lot fell upon Jonah .');
INSERT INTO verses VALUES (1246,43,8,NULL,'Then said they unto him, Tell us, we pray thee, for whose cause this evil is upon us; What is thine occupation? and whence comest thou? what is thy country? and of what people art thou?');
INSERT INTO verses VALUES (1247,43,9,NULL,'And he said unto them, I am an Hebrew; and I fear the LORD, the God of heaven, which hath made the sea and the dry land.');
INSERT INTO verses VALUES (1248,43,10,NULL,'Then were the men exceedingly afraid, and said unto him, Why hast thou done this? For the men knew that he fled from the presence of the LORD, because he had told them.');
INSERT INTO verses VALUES (1249,43,11,NULL,'Then said they unto him, What shall we do unto thee, that the sea may be calm unto us? for the sea wrought, and was tempestuous.');
INSERT INTO verses VALUES (1250,43,12,NULL,'And he said unto them, Take me up, and cast me forth into the sea; so shall the sea be calm unto you: for I know that for my sake this great tempest is upon you.');
INSERT INTO verses VALUES (1251,43,13,NULL,'Nevertheless the men rowed hard to bring it to the land; but they could not: for the sea wrought, and was tempestuous against them.');
INSERT INTO verses VALUES (1252,43,14,NULL,'Wherefore they cried unto the LORD, and said, We beseech thee, O LORD, we beseech thee, let us not perish for this man''s life, and lay not upon us innocent blood: for thou, O LORD, hast done as it pleased thee.');
INSERT INTO verses VALUES (1253,43,15,NULL,'So they took up Jonah , and cast him forth into the sea: and the sea ceased from her raging.');
INSERT INTO verses VALUES (1254,43,16,NULL,'Then the men feared the LORD exceedingly, and offered a sacrifice unto the LORD, and made vows.');
INSERT INTO verses VALUES (1255,43,17,NULL,'Now the LORD had prepared a great fish to swallow up Jonah . And Jonah was in the belly of the fish three days and three nights.');
INSERT INTO chapters VALUES (44,33,1,NULL,'http://kjv.wordfree.net/bibles/app/audio/1/33/1.mp3','http://kjv.wordfree.net/bibles/app/audio/1/33/1.mp3');
INSERT INTO verses VALUES (1256,44,1,NULL,'span class="verse" id="1">1 </span The word of the LORD that came to Micah the Morasthite in the days of Jotham, Ahaz, and Hezekiah, kings of Judah , which he saw concerning Samaria and Jerusalem .');
INSERT INTO verses VALUES (1257,44,2,NULL,'Hear, all ye people; hearken, O earth, and all that therein is: and let the Lord GOD be witness against you, the LORD from his holy temple.');
INSERT INTO verses VALUES (1258,44,3,NULL,'For, behold, the LORD cometh forth out of his place, and will come down, and tread upon the high places of the earth.');
INSERT INTO verses VALUES (1259,44,4,NULL,'And the mountains shall be molten under him, and the valleys shall be cleft, as wax before the fire, and as the waters that are poured down a steep place.');
INSERT INTO verses VALUES (1260,44,5,NULL,'For the transgression of Jacob is all this, and for the sins of the house of Israel . What is the transgression of Jacob ? is it not Samaria ? and what are the high places of Judah ? are they not Jerusalem ?');
INSERT INTO verses VALUES (1261,44,6,NULL,'Therefore I will make Samaria as an heap of the field, and as plantings of a vineyard: and I will pour down the stones thereof into the valley, and I will discover the foundations thereof.');
INSERT INTO verses VALUES (1262,44,7,NULL,'And all the graven images thereof shall be beaten to pieces, and all the hires thereof shall be burned with the fire, and all the idols thereof will I lay desolate: for she gathered it of the hire of an harlot, and they shall return to the hire of an harlot.');
INSERT INTO verses VALUES (1263,44,8,NULL,'Therefore I will wail and howl, I will go stripped and naked: I will make a wailing like the dragons, and mourning as the owls.');
INSERT INTO verses VALUES (1264,44,9,NULL,'For her wound is incurable; for it is come unto Judah ; he is come unto the gate of my people, even to Jerusalem .');
INSERT INTO verses VALUES (1265,44,10,NULL,'Declare ye it not at Gath, weep ye not at all: in the house of Aphrah roll thyself in the dust.');
INSERT INTO verses VALUES (1266,44,11,NULL,'Pass ye away, thou inhabitant of Saphir, having thy shame naked: the inhabitant of Zaanan came not forth in the mourning of Bethezel; he shall receive of you his standing.');
INSERT INTO verses VALUES (1267,44,12,NULL,'For the inhabitant of Maroth waited carefully for good: but evil came down from the LORD unto the gate of Jerusalem .');
INSERT INTO verses VALUES (1268,44,13,NULL,'O thou inhabitant of Lachish, bind the chariot to the swift beast: she is the beginning of the sin to the daughter of Zion: for the transgressions of Israel were found in thee.');
INSERT INTO verses VALUES (1269,44,14,NULL,'Therefore shalt thou give presents to Moreshethgath: the houses of Achzib shall be a lie to the kings of Israel .');
INSERT INTO verses VALUES (1270,44,15,NULL,'Yet will I bring an heir unto thee, O inhabitant of Mareshah: he shall come unto Adullam the glory of Israel .');
INSERT INTO verses VALUES (1271,44,16,NULL,'Make thee bald, and poll thee for thy delicate children; enlarge thy baldness as the eagle; for they are gone into captivity from thee.');
INSERT INTO chapters VALUES (45,34,1,NULL,'http://kjv.wordfree.net/bibles/app/audio/1/34/1.mp3','http://kjv.wordfree.net/bibles/app/audio/1/34/1.mp3');
INSERT INTO verses VALUES (1272,45,1,NULL,'span class="verse" id="1">1 </span The burden of Nineveh . The book of the vision of Nahum the Elkoshite.');
INSERT INTO verses VALUES (1273,45,2,NULL,'God is jealous, and the LORD revengeth; the LORD revengeth, and is furious; the LORD will take vengeance on his adversaries, and he reserveth wrath for his enemies.');
INSERT INTO verses VALUES (1274,45,3,NULL,'The LORD is slow to anger, and great in power, and will not at all acquit the wicked: the LORD hath his way in the whirlwind and in the storm, and the clouds are the dust of his feet.');
INSERT INTO verses VALUES (1275,45,4,NULL,'He rebuketh the sea, and maketh it dry, and drieth up all the rivers: Bashan languisheth, and Carmel, and the flower of Lebanon languisheth.');
INSERT INTO verses VALUES (1276,45,5,NULL,'The mountains quake at him, and the hills melt, and the earth is burned at his presence, yea, the world, and all that dwell therein.');
INSERT INTO verses VALUES (1277,45,6,NULL,'Who can stand before his indignation? and who can abide in the fierceness of his anger? his fury is poured out like fire, and the rocks are thrown down by him.');
INSERT INTO verses VALUES (1278,45,7,NULL,'The LORD is good, a strong hold in the day of trouble; and he knoweth them that trust in him.');
INSERT INTO verses VALUES (1279,45,8,NULL,'But with an overrunning flood he will make an utter end of the place thereof, and darkness shall pursue his enemies.');
INSERT INTO verses VALUES (1280,45,9,NULL,'What do ye imagine against the LORD? he will make an utter end: affliction shall not rise up the second time.');
INSERT INTO verses VALUES (1281,45,10,NULL,'For while they be folden together as thorns, and while they are drunken as drunkards, they shall be devoured as stubble fully dry.');
INSERT INTO verses VALUES (1282,45,11,NULL,'There is one come out of thee, that imagineth evil against the LORD, a wicked counsellor.');
INSERT INTO verses VALUES (1283,45,12,NULL,'Thus saith the LORD; Though they be quiet, and likewise many, yet thus shall they be cut down, when he shall pass through. Though I have afflicted thee, I will afflict thee no more.');
INSERT INTO verses VALUES (1284,45,13,NULL,'For now will I break his yoke from off thee, and will burst thy bonds in sunder.');
INSERT INTO verses VALUES (1285,45,14,NULL,'And the LORD hath given a commandment concerning thee, that no more of thy name be sown: out of the house of thy gods will I cut off the graven image and the molten image: I will make thy grave; for thou art vile.');
INSERT INTO verses VALUES (1286,45,15,NULL,'Behold upon the mountains the feet of him that bringeth good tidings, that publisheth peace! O Judah , keep thy solemn feasts, perform thy vows: for the wicked shall no more pass through thee; he is utterly cut off.');
INSERT INTO chapters VALUES (46,35,1,NULL,'http://kjv.wordfree.net/bibles/app/audio/1/35/1.mp3','http://kjv.wordfree.net/bibles/app/audio/1/35/1.mp3');
INSERT INTO verses VALUES (1287,46,1,NULL,'span class="verse" id="1">1 </span The burden which Habakkuk the prophet did see.');
INSERT INTO verses VALUES (1288,46,2,NULL,'O LORD, how long shall I cry, and thou wilt not hear! even cry out unto thee of violence, and thou wilt not save!');
INSERT INTO verses VALUES (1289,46,3,NULL,'Why dost thou shew me iniquity, and cause me to behold grievance? for spoiling and violence are before me: and there are that raise up strife and contention.');
INSERT INTO verses VALUES (1290,46,4,NULL,'Therefore the law is slacked, and judgment doth never go forth: for the wicked doth compass about the righteous; therefore wrong judgment proceedeth.');
INSERT INTO verses VALUES (1291,46,5,NULL,'Behold ye among the heathen, and regard, and wonder marvellously: for I will work a work in your days, which ye will not believe, though it be told you.');
INSERT INTO verses VALUES (1292,46,6,NULL,'For, lo, I raise up the Chaldeans, that bitter and hasty nation, which shall march through the breadth of the land, to possess the dwellingplaces that are not theirs.');
INSERT INTO verses VALUES (1293,46,7,NULL,'They are terrible and dreadful: their judgment and their dignity shall proceed of themselves.');
INSERT INTO verses VALUES (1294,46,8,NULL,'Their horses also are swifter than the leopards, and are more fierce than the evening wolves: and their horsemen shall spread themselves, and their horsemen shall come from far; they shall fly as the eagle that hasteth to eat.');
INSERT INTO verses VALUES (1295,46,9,NULL,'They shall come all for violence: their faces shall sup up as the east wind, and they shall gather the captivity as the sand.');
INSERT INTO verses VALUES (1296,46,10,NULL,'And they shall scoff at the kings, and the princes shall be a scorn unto them: they shall deride every strong hold; for they shall heap dust, and take it.');
INSERT INTO verses VALUES (1297,46,11,NULL,'Then shall his mind change, and he shall pass over, and offend, imputing this his power unto his god.');
INSERT INTO verses VALUES (1298,46,12,NULL,'Art thou not from everlasting, O LORD my God, mine Holy One? we shall not die. O LORD, thou hast ordained them for judgment; and, O mighty God, thou hast established them for correction.');
INSERT INTO verses VALUES (1299,46,13,NULL,'Thou art of purer eyes than to behold evil, and canst not look on iniquity: wherefore lookest thou upon them that deal treacherously, and holdest thy tongue when the wicked devoureth the man that is more righteous than he?');
INSERT INTO verses VALUES (1300,46,14,NULL,'And makest men as the fishes of the sea, as the creeping things, that have no ruler over them?');
INSERT INTO verses VALUES (1301,46,15,NULL,'They take up all of them with the angle, they catch them in their net, and gather them in their drag: therefore they rejoice and are glad.');
INSERT INTO verses VALUES (1302,46,16,NULL,'Therefore they sacrifice unto their net, and burn incense unto their drag; because by them their portion is fat, and their meat plenteous.');
INSERT INTO verses VALUES (1303,46,17,NULL,'Shall they therefore empty their net, and not spare continually to slay the nations?');
INSERT INTO chapters VALUES (47,36,1,NULL,'http://kjv.wordfree.net/bibles/app/audio/1/36/1.mp3','http://kjv.wordfree.net/bibles/app/audio/1/36/1.mp3');
INSERT INTO verses VALUES (1304,47,1,NULL,'span class="verse" id="1">1 </span The word of the LORD which came unto Zephaniah the son of Cushi, the son of Gedaliah, the son of Amariah, the son of Hizkiah, in the days of Josiah the son of Amon , king of Judah .');
INSERT INTO verses VALUES (1305,47,2,NULL,'I will utterly consume all things from off the land, saith the LORD.');
INSERT INTO verses VALUES (1306,47,3,NULL,'I will consume man and beast; I will consume the fowls of the heaven, and the fishes of the sea, and the stumblingblocks with the wicked: and I will cut off man from off the land, saith the LORD.');
INSERT INTO verses VALUES (1307,47,4,NULL,'I will also stretch out mine hand upon Judah , and upon all the inhabitants of Jerusalem ; and I will cut off the remnant of Baal from this place, and the name of the Chemarims with the priests;');
INSERT INTO verses VALUES (1308,47,5,NULL,'And them that worship the host of heaven upon the housetops; and them that worship and that swear by the LORD, and that swear by Malcham;');
INSERT INTO verses VALUES (1309,47,6,NULL,'And them that are turned back from the LORD; and those that have not sought the LORD, nor enquired for him.');
INSERT INTO verses VALUES (1310,47,7,NULL,'Hold thy peace at the presence of the Lord GOD: for the day of the LORD is at hand: for the LORD hath prepared a sacrifice, he hath bid his guests.');
INSERT INTO verses VALUES (1311,47,8,NULL,'And it shall come to pass in the day of the LORD''s sacrifice, that I will punish the princes, and the king''s children, and all such as are clothed with strange apparel.');
INSERT INTO verses VALUES (1312,47,9,NULL,'In the same day also will I punish all those that leap on the threshold, which fill their masters'' houses with violence and deceit.');
INSERT INTO verses VALUES (1313,47,10,NULL,'And it shall come to pass in that day, saith the LORD, that there shall be the noise of a cry from the fish gate, and an howling from the second, and a great crashing from the hills.');
INSERT INTO verses VALUES (1314,47,11,NULL,'Howl, ye inhabitants of Maktesh, for all the merchant people are cut down; all they that bear silver are cut off.');
INSERT INTO verses VALUES (1315,47,12,NULL,'And it shall come to pass at that time, that I will search Jerusalem with candles, and punish the men that are settled on their lees: that say in their heart, The LORD will not do good, neither will he do evil.');
INSERT INTO verses VALUES (1316,47,13,NULL,'Therefore their goods shall become a booty, and their houses a desolation: they shall also build houses, but not inhabit them; and they shall plant vineyards, but not drink the wine thereof.');
INSERT INTO verses VALUES (1317,47,14,NULL,'The great day of the LORD is near, it is near, and hasteth greatly, even the voice of the day of the LORD: the mighty man shall cry there bitterly.');
INSERT INTO verses VALUES (1318,47,15,NULL,'That day is a day of wrath, a day of trouble and distress, a day of wasteness and desolation, a day of darkness and gloominess, a day of clouds and thick darkness,');
INSERT INTO verses VALUES (1319,47,16,NULL,'A day of the trumpet and alarm against the fenced cities, and against the high towers.');
INSERT INTO verses VALUES (1320,47,17,NULL,'And I will bring distress upon men, that they shall walk like blind men, because they have sinned against the LORD: and their blood shall be poured out as dust, and their flesh as the dung.');
INSERT INTO verses VALUES (1321,47,18,NULL,'Neither their silver nor their gold shall be able to deliver them in the day of the LORD''s wrath; but the whole land shall be devoured by the fire of his jealousy: for he shall make even a speedy riddance of all them that dwell in the land.');
INSERT INTO chapters VALUES (48,37,1,NULL,'http://kjv.wordfree.net/bibles/app/audio/1/37/1.mp3','http://kjv.wordfree.net/bibles/app/audio/1/37/1.mp3');
INSERT INTO verses VALUES (1322,48,1,NULL,'span class="verse" id="1">1 </span In the second year of Darius the king, in the sixth month, in the first day of the month, came the word of the LORD by Haggai the prophet unto Zerubbabel the son of Shealtiel, governor of Judah , and to Joshua the son of Josedech, the high priest, saying,');
INSERT INTO verses VALUES (1323,48,2,NULL,'Thus speaketh the LORD of hosts, saying, This people say, The time is not come, the time that the LORD''s house should be built.');
INSERT INTO verses VALUES (1324,48,3,NULL,'Then came the word of the LORD by Haggai the prophet, saying,');
INSERT INTO verses VALUES (1325,48,4,NULL,'Is it time for you, O ye, to dwell in your cieled houses, and this house lie waste?');
INSERT INTO verses VALUES (1326,48,5,NULL,'Now therefore thus saith the LORD of hosts; Consider your ways.');
INSERT INTO verses VALUES (1327,48,6,NULL,'Ye have sown much, and bring in little; ye eat, but ye have not enough; ye drink, but ye are not filled with drink; ye clothe you, but there is none warm; and he that earneth wages earneth wages to put it into a bag with holes.');
INSERT INTO verses VALUES (1328,48,7,NULL,'Thus saith the LORD of hosts; Consider your ways.');
INSERT INTO verses VALUES (1329,48,8,NULL,'Go up to the mountain, and bring wood, and build the house; and I will take pleasure in it, and I will be glorified, saith the LORD.');
INSERT INTO verses VALUES (1330,48,9,NULL,'Ye looked for much, and lo, it came to little; and when ye brought it home, I did blow upon it. Why? saith the LORD of hosts. Because of mine house that is waste, and ye run every man unto his own house.');
INSERT INTO verses VALUES (1331,48,10,NULL,'Therefore the heaven over you is stayed from dew, and the earth is stayed from her fruit.');
INSERT INTO verses VALUES (1332,48,11,NULL,'And I called for a drought upon the land, and upon the mountains, and upon the corn, and upon the new wine, and upon the oil, and upon that which the ground bringeth forth, and upon men, and upon cattle, and upon all the labour of the hands.');
INSERT INTO verses VALUES (1333,48,12,NULL,'Then Zerubbabel the son of Shealtiel, and Joshua the son of Josedech, the high priest, with all the remnant of the people, obeyed the voice of the LORD their God, and the words of Haggai the prophet, as the LORD their God had sent him, and the people did fear before the LORD.');
INSERT INTO verses VALUES (1334,48,13,NULL,'Then spake Haggai the LORD''s messenger in the LORD''s message unto the people, saying, I am with you, saith the LORD.');
INSERT INTO verses VALUES (1335,48,14,NULL,'And the LORD stirred up the spirit of Zerubbabel the son of Shealtiel, governor of Judah , and the spirit of Joshua the son of Josedech, the high priest, and the spirit of all the remnant of the people; and they came and did work in the house of the LORD of hosts, their God,');
INSERT INTO verses VALUES (1336,48,15,NULL,'In the four and twentieth day of the sixth month, in the second year of Darius the king.');
INSERT INTO chapters VALUES (49,38,1,NULL,'http://kjv.wordfree.net/bibles/app/audio/1/38/1.mp3','http://kjv.wordfree.net/bibles/app/audio/1/38/1.mp3');
INSERT INTO verses VALUES (1337,49,1,NULL,'span class="verse" id="1">1 </span In the eighth month, in the second year of Darius, came the word of the LORD unto Zechariah, the son of Berechiah, the son of Iddo the prophet, saying,');
INSERT INTO verses VALUES (1338,49,2,NULL,'The LORD hath been sore displeased with your fathers.');
INSERT INTO verses VALUES (1339,49,3,NULL,'Therefore say thou unto them, Thus saith the LORD of hosts; Turn ye unto me, saith the LORD of hosts, and I will turn unto you, saith the LORD of hosts.');
INSERT INTO verses VALUES (1340,49,4,NULL,'Be ye not as your fathers, unto whom the former prophets have cried, saying, Thus saith the LORD of hosts; Turn ye now from your evil ways, and from your evil doings: but they did not hear, nor hearken unto me, saith the LORD.');
INSERT INTO verses VALUES (1341,49,5,NULL,'Your fathers, where are they? and the prophets, do they live for ever?');
INSERT INTO verses VALUES (1342,49,6,NULL,'But my words and my statutes, which I commanded my servants the prophets, did they not take hold of your fathers? and they returned and said, Like as the LORD of hosts thought to do unto us, according to our ways, and according to our doings, so hath he dealt with us.');
INSERT INTO verses VALUES (1343,49,7,NULL,'Upon the four and twentieth day of the eleventh month, which is the month Sebat, in the second year of Darius, came the word of the LORD unto Zechariah, the son of Berechiah, the son of Iddo the prophet, saying,');
INSERT INTO verses VALUES (1344,49,8,NULL,'I saw by night, and behold a man riding upon a red horse, and he stood among the myrtle trees that were in the bottom; and behind him were there red horses, speckled, and white.');
INSERT INTO verses VALUES (1345,49,9,NULL,'Then said I, O my lord, what are these? And the angel that talked with me said unto me, I will shew thee what these be.');
INSERT INTO verses VALUES (1346,49,10,NULL,'And the man that stood among the myrtle trees answered and said, These are they whom the LORD hath sent to walk to and fro through the earth.');
INSERT INTO verses VALUES (1347,49,11,NULL,'And they answered the angel of the LORD that stood among the myrtle trees, and said, We have walked to and fro through the earth, and, behold, all the earth sitteth still, and is at rest.');
INSERT INTO verses VALUES (1348,49,12,NULL,'Then the angel of the LORD answered and said, O LORD of hosts, how long wilt thou not have mercy on Jerusalem and on the cities of Judah , against which thou hast had indignation these threescore and ten years?');
INSERT INTO verses VALUES (1349,49,13,NULL,'And the LORD answered the angel that talked with me with good words and comfortable words.');
INSERT INTO verses VALUES (1350,49,14,NULL,'So the angel that communed with me said unto me, Cry thou, saying, Thus saith the LORD of hosts; I am jealous for Jerusalem and for Zion with a great jealousy.');
INSERT INTO verses VALUES (1351,49,15,NULL,'And I am very sore displeased with the heathen that are at ease: for I was but a little displeased, and they helped forward the affliction.');
INSERT INTO verses VALUES (1352,49,16,NULL,'Therefore thus saith the LORD; I am returned to Jerusalem with mercies: my house shall be built in it, saith the LORD of hosts, and a line shall be stretched forth upon Jerusalem .');
INSERT INTO verses VALUES (1353,49,17,NULL,'Cry yet, saying, Thus saith the LORD of hosts; My cities through prosperity shall yet be spread abroad; and the LORD shall yet comfort Zion, and shall yet choose Jerusalem .');
INSERT INTO verses VALUES (1354,49,18,NULL,'Then lifted I up mine eyes, and saw, and behold four horns.');
INSERT INTO verses VALUES (1355,49,19,NULL,'And I said unto the angel that talked with me, What be these? And he answered me, These are the horns which have scattered Judah , Israel , and Jerusalem .');
INSERT INTO verses VALUES (1356,49,20,NULL,'And the LORD shewed me four carpenters.');
INSERT INTO verses VALUES (1357,49,21,NULL,'Then said I, What come these to do? And he spake, saying, These are the horns which have scattered Judah , so that no man did lift up his head: but these are come to fray them, to cast out the horns of the Gentiles, which lifted up their horn over the land of Judah to scatter it.');
INSERT INTO chapters VALUES (50,39,1,NULL,'http://kjv.wordfree.net/bibles/app/audio/1/39/1.mp3','http://kjv.wordfree.net/bibles/app/audio/1/39/1.mp3');
INSERT INTO verses VALUES (1358,50,1,NULL,'span class="verse" id="1">1 </span The burden of the word of the LORD to Israel by Malachi.');
INSERT INTO verses VALUES (1359,50,2,NULL,'I have loved you, saith the LORD. Yet ye say, Wherein hast thou loved us? Was not Esau Jacob ''s brother? saith the LORD: yet I loved Jacob ,');
INSERT INTO verses VALUES (1360,50,3,NULL,'And I hated Esau , and laid his mountains and his heritage waste for the dragons of the wilderness.');
INSERT INTO verses VALUES (1361,50,4,NULL,'Whereas Edom saith, We are impoverished, but we will return and build the desolate places; thus saith the LORD of hosts, They shall build, but I will throw down; and they shall call them, The border of wickedness, and, The people against whom the LORD hath indignation for ever.');
INSERT INTO verses VALUES (1362,50,5,NULL,'And your eyes shall see, and ye shall say, The LORD will be magnified from the border of Israel .');
INSERT INTO verses VALUES (1363,50,6,NULL,'A son honoureth his father, and a servant his master: if then I be a father, where is mine honour? and if I be a master, where is my fear? saith the LORD of hosts unto you, O priests, that despise my name. And ye say, Wherein have we despised thy name?');
INSERT INTO verses VALUES (1364,50,7,NULL,'Ye offer polluted bread upon mine altar; and ye say, Wherein have we polluted thee? In that ye say, The table of the LORD is contemptible.');
INSERT INTO verses VALUES (1365,50,8,NULL,'And if ye offer the blind for sacrifice, is it not evil? and if ye offer the lame and sick, is it not evil? offer it now unto thy governor; will he be pleased with thee, or accept thy person? saith the LORD of hosts.');
INSERT INTO verses VALUES (1366,50,9,NULL,'And now, I pray you, beseech God that he will be gracious unto us: this hath been by your means: will he regard your persons? saith the LORD of hosts.');
INSERT INTO verses VALUES (1367,50,10,NULL,'Who is there even among you that would shut the doors for nought? neither do ye kindle fire on mine altar for nought. I have no pleasure in you, saith the LORD of hosts, neither will I accept an offering at your hand.');
INSERT INTO verses VALUES (1368,50,11,NULL,'For from the rising of the sun even unto the going down of the same my name shall be great among the Gentiles; and in every place incense shall be offered unto my name, and a pure offering: for my name shall be great among the heathen, saith the LORD of hosts.');
INSERT INTO verses VALUES (1369,50,12,NULL,'But ye have profaned it, in that ye say, The table of the LORD is polluted; and the fruit thereof, even his meat, is contemptible.');
INSERT INTO verses VALUES (1370,50,13,NULL,'Ye said also, Behold, what a weariness is it! and ye have snuffed at it, saith the LORD of hosts; and ye brought that which was torn, and the lame, and the sick; thus ye brought an offering: should I accept this of your hand? saith the LORD.');
INSERT INTO verses VALUES (1371,50,14,NULL,'But cursed be the deceiver, which hath in his flock a male, and voweth, and sacrificeth unto the LORD a corrupt thing: for I am a great King, saith the LORD of hosts, and my name is dreadful among the heathen.');
INSERT INTO chapters VALUES (51,40,1,NULL,'http://kjv.wordfree.net/bibles/app/audio/1/40/1.mp3','http://kjv.wordfree.net/bibles/app/audio/1/40/1.mp3');
INSERT INTO verses VALUES (1372,51,1,NULL,'span class="verse" id="1">1 </span The book of the generation of Jesus Christ , the son of David , the son of Abraham .');
INSERT INTO verses VALUES (1373,51,2,NULL,'Abraham begat Isaac ; and Isaac begat Jacob ; and Jacob begat Judas and his brethren;');
INSERT INTO verses VALUES (1374,51,3,NULL,'And Judas begat Phares and Zara of Thamar ; and Phares begat Esrom ; and Esrom begat Aram ;');
INSERT INTO verses VALUES (1375,51,4,NULL,'And Aram begat Aminadab ; and Aminadab begat Naasson ; and Naasson begat Salmon ;');
INSERT INTO verses VALUES (1376,51,5,NULL,'And Salmon begat Booz of Rachab; and Booz begat Obed of Ruth ; and Obed begat Jesse ;');
INSERT INTO verses VALUES (1377,51,6,NULL,'And Jesse begat David the king; and David the king begat Solomon of her that had been the wife of Urias ;');
INSERT INTO verses VALUES (1378,51,7,NULL,'And Solomon begat Roboam ; and Roboam begat Abia ; and Abia begat Asa ;');
INSERT INTO verses VALUES (1379,51,8,NULL,'And Asa begat Josaphat ; and Josaphat begat Joram ; and Joram begat Ozias ;');
INSERT INTO verses VALUES (1380,51,9,NULL,'And Ozias begat Joatham ; and Joatham begat Achaz ; and Achaz begat Ezekias ;');
INSERT INTO verses VALUES (1381,51,10,NULL,'And Ezekias begat Manasses ; and Manasses begat Amon ; and Amon begat Josias ;');
INSERT INTO verses VALUES (1382,51,11,NULL,'And Josias begat Jechonias and his brethren, about the time they were carried away to Babylon :');
INSERT INTO verses VALUES (1383,51,12,NULL,'And after they were brought to Babylon , Jechonias begat Salathiel ; and Salathiel begat Zorobabel ;');
INSERT INTO verses VALUES (1384,51,13,NULL,'And Zorobabel begat Abiud ; and Abiud begat Eliakim ; and Eliakim begat Azor ;');
INSERT INTO verses VALUES (1385,51,14,NULL,'And Azor begat Sadoc ; and Sadoc begat Achim ; and Achim begat Eliud ;');
INSERT INTO verses VALUES (1386,51,15,NULL,'And Eliud begat Eleazar ; and Eleazar begat Matthan ; and Matthan begat Jacob ;');
INSERT INTO verses VALUES (1387,51,16,NULL,'And Jacob begat Joseph the husband of Mary , of whom was born Jesus , who is called Christ .');
INSERT INTO verses VALUES (1388,51,17,NULL,'So all the generations from Abraham to David are fourteen generations; and from David until the carrying away into Babylon are fourteen generations; and from the carrying away into Babylon unto Christ are fourteen generations.');
INSERT INTO verses VALUES (1389,51,18,NULL,'Now the birth of Jesus Christ was on this wise: When as his mother Mary was espoused to Joseph , before they came together, she was found with child of the Holy Ghost.');
INSERT INTO verses VALUES (1390,51,19,NULL,'Then Joseph her husband, being a just man, and not willing to make her a publick example, was minded to put her away privily.');
INSERT INTO verses VALUES (1391,51,20,NULL,'But while he thought on these things, behold, the angel of the LORD appeared unto him in a dream, saying, Joseph , thou son of David , fear not to take unto thee Mary thy wife: for that which is conceived in her is of the Holy Ghost.');
INSERT INTO verses VALUES (1392,51,21,NULL,'And she shall bring forth a son, and thou shalt call his name JESUS: for he shall save his people from their sins.');
INSERT INTO verses VALUES (1393,51,22,NULL,'Now all this was done, that it might be fulfilled which was spoken of the Lord by the prophet, saying,');
INSERT INTO verses VALUES (1394,51,23,NULL,'Behold, a virgin shall be with child, and shall bring forth a son, and they shall call his name Emmanuel , which being interpreted is, God with us.');
INSERT INTO verses VALUES (1395,51,24,NULL,'Then Joseph being raised from sleep did as the angel of the Lord had bidden him, and took unto him his wife:');
INSERT INTO verses VALUES (1396,51,25,NULL,'And knew her not till she had brought forth her firstborn son: and he called his name JESUS.');
INSERT INTO chapters VALUES (52,40,4,NULL,'http://kjv.wordfree.net/bibles/app/audio/1/40/4.mp3','http://kjv.wordfree.net/bibles/app/audio/1/40/4.mp3');
INSERT INTO verses VALUES (1397,52,1,NULL,'span class="verse" id="1">1 </span Then was Jesus led up of the Spirit into the wilderness to be tempted of the devil.');
INSERT INTO verses VALUES (1398,52,2,NULL,'And when he had fasted forty days and forty nights, he was afterward an hungred.');
INSERT INTO verses VALUES (1399,52,3,NULL,'And when the tempter came to him, he said, If thou be the Son of God, command that these stones be made bread.');
INSERT INTO verses VALUES (1400,52,4,NULL,'But he answered and said, It is written, Man shall not live by bread alone, but by every word that proceedeth out of the mouth of God.');
INSERT INTO verses VALUES (1401,52,5,NULL,'Then the devil taketh him up into the holy city, and setteth him on a pinnacle of the temple,');
INSERT INTO verses VALUES (1402,52,6,NULL,'And saith unto him, If thou be the Son of God, cast thyself down: for it is written, He shall give his angels charge concerning thee: and in their hands they shall bear thee up, lest at any time thou dash thy foot against a stone.');
INSERT INTO verses VALUES (1403,52,7,NULL,'Jesus said unto him, It is written again, Thou shalt not tempt the Lord thy God.');
INSERT INTO verses VALUES (1404,52,8,NULL,'Again, the devil taketh him up into an exceeding high mountain, and sheweth him all the kingdoms of the world, and the glory of them;');
INSERT INTO verses VALUES (1405,52,9,NULL,'And saith unto him, All these things will I give thee, if thou wilt fall down and worship me.');
INSERT INTO verses VALUES (1406,52,10,NULL,'Then saith Jesus unto him, Get thee hence, Satan : for it is written, Thou shalt worship the Lord thy God, and him only shalt thou serve.');
INSERT INTO verses VALUES (1407,52,11,NULL,'Then the devil leaveth him, and, behold, angels came and ministered unto him.');
INSERT INTO verses VALUES (1408,52,12,NULL,'Now when Jesus had heard that John was cast into prison, he departed into Galilee ;');
INSERT INTO verses VALUES (1409,52,13,NULL,'And leaving Nazareth , he came and dwelt in Capernaum , which is upon the sea coast, in the borders of Zabulon and Nephthalim :');
INSERT INTO verses VALUES (1410,52,14,NULL,'That it might be fulfilled which was spoken by Esaias the prophet, saying,');
INSERT INTO verses VALUES (1411,52,15,NULL,'The land of Zabulon , and the land of Nephthalim , by the way of the sea, beyond Jordan , Galilee of the Gentiles;');
INSERT INTO verses VALUES (1412,52,16,NULL,'The people which sat in darkness saw great light; and to them which sat in the region and shadow of death light is sprung up.');
INSERT INTO verses VALUES (1413,52,17,NULL,'From that time Jesus began to preach, and to say, Repent: for the kingdom of heaven is at hand.');
INSERT INTO verses VALUES (1414,52,18,NULL,'And Jesus , walking by the sea of Galilee , saw two brethren, Simon called Peter , and Andrew his brother, casting a net into the sea: for they were fishers.');
INSERT INTO verses VALUES (1415,52,19,NULL,'And he saith unto them, Follow me, and I will make you fishers of men.');
INSERT INTO verses VALUES (1416,52,20,NULL,'And they straightway left their nets, and followed him.');
INSERT INTO verses VALUES (1417,52,21,NULL,'And going on from thence, he saw other two brethren, James the son of Zebedee , and John his brother, in a ship with Zebedee their father, mending their nets; and he called them.');
INSERT INTO verses VALUES (1418,52,22,NULL,'And they immediately left the ship and their father, and followed him.');
INSERT INTO verses VALUES (1419,52,23,NULL,'And Jesus went about all Galilee , teaching in their synagogues, and preaching the gospel of the kingdom, and healing all manner of sickness and all manner of disease among the people.');
INSERT INTO verses VALUES (1420,52,24,NULL,'And his fame went throughout all Syria : and they brought unto him all sick people that were taken with divers diseases and torments, and those which were possessed with devils, and those which were lunatick, and those that had the palsy; and he healed them.');
INSERT INTO verses VALUES (1421,52,25,NULL,'And there followed him great multitudes of people from Galilee , and from Decapolis , and from Jerusalem , and from Judaea , and from beyond Jordan .');
INSERT INTO chapters VALUES (53,40,5,NULL,'http://kjv.wordfree.net/bibles/app/audio/1/40/5.mp3','http://kjv.wordfree.net/bibles/app/audio/1/40/5.mp3');
INSERT INTO verses VALUES (1422,53,1,NULL,'span class="verse" id="1">1 </span And seeing the multitudes, he went up into a mountain: and when he was set, his disciples came unto him:');
INSERT INTO verses VALUES (1423,53,2,NULL,'And he opened his mouth, and taught them, saying,');
INSERT INTO verses VALUES (1424,53,3,NULL,'Blessed are the poor in spirit: for theirs is the kingdom of heaven.');
INSERT INTO verses VALUES (1425,53,4,NULL,'Blessed are they that mourn: for they shall be comforted.');
INSERT INTO verses VALUES (1426,53,5,NULL,'Blessed are the meek: for they shall inherit the earth.');
INSERT INTO verses VALUES (1427,53,6,NULL,'Blessed are they which do hunger and thirst after righteousness: for they shall be filled.');
INSERT INTO verses VALUES (1428,53,7,NULL,'Blessed are the merciful: for they shall obtain mercy.');
INSERT INTO verses VALUES (1429,53,8,NULL,'Blessed are the pure in heart: for they shall see God.');
INSERT INTO verses VALUES (1430,53,9,NULL,'Blessed are the peacemakers: for they shall be called the children of God.');
INSERT INTO verses VALUES (1431,53,10,NULL,'Blessed are they which are persecuted for righteousness'' sake: for theirs is the kingdom of heaven.');
INSERT INTO verses VALUES (1432,53,11,NULL,'Blessed are ye, when men shall revile you, and persecute you, and shall say all manner of evil against you falsely, for my sake.');
INSERT INTO verses VALUES (1433,53,12,NULL,'Rejoice, and be exceeding glad: for great is your reward in heaven: for so persecuted they the prophets which were before you.');
INSERT INTO verses VALUES (1434,53,13,NULL,'Ye are the salt of the earth: but if the salt have lost his savour, wherewith shall it be salted? it is thenceforth good for nothing, but to be cast out, and to be trodden under foot of men.');
INSERT INTO verses VALUES (1435,53,14,NULL,'Ye are the light of the world. A city that is set on an hill cannot be hid.');
INSERT INTO verses VALUES (1436,53,15,NULL,'Neither do men light a candle, and put it under a bushel, but on a candlestick; and it giveth light unto all that are in the house.');
INSERT INTO verses VALUES (1437,53,16,NULL,'Let your light so shine before men, that they may see your good works, and glorify your Father which is in heaven.');
INSERT INTO verses VALUES (1438,53,17,NULL,'Think not that I am come to destroy the law, or the prophets: I am not come to destroy, but to fulfil.');
INSERT INTO verses VALUES (1439,53,18,NULL,'For verily I say unto you, Till heaven and earth pass, one jot or one tittle shall in no wise pass from the law, till all be fulfilled.');
INSERT INTO verses VALUES (1440,53,19,NULL,'Whosoever therefore shall break one of these least commandments, and shall teach men so, he shall be called the least in the kingdom of heaven: but whosoever shall do and teach them, the same shall be called great in the kingdom of heaven.');
INSERT INTO verses VALUES (1441,53,20,NULL,'For I say unto you, That except your righteousness shall exceed the righteousness of the scribes and Pharisees, ye shall in no case enter into the kingdom of heaven.');
INSERT INTO verses VALUES (1442,53,21,NULL,'Ye have heard that it was said by them of old time, Thou shalt not kill; and whosoever shall kill shall be in danger of the judgment:');
INSERT INTO verses VALUES (1443,53,22,NULL,'But I say unto you, That whosoever is angry with his brother without a cause shall be in danger of the judgment: and whosoever shall say to his brother, Raca, shall be in danger of the council: but whosoever shall say, Thou fool, shall be in danger of hell fire.');
INSERT INTO verses VALUES (1444,53,23,NULL,'Therefore if thou bring thy gift to the altar, and there rememberest that thy brother hath ought against thee;');
INSERT INTO verses VALUES (1445,53,24,NULL,'Leave there thy gift before the altar, and go thy way; first be reconciled to thy brother, and then come and offer thy gift.');
INSERT INTO verses VALUES (1446,53,25,NULL,'Agree with thine adversary quickly, whiles thou art in the way with him; lest at any time the adversary deliver thee to the judge, and the judge deliver thee to the officer, and thou be cast into prison.');
INSERT INTO verses VALUES (1447,53,26,NULL,'Verily I say unto thee, Thou shalt by no means come out thence, till thou hast paid the uttermost farthing.');
INSERT INTO verses VALUES (1448,53,27,NULL,'Ye have heard that it was said by them of old time, Thou shalt not commit adultery:');
INSERT INTO verses VALUES (1449,53,28,NULL,'But I say unto you, That whosoever looketh on a woman to lust after her hath committed adultery with her already in his heart.');
INSERT INTO verses VALUES (1450,53,29,NULL,'And if thy right eye offend thee, pluck it out, and cast it from thee: for it is profitable for thee that one of thy members should perish, and not that thy whole body should be cast into hell.');
INSERT INTO verses VALUES (1451,53,30,NULL,'And if thy right hand offend thee, cut it off, and cast it from thee: for it is profitable for thee that one of thy members should perish, and not that thy whole body should be cast into hell.');
INSERT INTO verses VALUES (1452,53,31,NULL,'It hath been said, Whosoever shall put away his wife, let him give her a writing of divorcement:');
INSERT INTO verses VALUES (1453,53,32,NULL,'But I say unto you, That whosoever shall put away his wife, saving for the cause of fornication, causeth her to commit adultery: and whosoever shall marry her that is divorced committeth adultery.');
INSERT INTO verses VALUES (1454,53,33,NULL,'Again, ye have heard that it hath been said by them of old time, Thou shalt not forswear thyself, but shalt perform unto the Lord thine oaths:');
INSERT INTO verses VALUES (1455,53,34,NULL,'But I say unto you, Swear not at all; neither by heaven; for it is God''s throne:');
INSERT INTO verses VALUES (1456,53,35,NULL,'Nor by the earth; for it is his footstool: neither by Jerusalem ; for it is the city of the great King.');
INSERT INTO verses VALUES (1457,53,36,NULL,'Neither shalt thou swear by thy head, because thou canst not make one hair white or black.');
INSERT INTO verses VALUES (1458,53,37,NULL,'But let your communication be, Yea, yea; Nay, nay: for whatsoever is more than these cometh of evil.');
INSERT INTO verses VALUES (1459,53,38,NULL,'Ye have heard that it hath been said, An eye for an eye, and a tooth for a tooth:');
INSERT INTO verses VALUES (1460,53,39,NULL,'But I say unto you, That ye resist not evil: but whosoever shall smite thee on thy right cheek, turn to him the other also.');
INSERT INTO verses VALUES (1461,53,40,NULL,'And if any man will sue thee at the law, and take away thy coat, let him have thy cloke also.');
INSERT INTO verses VALUES (1462,53,41,NULL,'And whosoever shall compel thee to go a mile, go with him twain.');
INSERT INTO verses VALUES (1463,53,42,NULL,'Give to him that asketh thee, and from him that would borrow of thee turn not thou away.');
INSERT INTO verses VALUES (1464,53,43,NULL,'Ye have heard that it hath been said, Thou shalt love thy neighbour, and hate thine enemy.');
INSERT INTO verses VALUES (1465,53,44,NULL,'But I say unto you, Love your enemies, bless them that curse you, do good to them that hate you, and pray for them which despitefully use you, and persecute you;');
INSERT INTO verses VALUES (1466,53,45,NULL,'That ye may be the children of your Father which is in heaven: for he maketh his sun to rise on the evil and on the good, and sendeth rain on the just and on the unjust.');
INSERT INTO verses VALUES (1467,53,46,NULL,'For if ye love them which love you, what reward have ye? do not even the publicans the same?');
INSERT INTO verses VALUES (1468,53,47,NULL,'And if ye salute your brethren only, what do ye more than others? do not even the publicans so?');
INSERT INTO verses VALUES (1469,53,48,NULL,'Be ye therefore perfect, even as your Father which is in heaven is perfect.');
INSERT INTO chapters VALUES (54,40,6,NULL,'http://kjv.wordfree.net/bibles/app/audio/1/40/6.mp3','http://kjv.wordfree.net/bibles/app/audio/1/40/6.mp3');
INSERT INTO verses VALUES (1470,54,1,NULL,'span class="verse" id="1">1 </span Take heed that ye do not your alms before men, to be seen of them: otherwise ye have no reward of your Father which is in heaven.');
INSERT INTO verses VALUES (1471,54,2,NULL,'Therefore when thou doest thine alms, do not sound a trumpet before thee, as the hypocrites do in the synagogues and in the streets, that they may have glory of men. Verily I say unto you, They have their reward.');
INSERT INTO verses VALUES (1472,54,3,NULL,'But when thou doest alms, let not thy left hand know what thy right hand doeth:');
INSERT INTO verses VALUES (1473,54,4,NULL,'That thine alms may be in secret: and thy Father which seeth in secret himself shall reward thee openly.');
INSERT INTO verses VALUES (1474,54,5,NULL,'And when thou prayest, thou shalt not be as the hypocrites are: for they love to pray standing in the synagogues and in the corners of the streets, that they may be seen of men. Verily I say unto you, They have their reward.');
INSERT INTO verses VALUES (1475,54,6,NULL,'But thou, when thou prayest, enter into thy closet, and when thou hast shut thy door, pray to thy Father which is in secret; and thy Father which seeth in secret shall reward thee openly.');
INSERT INTO verses VALUES (1476,54,7,NULL,'But when ye pray, use not vain repetitions, as the heathen do: for they think that they shall be heard for their much speaking.');
INSERT INTO verses VALUES (1477,54,8,NULL,'Be not ye therefore like unto them: for your Father knoweth what things ye have need of, before ye ask him.');
INSERT INTO verses VALUES (1478,54,9,NULL,'After this manner therefore pray ye: Our Father which art in heaven, Hallowed be thy name.');
INSERT INTO verses VALUES (1479,54,10,NULL,'Thy kingdom come. Thy will be done in earth, as it is in heaven.');
INSERT INTO verses VALUES (1480,54,11,NULL,'Give us this day our daily bread.');
INSERT INTO verses VALUES (1481,54,12,NULL,'And forgive us our debts, as we forgive our debtors.');
INSERT INTO verses VALUES (1482,54,13,NULL,'And lead us not into temptation, but deliver us from evil: For thine is the kingdom, and the power, and the glory, for ever. Amen.');
INSERT INTO verses VALUES (1483,54,14,NULL,'For if ye forgive men their trespasses, your heavenly Father will also forgive you:');
INSERT INTO verses VALUES (1484,54,15,NULL,'But if ye forgive not men their trespasses, neither will your Father forgive your trespasses.');
INSERT INTO verses VALUES (1485,54,16,NULL,'Moreover when ye fast, be not, as the hypocrites, of a sad countenance: for they disfigure their faces, that they may appear unto men to fast. Verily I say unto you, They have their reward.');
INSERT INTO verses VALUES (1486,54,17,NULL,'But thou, when thou fastest, anoint thine head, and wash thy face;');
INSERT INTO verses VALUES (1487,54,18,NULL,'That thou appear not unto men to fast, but unto thy Father which is in secret: and thy Father, which seeth in secret, shall reward thee openly.');
INSERT INTO verses VALUES (1488,54,19,NULL,'Lay not up for yourselves treasures upon earth, where moth and rust doth corrupt, and where thieves break through and steal:');
INSERT INTO verses VALUES (1489,54,20,NULL,'But lay up for yourselves treasures in heaven, where neither moth nor rust doth corrupt, and where thieves do not break through nor steal:');
INSERT INTO verses VALUES (1490,54,21,NULL,'For where your treasure is, there will your heart be also.');
INSERT INTO verses VALUES (1491,54,22,NULL,'The light of the body is the eye: if therefore thine eye be single, thy whole body shall be full of light.');
INSERT INTO verses VALUES (1492,54,23,NULL,'But if thine eye be evil, thy whole body shall be full of darkness. If therefore the light that is in thee be darkness, how great is that darkness!');
INSERT INTO verses VALUES (1493,54,24,NULL,'No man can serve two masters: for either he will hate the one, and love the other; or else he will hold to the one, and despise the other. Ye cannot serve God and mammon.');
INSERT INTO verses VALUES (1494,54,25,NULL,'Therefore I say unto you, Take no thought for your life, what ye shall eat, or what ye shall drink; nor yet for your body, what ye shall put on. Is not the life more than meat, and the body than raiment?');
INSERT INTO verses VALUES (1495,54,26,NULL,'Behold the fowls of the air: for they sow not, neither do they reap, nor gather into barns; yet your heavenly Father feedeth them. Are ye not much better than they?');
INSERT INTO verses VALUES (1496,54,27,NULL,'Which of you by taking thought can add one cubit unto his stature?');
INSERT INTO verses VALUES (1497,54,28,NULL,'And why take ye thought for raiment? Consider the lilies of the field, how they grow; they toil not, neither do they spin:');
INSERT INTO verses VALUES (1498,54,29,NULL,'And yet I say unto you, That even Solomon in all his glory was not arrayed like one of these.');
INSERT INTO verses VALUES (1499,54,30,NULL,'Wherefore, if God so clothe the grass of the field, which to day is, and to morrow is cast into the oven, shall he not much more clothe you, O ye of little faith?');
INSERT INTO verses VALUES (1500,54,31,NULL,'Therefore take no thought, saying, What shall we eat? or, What shall we drink? or, Wherewithal shall we be clothed?');
INSERT INTO verses VALUES (1501,54,32,NULL,'(For after all these things do the Gentiles seek:) for your heavenly Father knoweth that ye have need of all these things.');
INSERT INTO verses VALUES (1502,54,33,NULL,'But seek ye first the kingdom of God, and his righteousness; and all these things shall be added unto you.');
INSERT INTO verses VALUES (1503,54,34,NULL,'Take therefore no thought for the morrow: for the morrow shall take thought for the things of itself. Sufficient unto the day is the evil thereof.');
INSERT INTO chapters VALUES (55,41,1,NULL,'http://kjv.wordfree.net/bibles/app/audio/1/41/1.mp3','http://kjv.wordfree.net/bibles/app/audio/1/41/1.mp3');
INSERT INTO verses VALUES (1504,55,1,NULL,'span class="verse" id="1">1 </span The beginning of the gospel of Jesus Christ , the Son of God;');
INSERT INTO verses VALUES (1505,55,2,NULL,'As it is written in the prophets, Behold, I send my messenger before thy face, which shall prepare thy way before thee.');
INSERT INTO verses VALUES (1506,55,3,NULL,'The voice of one crying in the wilderness, Prepare ye the way of the Lord, make his paths straight.');
INSERT INTO verses VALUES (1507,55,4,NULL,'John did baptize in the wilderness, and preach the baptism of repentance for the remission of sins.');
INSERT INTO verses VALUES (1508,55,5,NULL,'And there went out unto him all the land of Judæa , and they of Jerusalem , and were all baptized of him in the river of Jordan , confessing their sins.');
INSERT INTO verses VALUES (1509,55,6,NULL,'And John was clothed with camel''s hair, and with a girdle of a skin about his loins; and he did eat locusts and wild honey;');
INSERT INTO verses VALUES (1510,55,7,NULL,'And preached, saying, There cometh one mightier than I after me, the latchet of whose shoes I am not worthy to stoop down and unloose.');
INSERT INTO verses VALUES (1511,55,8,NULL,'I indeed have baptized you with water: but he shall baptize you with the Holy Ghost.');
INSERT INTO verses VALUES (1512,55,9,NULL,'And it came to pass in those days, that Jesus came from Nazareth of Galilee , and was baptized of John in Jordan .');
INSERT INTO verses VALUES (1513,55,10,NULL,'And straightway coming up out of the water, he saw the heavens opened, and the Spirit like a dove descending upon him:');
INSERT INTO verses VALUES (1514,55,11,NULL,'And there came a voice from heaven, saying, Thou art my beloved Son, in whom I am well pleased.');
INSERT INTO verses VALUES (1515,55,12,NULL,'And immediately the Spirit driveth him into the wilderness.');
INSERT INTO verses VALUES (1516,55,13,NULL,'And he was there in the wilderness forty days, tempted of Satan ; and was with the wild beasts; and the angels ministered unto him.');
INSERT INTO verses VALUES (1517,55,14,NULL,'Now after that John was put in prison, Jesus came into Galilee , preaching the gospel of the kingdom of God,');
INSERT INTO verses VALUES (1518,55,15,NULL,'And saying, The time is fulfilled, and the kingdom of God is at hand: repent ye, and believe the gospel.');
INSERT INTO verses VALUES (1519,55,16,NULL,'Now as he walked by the sea of Galilee , he saw Simon and Andrew his brother casting a net into the sea: for they were fishers.');
INSERT INTO verses VALUES (1520,55,17,NULL,'And Jesus said unto them, Come ye after me, and I will make you to become fishers of men.');
INSERT INTO verses VALUES (1521,55,18,NULL,'And straightway they forsook their nets, and followed him.');
INSERT INTO verses VALUES (1522,55,19,NULL,'And when he had gone a little further thence, he saw James the son of Zebedee , and John his brother, who also were in the ship mending their nets.');
INSERT INTO verses VALUES (1523,55,20,NULL,'And straightway he called them: and they left their father Zebedee in the ship with the hired servants, and went after him.');
INSERT INTO verses VALUES (1524,55,21,NULL,'And they went into Capernaum ; and straightway on the sabbath day he entered into the synagogue, and taught.');
INSERT INTO verses VALUES (1525,55,22,NULL,'And they were astonished at his doctrine: for he taught them as one that had authority, and not as the scribes.');
INSERT INTO verses VALUES (1526,55,23,NULL,'And there was in their synagogue a man with an unclean spirit; and he cried out,');
INSERT INTO verses VALUES (1527,55,24,NULL,'Saying, Let us alone; what have we to do with thee, thou Jesus of Nazareth ? art thou come to destroy us? I know thee who thou art, the Holy One of God.');
INSERT INTO verses VALUES (1528,55,25,NULL,'And Jesus rebuked him, saying, Hold thy peace, and come out of him.');
INSERT INTO verses VALUES (1529,55,26,NULL,'And when the unclean spirit had torn him, and cried with a loud voice, he came out of him.');
INSERT INTO verses VALUES (1530,55,27,NULL,'And they were all amazed, insomuch that they questioned among themselves, saying, What thing is this? what new doctrine is this? for with authority commandeth he even the unclean spirits, and they do obey him.');
INSERT INTO verses VALUES (1531,55,28,NULL,'And immediately his fame spread abroad throughout all the region round about Galilee .');
INSERT INTO verses VALUES (1532,55,29,NULL,'And forthwith, when they were come out of the synagogue, they entered into the house of Simon and Andrew , with James and John .');
INSERT INTO verses VALUES (1533,55,30,NULL,'But Simon ''s wife''s mother lay sick of a fever, and anon they tell him of her.');
INSERT INTO verses VALUES (1534,55,31,NULL,'And he came and took her by the hand, and lifted her up; and immediately the fever left her, and she ministered unto them.');
INSERT INTO verses VALUES (1535,55,32,NULL,'And at even, when the sun did set, they brought unto him all that were diseased, and them that were possessed with devils.');
INSERT INTO verses VALUES (1536,55,33,NULL,'And all the city was gathered together at the door.');
INSERT INTO verses VALUES (1537,55,34,NULL,'And he healed many that were sick of divers diseases, and cast out many devils; and suffered not the devils to speak, because they knew him.');
INSERT INTO verses VALUES (1538,55,35,NULL,'And in the morning, rising up a great while before day, he went out, and departed into a solitary place, and there prayed.');
INSERT INTO verses VALUES (1539,55,36,NULL,'And Simon and they that were with him followed after him.');
INSERT INTO verses VALUES (1540,55,37,NULL,'And when they had found him, they said unto him, All men seek for thee.');
INSERT INTO verses VALUES (1541,55,38,NULL,'And he said unto them, Let us go into the next towns, that I may preach there also: for therefore came I forth.');
INSERT INTO verses VALUES (1542,55,39,NULL,'And he preached in their synagogues throughout all Galilee , and cast out devils.');
INSERT INTO verses VALUES (1543,55,40,NULL,'And there came a leper to him, beseeching him, and kneeling down to him, and saying unto him, If thou wilt, thou canst make me clean.');
INSERT INTO verses VALUES (1544,55,41,NULL,'And Jesus , moved with compassion, put forth his hand, and touched him, and saith unto him, I will; be thou clean.');
INSERT INTO verses VALUES (1545,55,42,NULL,'And as soon as he had spoken, immediately the leprosy departed from him, and he was cleansed.');
INSERT INTO verses VALUES (1546,55,43,NULL,'And he straitly charged him, and forthwith sent him away;');
INSERT INTO verses VALUES (1547,55,44,NULL,'And saith unto him, See thou say nothing to any man: but go thy way, shew thyself to the priest, and offer for thy cleansing those things which Moses commanded, for a testimony unto them.');
INSERT INTO verses VALUES (1548,55,45,NULL,'But he went out, and began to publish it much, and to blaze abroad the matter, insomuch that Jesus could no more openly enter into the city, but was without in desert places: and they came to him from every quarter.');
INSERT INTO chapters VALUES (56,41,8,NULL,'http://kjv.wordfree.net/bibles/app/audio/1/41/8.mp3','http://kjv.wordfree.net/bibles/app/audio/1/41/8.mp3');
INSERT INTO verses VALUES (1549,56,1,NULL,'span class="verse" id="1">1 </span In those days the multitude being very great, and having nothing to eat, Jesus called his disciples unto him, and saith unto them,');
INSERT INTO verses VALUES (1550,56,2,NULL,'I have compassion on the multitude, because they have now been with me three days, and have nothing to eat:');
INSERT INTO verses VALUES (1551,56,3,NULL,'And if I send them away fasting to their own houses, they will faint by the way: for divers of them came from far.');
INSERT INTO verses VALUES (1552,56,4,NULL,'And his disciples answered him, From whence can a man satisfy these men with bread here in the wilderness?');
INSERT INTO verses VALUES (1553,56,5,NULL,'And he asked them, How many loaves have ye? And they said, Seven.');
INSERT INTO verses VALUES (1554,56,6,NULL,'And he commanded the people to sit down on the ground: and he took the seven loaves, and gave thanks, and brake, and gave to his disciples to set before them; and they did set them before the people.');
INSERT INTO verses VALUES (1555,56,7,NULL,'And they had a few small fishes: and he blessed, and commanded to set them also before them.');
INSERT INTO verses VALUES (1556,56,8,NULL,'So they did eat, and were filled: and they took up of the broken meat that was left seven baskets.');
INSERT INTO verses VALUES (1557,56,9,NULL,'And they that had eaten were about four thousand: and he sent them away.');
INSERT INTO verses VALUES (1558,56,10,NULL,'And straightway he entered into a ship with his disciples, and came into the parts of Dalmanutha.');
INSERT INTO verses VALUES (1559,56,11,NULL,'And the Pharisees came forth, and began to question with him, seeking of him a sign from heaven, tempting him.');
INSERT INTO verses VALUES (1560,56,12,NULL,'And he sighed deeply in his spirit, and saith, Why doth this generation seek after a sign? verily I say unto you, There shall no sign be given unto this generation.');
INSERT INTO verses VALUES (1561,56,13,NULL,'And he left them, and entering into the ship again departed to the other side.');
INSERT INTO verses VALUES (1562,56,14,NULL,'Now the disciples had forgotten to take bread, neither had they in the ship with them more than one loaf.');
INSERT INTO verses VALUES (1563,56,15,NULL,'And he charged them, saying, Take heed, beware of the leaven of the Pharisees, and of the leaven of Herod .');
INSERT INTO verses VALUES (1564,56,16,NULL,'And they reasoned among themselves, saying, It is because we have no bread.');
INSERT INTO verses VALUES (1565,56,17,NULL,'And when Jesus knew it, he saith unto them, Why reason ye, because ye have no bread? perceive ye not yet, neither understand? have ye your heart yet hardened?');
INSERT INTO verses VALUES (1566,56,18,NULL,'Having eyes, see ye not? and having ears, hear ye not? and do ye not remember?');
INSERT INTO verses VALUES (1567,56,19,NULL,'When I brake the five loaves among five thousand, how many baskets full of fragments took ye up? They say unto him, Twelve.');
INSERT INTO verses VALUES (1568,56,20,NULL,'And when the seven among four thousand, how many baskets full of fragments took ye up? And they said, Seven.');
INSERT INTO verses VALUES (1569,56,21,NULL,'And he said unto them, How is it that ye do not understand?');
INSERT INTO verses VALUES (1570,56,22,NULL,'And he cometh to Bethsaida ; and they bring a blind man unto him, and besought him to touch him.');
INSERT INTO verses VALUES (1571,56,23,NULL,'And he took the blind man by the hand, and led him out of the town; and when he had spit on his eyes, and put his hands upon him, he asked him if he saw ought.');
INSERT INTO verses VALUES (1572,56,24,NULL,'And he looked up, and said, I see men as trees, walking.');
INSERT INTO verses VALUES (1573,56,25,NULL,'After that he put his hands again upon his eyes, and made him look up: and he was restored, and saw every man clearly.');
INSERT INTO verses VALUES (1574,56,26,NULL,'And he sent him away to his house, saying, Neither go into the town, nor tell it to any in the town.');
INSERT INTO verses VALUES (1575,56,27,NULL,'And Jesus went out, and his disciples, into the towns of Cæsarea Philippi : and by the way he asked his disciples, saying unto them, Whom do men say that I am?');
INSERT INTO verses VALUES (1576,56,28,NULL,'And they answered, John the Baptist: but some say, Elias; and others, One of the prophets.');
INSERT INTO verses VALUES (1577,56,29,NULL,'And he saith unto them, But whom say ye that I am? And Peter answereth and saith unto him, Thou art the Christ .');
INSERT INTO verses VALUES (1578,56,30,NULL,'And he charged them that they should tell no man of him.');
INSERT INTO verses VALUES (1579,56,31,NULL,'And he began to teach them, that the Son of man must suffer many things, and be rejected of the elders, and of the chief priests, and scribes, and be killed, and after three days rise again.');
INSERT INTO verses VALUES (1580,56,32,NULL,'And he spake that saying openly. And Peter took him, and began to rebuke him.');
INSERT INTO verses VALUES (1581,56,33,NULL,'But when he had turned about and looked on his disciples, he rebuked Peter , saying, Get thee behind me, Satan : for thou savourest not the things that be of God, but the things that be of men.');
INSERT INTO verses VALUES (1582,56,34,NULL,'And when he had called the people unto him with his disciples also, he said unto them, Whosoever will come after me, let him deny himself, and take up his cross, and follow me.');
INSERT INTO verses VALUES (1583,56,35,NULL,'For whosoever will save his life shall lose it; but whosoever shall lose his life for my sake and the gospel''s, the same shall save it.');
INSERT INTO verses VALUES (1584,56,36,NULL,'For what shall it profit a man, if he shall gain the whole world, and lose his own soul?');
INSERT INTO verses VALUES (1585,56,37,NULL,'Or what shall a man give in exchange for his soul?');
INSERT INTO verses VALUES (1586,56,38,NULL,'Whosoever therefore shall be ashamed of me and of my words in this adulterous and sinful generation; of him also shall the Son of man be ashamed, when he cometh in the glory of his Father with the holy angels.');
INSERT INTO chapters VALUES (57,41,10,NULL,'http://kjv.wordfree.net/bibles/app/audio/1/41/10.mp3','http://kjv.wordfree.net/bibles/app/audio/1/41/10.mp3');
INSERT INTO verses VALUES (1587,57,1,NULL,'span class="verse" id="1">1 </span And he arose from thence, and cometh into the coasts of Judæa by the farther side of Jordan : and the people resort unto him again; and, as he was wont, he taught them again.');
INSERT INTO verses VALUES (1588,57,2,NULL,'And the Pharisees came to him, and asked him, Is it lawful for a man to put away his wife? tempting him.');
INSERT INTO verses VALUES (1589,57,3,NULL,'And he answered and said unto them, What did Moses command you?');
INSERT INTO verses VALUES (1590,57,4,NULL,'And they said, Moses suffered to write a bill of divorcement, and to put her away.');
INSERT INTO verses VALUES (1591,57,5,NULL,'And Jesus answered and said unto them, For the hardness of your heart he wrote you this precept.');
INSERT INTO verses VALUES (1592,57,6,NULL,'But from the beginning of the creation God made them male and female.');
INSERT INTO verses VALUES (1593,57,7,NULL,'For this cause shall a man leave his father and mother, and cleave to his wife;');
INSERT INTO verses VALUES (1594,57,8,NULL,'And they twain shall be one flesh: so then they are no more twain, but one flesh.');
INSERT INTO verses VALUES (1595,57,9,NULL,'What therefore God hath joined together, let not man put asunder.');
INSERT INTO verses VALUES (1596,57,10,NULL,'And in the house his disciples asked him again of the same matter.');
INSERT INTO verses VALUES (1597,57,11,NULL,'And he saith unto them, Whosoever shall put away his wife, and marry another, committeth adultery against her.');
INSERT INTO verses VALUES (1598,57,12,NULL,'And if a woman shall put away her husband, and be married to another, she committeth adultery.');
INSERT INTO verses VALUES (1599,57,13,NULL,'And they brought young children to him, that he should touch them: and his disciples rebuked those that brought them.');
INSERT INTO verses VALUES (1600,57,14,NULL,'But when Jesus saw it, he was much displeased, and said unto them, Suffer the little children to come unto me, and forbid them not: for of such is the kingdom of God.');
INSERT INTO verses VALUES (1601,57,15,NULL,'Verily I say unto you, Whosoever shall not receive the kingdom of God as a little child, he shall not enter therein.');
INSERT INTO verses VALUES (1602,57,16,NULL,'And he took them up in his arms, put his hands upon them, and blessed them.');
INSERT INTO verses VALUES (1603,57,17,NULL,'And when he was gone forth into the way, there came one running, and kneeled to him, and asked him, Good Master, what shall I do that I may inherit eternal life?');
INSERT INTO verses VALUES (1604,57,18,NULL,'And Jesus said unto him, Why callest thou me good? there is none good but one, that is, God.');
INSERT INTO verses VALUES (1605,57,19,NULL,'Thou knowest the commandments, Do not commit adultery, Do not kill, Do not steal, Do not bear false witness, Defraud not, Honour thy father and mother.');
INSERT INTO verses VALUES (1606,57,20,NULL,'And he answered and said unto him, Master, all these have I observed from my youth.');
INSERT INTO verses VALUES (1607,57,21,NULL,'Then Jesus beholding him loved him, and said unto him, One thing thou lackest: go thy way, sell whatsoever thou hast, and give to the poor, and thou shalt have treasure in heaven: and come, take up the cross, and follow me.');
INSERT INTO verses VALUES (1608,57,22,NULL,'And he was sad at that saying, and went away grieved: for he had great possessions.');
INSERT INTO verses VALUES (1609,57,23,NULL,'And Jesus looked round about, and saith unto his disciples, How hardly shall they that have riches enter into the kingdom of God!');
INSERT INTO verses VALUES (1610,57,24,NULL,'And the disciples were astonished at his words. But Jesus answereth again, and saith unto them, Children, how hard is it for them that trust in riches to enter into the kingdom of God!');
INSERT INTO verses VALUES (1611,57,25,NULL,'It is easier for a camel to go through the eye of a needle, than for a rich man to enter into the kingdom of God.');
INSERT INTO verses VALUES (1612,57,26,NULL,'And they were astonished out of measure, saying among themselves, Who then can be saved?');
INSERT INTO verses VALUES (1613,57,27,NULL,'And Jesus looking upon them saith, With men it is impossible, but not with God: for with God all things are possible.');
INSERT INTO verses VALUES (1614,57,28,NULL,'Then Peter began to say unto him, Lo, we have left all, and have followed thee.');
INSERT INTO verses VALUES (1615,57,29,NULL,'And Jesus answered and said, Verily I say unto you, There is no man that hath left house, or brethren, or sisters, or father, or mother, or wife, or children, or lands, for my sake, and the gospel''s,');
INSERT INTO verses VALUES (1616,57,30,NULL,'But he shall receive an hundredfold now in this time, houses, and brethren, and sisters, and mothers, and children, and lands, with persecutions; and in the world to come eternal life.');
INSERT INTO verses VALUES (1617,57,31,NULL,'But many that are first shall be last; and the last first.');
INSERT INTO verses VALUES (1618,57,32,NULL,'And they were in the way going up to Jerusalem ; and Jesus went before them: and they were amazed; and as they followed, they were afraid. And he took again the twelve, and began to tell them what things should happen unto him,');
INSERT INTO verses VALUES (1619,57,33,NULL,'Saying, Behold, we go up to Jerusalem ; and the Son of man shall be delivered unto the chief priests, and unto the scribes; and they shall condemn him to death, and shall deliver him to the Gentiles:');
INSERT INTO verses VALUES (1620,57,34,NULL,'And they shall mock him, and shall scourge him, and shall spit upon him, and shall kill him: and the third day he shall rise again.');
INSERT INTO verses VALUES (1621,57,35,NULL,'And James and John , the sons of Zebedee , come unto him, saying, Master, we would that thou shouldest do for us whatsoever we shall desire.');
INSERT INTO verses VALUES (1622,57,36,NULL,'And he said unto them, What would ye that I should do for you?');
INSERT INTO verses VALUES (1623,57,37,NULL,'They said unto him, Grant unto us that we may sit, one on thy right hand, and the other on thy left hand, in thy glory.');
INSERT INTO verses VALUES (1624,57,38,NULL,'But Jesus said unto them, Ye know not what ye ask: can ye drink of the cup that I drink of? and be baptized with the baptism that I am baptized with?');
INSERT INTO verses VALUES (1625,57,39,NULL,'And they said unto him, We can. And Jesus said unto them, Ye shall indeed drink of the cup that I drink of; and with the baptism that I am baptized withal shall ye be baptized:');
INSERT INTO verses VALUES (1626,57,40,NULL,'But to sit on my right hand and on my left hand is not mine to give; but it shall be given to them for whom it is prepared.');
INSERT INTO verses VALUES (1627,57,41,NULL,'And when the ten heard it, they began to be much displeased with James and John .');
INSERT INTO verses VALUES (1628,57,42,NULL,'But Jesus called them to him, and saith unto them, Ye know that they which are accounted to rule over the Gentiles exercise lordship over them; and their great ones exercise authority upon them.');
INSERT INTO verses VALUES (1629,57,43,NULL,'But so shall it not be among you: but whosoever will be great among you, shall be your minister:');
INSERT INTO verses VALUES (1630,57,44,NULL,'And whosoever of you will be the chiefest, shall be servant of all.');
INSERT INTO verses VALUES (1631,57,45,NULL,'For even the Son of man came not to be ministered unto, but to minister, and to give his life a ransom for many.');
INSERT INTO verses VALUES (1632,57,46,NULL,'And they came to Jericho : and as he went out of Jericho with his disciples and a great number of people, blind Bartimæus, the son of Timæus, sat by the highway side begging.');
INSERT INTO verses VALUES (1633,57,47,NULL,'And when he heard that it was Jesus of Nazareth , he began to cry out, and say, Jesus , thou son of David , have mercy on me.');
INSERT INTO verses VALUES (1634,57,48,NULL,'And many charged him that he should hold his peace: but he cried the more a great deal, Thou son of David , have mercy on me.');
INSERT INTO verses VALUES (1635,57,49,NULL,'And Jesus stood still, and commanded him to be called. And they call the blind man, saying unto him, Be of good comfort, rise; he calleth thee.');
INSERT INTO verses VALUES (1636,57,50,NULL,'And he, casting away his garment, rose, and came to Jesus .');
INSERT INTO verses VALUES (1637,57,51,NULL,'And Jesus answered and said unto him, What wilt thou that I should do unto thee? The blind man said unto him, Lord, that I might receive my sight.');
INSERT INTO verses VALUES (1638,57,52,NULL,'And Jesus said unto him, Go thy way; thy faith hath made thee whole. And immediately he received his sight, and followed Jesus in the way.');
INSERT INTO chapters VALUES (58,41,11,NULL,'http://kjv.wordfree.net/bibles/app/audio/1/41/11.mp3','http://kjv.wordfree.net/bibles/app/audio/1/41/11.mp3');
INSERT INTO verses VALUES (1639,58,1,NULL,'span class="verse" id="1">1 </span And when they came nigh to Jerusalem , unto Bethphage and Bethany , at the mount of Olives, he sendeth forth two of his disciples,');
INSERT INTO verses VALUES (1640,58,2,NULL,'And saith unto them, Go your way into the village over against you: and as soon as ye be entered into it, ye shall find a colt tied, whereon never man sat; loose him, and bring him.');
INSERT INTO verses VALUES (1641,58,3,NULL,'And if any man say unto you, Why do ye this? say ye that the Lord hath need of him; and straightway he will send him hither.');
INSERT INTO verses VALUES (1642,58,4,NULL,'And they went their way, and found the colt tied by the door without in a place where two ways met; and they loose him.');
INSERT INTO verses VALUES (1643,58,5,NULL,'And certain of them that stood there said unto them, What do ye, loosing the colt?');
INSERT INTO verses VALUES (1644,58,6,NULL,'And they said unto them even as Jesus had commanded: and they let them go.');
INSERT INTO verses VALUES (1645,58,7,NULL,'And they brought the colt to Jesus , and cast their garments on him; and he sat upon him.');
INSERT INTO verses VALUES (1646,58,8,NULL,'And many spread their garments in the way: and others cut down branches off the trees, and strawed them in the way.');
INSERT INTO verses VALUES (1647,58,9,NULL,'And they that went before, and they that followed, cried, saying, Hosanna; Blessed is he that cometh in the name of the Lord:');
INSERT INTO verses VALUES (1648,58,10,NULL,'Blessed be the kingdom of our father David , that cometh in the name of the Lord: Hosanna in the highest.');
INSERT INTO verses VALUES (1649,58,11,NULL,'And Jesus entered into Jerusalem , and into the temple: and when he had looked round about upon all things, and now the eventide was come, he went out unto Bethany with the twelve.');
INSERT INTO verses VALUES (1650,58,12,NULL,'And on the morrow, when they were come from Bethany , he was hungry:');
INSERT INTO verses VALUES (1651,58,13,NULL,'And seeing a fig tree afar off having leaves, he came, if haply he might find any thing thereon: and when he came to it, he found nothing but leaves; for the time of figs was not yet.');
INSERT INTO verses VALUES (1652,58,14,NULL,'And Jesus answered and said unto it, No man eat fruit of thee hereafter for ever. And his disciples heard it.');
INSERT INTO verses VALUES (1653,58,15,NULL,'And they come to Jerusalem : and Jesus went into the temple, and began to cast out them that sold and bought in the temple, and overthrew the tables of the moneychangers, and the seats of them that sold doves;');
INSERT INTO verses VALUES (1654,58,16,NULL,'And would not suffer that any man should carry any vessel through the temple.');
INSERT INTO verses VALUES (1655,58,17,NULL,'And he taught, saying unto them, Is it not written, My house shall be called of all nations the house of prayer? but ye have made it a den of thieves.');
INSERT INTO verses VALUES (1656,58,18,NULL,'And the scribes and chief priests heard it, and sought how they might destroy him: for they feared him, because all the people was astonished at his doctrine.');
INSERT INTO verses VALUES (1657,58,19,NULL,'And when even was come, he went out of the city.');
INSERT INTO verses VALUES (1658,58,20,NULL,'And in the morning, as they passed by, they saw the fig tree dried up from the roots.');
INSERT INTO verses VALUES (1659,58,21,NULL,'And Peter calling to remembrance saith unto him, Master, behold, the fig tree which thou cursedst is withered away.');
INSERT INTO verses VALUES (1660,58,22,NULL,'And Jesus answering saith unto them, Have faith in God.');
INSERT INTO verses VALUES (1661,58,23,NULL,'For verily I say unto you, That whosoever shall say unto this mountain, Be thou removed, and be thou cast into the sea; and shall not doubt in his heart, but shall believe that those things which he saith shall come to pass; he shall have whatsoever he saith.');
INSERT INTO verses VALUES (1662,58,24,NULL,'Therefore I say unto you, What things soever ye desire, when ye pray, believe that ye receive them, and ye shall have them.');
INSERT INTO verses VALUES (1663,58,25,NULL,'And when ye stand praying, forgive, if ye have ought against any: that your Father also which is in heaven may forgive you your trespasses.');
INSERT INTO verses VALUES (1664,58,26,NULL,'But if ye do not forgive, neither will your Father which is in heaven forgive your trespasses.');
INSERT INTO verses VALUES (1665,58,27,NULL,'And they come again to Jerusalem : and as he was walking in the temple, there come to him the chief priests, and the scribes, and the elders,');
INSERT INTO verses VALUES (1666,58,28,NULL,'And say unto him, By what authority doest thou these things? and who gave thee this authority to do these things?');
INSERT INTO verses VALUES (1667,58,29,NULL,'And Jesus answered and said unto them, I will also ask of you one question, and answer me, and I will tell you by what authority I do these things.');
INSERT INTO verses VALUES (1668,58,30,NULL,'The baptism of John , was it from heaven, or of men? answer me.');
INSERT INTO verses VALUES (1669,58,31,NULL,'And they reasoned with themselves, saying, If we shall say, From heaven; he will say, Why then did ye not believe him?');
INSERT INTO verses VALUES (1670,58,32,NULL,'But if we shall say, Of men; they feared the people: for all men counted John , that he was a prophet indeed.');
INSERT INTO verses VALUES (1671,58,33,NULL,'And they answered and said unto Jesus , We cannot tell. And Jesus answering saith unto them, Neither do I tell you by what authority I do these things.');
INSERT INTO chapters VALUES (59,42,1,NULL,'http://kjv.wordfree.net/bibles/app/audio/1/42/1.mp3','http://kjv.wordfree.net/bibles/app/audio/1/42/1.mp3');
INSERT INTO verses VALUES (1672,59,1,NULL,'span class="verse" id="1">1 </span Forasmuch as many have taken in hand to set forth in order a declaration of those things which are most surely believed among us,');
INSERT INTO verses VALUES (1673,59,2,NULL,'Even as they delivered them unto us, which from the beginning were eyewitnesses, and ministers of the word;');
INSERT INTO verses VALUES (1674,59,3,NULL,'It seemed good to me also, having had perfect understanding of all things from the very first, to write unto thee in order, most excellent Theophilus,');
INSERT INTO verses VALUES (1675,59,4,NULL,'That thou mightest know the certainty of those things, wherein thou hast been instructed.');
INSERT INTO verses VALUES (1676,59,5,NULL,'There was in the days of Herod , the king of Judæa , a certain priest named Zacharias , of the course of Abia : and his wife was of the daughters of Aaron , and her name was Elisabeth.');
INSERT INTO verses VALUES (1677,59,6,NULL,'And they were both righteous before God, walking in all the commandments and ordinances of the Lord blameless.');
INSERT INTO verses VALUES (1678,59,7,NULL,'And they had no child, because that Elisabeth was barren, and they both were now well stricken in years.');
INSERT INTO verses VALUES (1679,59,8,NULL,'And it came to pass, that while he executed the priest''s office before God in the order of his course,');
INSERT INTO verses VALUES (1680,59,9,NULL,'According to the custom of the priest''s office, his lot was to burn incense when he went into the temple of the Lord.');
INSERT INTO verses VALUES (1681,59,10,NULL,'And the whole multitude of the people were praying without at the time of incense.');
INSERT INTO verses VALUES (1682,59,11,NULL,'And there appeared unto him an angel of the Lord standing on the right side of the altar of incense.');
INSERT INTO verses VALUES (1683,59,12,NULL,'And when Zacharias saw him, he was troubled, and fear fell upon him.');
INSERT INTO verses VALUES (1684,59,13,NULL,'But the angel said unto him, Fear not, Zacharias : for thy prayer is heard; and thy wife Elisabeth shall bear thee a son, and thou shalt call his name John .');
INSERT INTO verses VALUES (1685,59,14,NULL,'And thou shalt have joy and gladness; and many shall rejoice at his birth.');
INSERT INTO verses VALUES (1686,59,15,NULL,'For he shall be great in the sight of the Lord, and shall drink neither wine nor strong drink; and he shall be filled with the Holy Ghost, even from his mother''s womb.');
INSERT INTO verses VALUES (1687,59,16,NULL,'And many of the children of Israel shall he turn to the Lord their God.');
INSERT INTO verses VALUES (1688,59,17,NULL,'And he shall go before him in the spirit and power of Elias, to turn the hearts of the fathers to the children, and the disobedient to the wisdom of the just; to make ready a people prepared for the Lord.');
INSERT INTO verses VALUES (1689,59,18,NULL,'And Zacharias said unto the angel, Whereby shall I know this? for I am an old man, and my wife well stricken in years.');
INSERT INTO verses VALUES (1690,59,19,NULL,'And the angel answering said unto him, I am Gabriel, that stand in the presence of God; and am sent to speak unto thee, and to shew thee these glad tidings.');
INSERT INTO verses VALUES (1691,59,20,NULL,'And, behold, thou shalt be dumb, and not able to speak, until the day that these things shall be performed, because thou believest not my words, which shall be fulfilled in their season.');
INSERT INTO verses VALUES (1692,59,21,NULL,'And the people waited for Zacharias , and marvelled that he tarried so long in the temple.');
INSERT INTO verses VALUES (1693,59,22,NULL,'And when he came out, he could not speak unto them: and they perceived that he had seen a vision in the temple: for he beckoned unto them, and remained speechless.');
INSERT INTO verses VALUES (1694,59,23,NULL,'And it came to pass, that, as soon as the days of his ministration were accomplished, he departed to his own house.');
INSERT INTO verses VALUES (1695,59,24,NULL,'And after those days his wife Elisabeth conceived, and hid herself five months, saying,');
INSERT INTO verses VALUES (1696,59,25,NULL,'Thus hath the Lord dealt with me in the days wherein he looked on me, to take away my reproach among men.');
INSERT INTO verses VALUES (1697,59,26,NULL,'And in the sixth month the angel Gabriel was sent from God unto a city of Galilee , named Nazareth ,');
INSERT INTO verses VALUES (1698,59,27,NULL,'To a virgin espoused to a man whose name was Joseph , of the house of David ; and the virgin''s name was Mary .');
INSERT INTO verses VALUES (1699,59,28,NULL,'And the angel came in unto her, and said, Hail, thou that art highly favoured, the Lord is with thee: blessed art thou among women.');
INSERT INTO verses VALUES (1700,59,29,NULL,'And when she saw him, she was troubled at his saying, and cast in her mind what manner of salutation this should be.');
INSERT INTO verses VALUES (1701,59,30,NULL,'And the angel said unto her, Fear not, Mary : for thou hast found favour with God.');
INSERT INTO verses VALUES (1702,59,31,NULL,'And, behold, thou shalt conceive in thy womb, and bring forth a son, and shalt call his name JESUS.');
INSERT INTO verses VALUES (1703,59,32,NULL,'He shall be great, and shall be called the Son of the Highest: and the Lord God shall give unto him the throne of his father David :');
INSERT INTO verses VALUES (1704,59,33,NULL,'And he shall reign over the house of Jacob for ever; and of his kingdom there shall be no end.');
INSERT INTO verses VALUES (1705,59,34,NULL,'Then said Mary unto the angel, How shall this be, seeing I know not a man?');
INSERT INTO verses VALUES (1706,59,35,NULL,'And the angel answered and said unto her, The Holy Ghost shall come upon thee, and the power of the Highest shall overshadow thee: therefore also that holy thing which shall be born of thee shall be called the Son of God.');
INSERT INTO verses VALUES (1707,59,36,NULL,'And, behold, thy cousin Elisabeth, she hath also conceived a son in her old age: and this is the sixth month with her, who was called barren.');
INSERT INTO verses VALUES (1708,59,37,NULL,'For with God nothing shall be impossible.');
INSERT INTO verses VALUES (1709,59,38,NULL,'And Mary said, Behold the handmaid of the Lord; be it unto me according to thy word. And the angel departed from her.');
INSERT INTO verses VALUES (1710,59,39,NULL,'And Mary arose in those days, and went into the hill country with haste, into a city of Juda;');
INSERT INTO verses VALUES (1711,59,40,NULL,'And entered into the house of Zacharias , and saluted Elisabeth.');
INSERT INTO verses VALUES (1712,59,41,NULL,'And it came to pass, that, when Elisabeth heard the salutation of Mary , the babe leaped in her womb; and Elisabeth was filled with the Holy Ghost:');
INSERT INTO verses VALUES (1713,59,42,NULL,'And she spake out with a loud voice, and said, Blessed art thou among women, and blessed is the fruit of thy womb.');
INSERT INTO verses VALUES (1714,59,43,NULL,'And whence is this to me, that the mother of my Lord should come to me?');
INSERT INTO verses VALUES (1715,59,44,NULL,'For, lo, as soon as the voice of thy salutation sounded in mine ears, the babe leaped in my womb for joy.');
INSERT INTO verses VALUES (1716,59,45,NULL,'And blessed is she that believed: for there shall be a performance of those things which were told her from the Lord.');
INSERT INTO verses VALUES (1717,59,46,NULL,'And Mary said, My soul doth magnify the Lord,');
INSERT INTO verses VALUES (1718,59,47,NULL,'And my spirit hath rejoiced in God my Saviour.');
INSERT INTO verses VALUES (1719,59,48,NULL,'For he hath regarded the low estate of his handmaiden: for, behold, from henceforth all generations shall call me blessed.');
INSERT INTO verses VALUES (1720,59,49,NULL,'For he that is mighty hath done to me great things; and holy is his name.');
INSERT INTO verses VALUES (1721,59,50,NULL,'And his mercy is on them that fear him from generation to generation.');
INSERT INTO verses VALUES (1722,59,51,NULL,'He hath shewed strength with his arm; he hath scattered the proud in the imagination of their hearts.');
INSERT INTO verses VALUES (1723,59,52,NULL,'He hath put down the mighty from their seats, and exalted them of low degree.');
INSERT INTO verses VALUES (1724,59,53,NULL,'He hath filled the hungry with good things; and the rich he hath sent empty away.');
INSERT INTO verses VALUES (1725,59,54,NULL,'He hath holpen his servant Israel , in remembrance of his mercy;');
INSERT INTO verses VALUES (1726,59,55,NULL,'As he spake to our fathers, to Abraham , and to his seed for ever.');
INSERT INTO verses VALUES (1727,59,56,NULL,'And Mary abode with her about three months, and returned to her own house.');
INSERT INTO verses VALUES (1728,59,57,NULL,'Now Elisabeth''s full time came that she should be delivered; and she brought forth a son.');
INSERT INTO verses VALUES (1729,59,58,NULL,'And her neighbours and her cousins heard how the Lord had shewed great mercy upon her; and they rejoiced with her.');
INSERT INTO verses VALUES (1730,59,59,NULL,'And it came to pass, that on the eighth day they came to circumcise the child; and they called him Zacharias , after the name of his father.');
INSERT INTO verses VALUES (1731,59,60,NULL,'And his mother answered and said, Not so; but he shall be called John .');
INSERT INTO verses VALUES (1732,59,61,NULL,'And they said unto her, There is none of thy kindred that is called by this name.');
INSERT INTO verses VALUES (1733,59,62,NULL,'And they made signs to his father, how he would have him called.');
INSERT INTO verses VALUES (1734,59,63,NULL,'And he asked for a writing table, and wrote, saying, His name is John . And they marvelled all.');
INSERT INTO verses VALUES (1735,59,64,NULL,'And his mouth was opened immediately, and his tongue loosed, and he spake, and praised God.');
INSERT INTO verses VALUES (1736,59,65,NULL,'And fear came on all that dwelt round about them: and all these sayings were noised abroad throughout all the hill country of Judæa .');
INSERT INTO verses VALUES (1737,59,66,NULL,'And all they that heard them laid them up in their hearts, saying, What manner of child shall this be! And the hand of the Lord was with him.');
INSERT INTO verses VALUES (1738,59,67,NULL,'And his father Zacharias was filled with the Holy Ghost, and prophesied, saying,');
INSERT INTO verses VALUES (1739,59,68,NULL,'Blessed be the Lord God of Israel ; for he hath visited and redeemed his people,');
INSERT INTO verses VALUES (1740,59,69,NULL,'And hath raised up an horn of salvation for us in the house of his servant David ;');
INSERT INTO verses VALUES (1741,59,70,NULL,'As he spake by the mouth of his holy prophets, which have been since the world began:');
INSERT INTO verses VALUES (1742,59,71,NULL,'That we should be saved from our enemies, and from the hand of all that hate us;');
INSERT INTO verses VALUES (1743,59,72,NULL,'To perform the mercy promised to our fathers, and to remember his holy covenant;');
INSERT INTO verses VALUES (1744,59,73,NULL,'The oath which he sware to our father Abraham ,');
INSERT INTO verses VALUES (1745,59,74,NULL,'That he would grant unto us, that we being delivered out of the hand of our enemies might serve him without fear,');
INSERT INTO verses VALUES (1746,59,75,NULL,'In holiness and righteousness before him, all the days of our life.');
INSERT INTO verses VALUES (1747,59,76,NULL,'And thou, child, shalt be called the prophet of the Highest: for thou shalt go before the face of the Lord to prepare his ways;');
INSERT INTO verses VALUES (1748,59,77,NULL,'To give knowledge of salvation unto his people by the remission of their sins,');
INSERT INTO verses VALUES (1749,59,78,NULL,'Through the tender mercy of our God; whereby the dayspring from on high hath visited us,');
INSERT INTO verses VALUES (1750,59,79,NULL,'To give light to them that sit in darkness and in the shadow of death, to guide our feet into the way of peace.');
INSERT INTO verses VALUES (1751,59,80,NULL,'And the child grew, and waxed strong in spirit, and was in the deserts till the day of his shewing unto Israel .');
INSERT INTO chapters VALUES (60,42,4,NULL,'http://kjv.wordfree.net/bibles/app/audio/1/42/4.mp3','http://kjv.wordfree.net/bibles/app/audio/1/42/4.mp3');
INSERT INTO verses VALUES (1752,60,1,NULL,'span class="verse" id="1">1 </span And Jesus being full of the Holy Ghost returned from Jordan , and was led by the Spirit into the wilderness,');
INSERT INTO verses VALUES (1753,60,2,NULL,'Being forty days tempted of the devil. And in those days he did eat nothing: and when they were ended, he afterward hungered.');
INSERT INTO verses VALUES (1754,60,3,NULL,'And the devil said unto him, If thou be the Son of God, command this stone that it be made bread.');
INSERT INTO verses VALUES (1755,60,4,NULL,'And Jesus answered him, saying, It is written, That man shall not live by bread alone, but by every word of God.');
INSERT INTO verses VALUES (1756,60,5,NULL,'And the devil, taking him up into an high mountain, shewed unto him all the kingdoms of the world in a moment of time.');
INSERT INTO verses VALUES (1757,60,6,NULL,'And the devil said unto him, All this power will I give thee, and the glory of them: for that is delivered unto me; and to whomsoever I will I give it.');
INSERT INTO verses VALUES (1758,60,7,NULL,'If thou therefore wilt worship me, all shall be thine.');
INSERT INTO verses VALUES (1759,60,8,NULL,'And Jesus answered and said unto him, Get thee behind me, Satan : for it is written, Thou shalt worship the Lord thy God, and him only shalt thou serve.');
INSERT INTO verses VALUES (1760,60,9,NULL,'And he brought him to Jerusalem , and set him on a pinnacle of the temple, and said unto him, If thou be the Son of God, cast thyself down from hence:');
INSERT INTO verses VALUES (1761,60,10,NULL,'For it is written, He shall give his angels charge over thee, to keep thee:');
INSERT INTO verses VALUES (1762,60,11,NULL,'And in their hands they shall bear thee up, lest at any time thou dash thy foot against a stone.');
INSERT INTO verses VALUES (1763,60,12,NULL,'And Jesus answering said unto him, It is said, Thou shalt not tempt the Lord thy God.');
INSERT INTO verses VALUES (1764,60,13,NULL,'And when the devil had ended all the temptation, he departed from him for a season.');
INSERT INTO verses VALUES (1765,60,14,NULL,'And Jesus returned in the power of the Spirit into Galilee : and there went out a fame of him through all the region round about.');
INSERT INTO verses VALUES (1766,60,15,NULL,'And he taught in their synagogues, being glorified of all.');
INSERT INTO verses VALUES (1767,60,16,NULL,'And he came to Nazareth , where he had been brought up: and, as his custom was, he went into the synagogue on the sabbath day, and stood up for to read.');
INSERT INTO verses VALUES (1768,60,17,NULL,'And there was delivered unto him the book of the prophet Esaias. And when he had opened the book, he found the place where it was written,');
INSERT INTO verses VALUES (1769,60,18,NULL,'The Spirit of the Lord is upon me, because he hath anointed me to preach the gospel to the poor; he hath sent me to heal the brokenhearted, to preach deliverance to the captives, and recovering of sight to the blind, to set at liberty them that are bruised,');
INSERT INTO verses VALUES (1770,60,19,NULL,'To preach the acceptable year of the Lord.');
INSERT INTO verses VALUES (1771,60,20,NULL,'And he closed the book, and he gave it again to the minister, and sat down. And the eyes of all them that were in the synagogue were fastened on him.');
INSERT INTO verses VALUES (1772,60,21,NULL,'And he began to say unto them, This day is this scripture fulfilled in your ears.');
INSERT INTO verses VALUES (1773,60,22,NULL,'And all bare him witness, and wondered at the gracious words which proceeded out of his mouth. And they said, Is not this Joseph ''s son?');
INSERT INTO verses VALUES (1774,60,23,NULL,'And he said unto them, Ye will surely say unto me this proverb, Physician, heal thyself: whatsoever we have heard done in Capernaum , do also here in thy country.');
INSERT INTO verses VALUES (1775,60,24,NULL,'And he said, Verily I say unto you, No prophet is accepted in his own country.');
INSERT INTO verses VALUES (1776,60,25,NULL,'But I tell you of a truth, many widows were in Israel in the days of Elias, when the heaven was shut up three years and six months, when great famine was throughout all the land;');
INSERT INTO verses VALUES (1777,60,26,NULL,'But unto none of them was Elias sent, save unto Sarepta, a city of Sidon , unto a woman that was a widow.');
INSERT INTO verses VALUES (1778,60,27,NULL,'And many lepers were in Israel in the time of Eliseus the prophet; and none of them was cleansed, saving Naaman the Syrian.');
INSERT INTO verses VALUES (1779,60,28,NULL,'And all they in the synagogue, when they heard these things, were filled with wrath,');
INSERT INTO verses VALUES (1780,60,29,NULL,'And rose up, and thrust him out of the city, and led him unto the brow of the hill whereon their city was built, that they might cast him down headlong.');
INSERT INTO verses VALUES (1781,60,30,NULL,'But he passing through the midst of them went his way,');
INSERT INTO verses VALUES (1782,60,31,NULL,'And came down to Capernaum , a city of Galilee , and taught them on the sabbath days.');
INSERT INTO verses VALUES (1783,60,32,NULL,'And they were astonished at his doctrine: for his word was with power.');
INSERT INTO verses VALUES (1784,60,33,NULL,'And in the synagogue there was a man, which had a spirit of an unclean devil, and cried out with a loud voice,');
INSERT INTO verses VALUES (1785,60,34,NULL,'Saying, Let us alone; what have we to do with thee, thou Jesus of Nazareth ? art thou come to destroy us? I know thee who thou art; the Holy One of God.');
INSERT INTO verses VALUES (1786,60,35,NULL,'And Jesus rebuked him, saying, Hold thy peace, and come out of him. And when the devil had thrown him in the midst, he came out of him, and hurt him not.');
INSERT INTO verses VALUES (1787,60,36,NULL,'And they were all amazed, and spake among themselves, saying, What a word is this! for with authority and power he commandeth the unclean spirits, and they come out.');
INSERT INTO verses VALUES (1788,60,37,NULL,'And the fame of him went out into every place of the country round about.');
INSERT INTO verses VALUES (1789,60,38,NULL,'And he arose out of the synagogue, and entered into Simon ''s house. And Simon ''s wife''s mother was taken with a great fever; and they besought him for her.');
INSERT INTO verses VALUES (1790,60,39,NULL,'And he stood over her, and rebuked the fever; and it left her: and immediately she arose and ministered unto them.');
INSERT INTO verses VALUES (1791,60,40,NULL,'Now when the sun was setting, all they that had any sick with divers diseases brought them unto him; and he laid his hands on every one of them, and healed them.');
INSERT INTO verses VALUES (1792,60,41,NULL,'And devils also came out of many, crying out, and saying, Thou art Christ the Son of God. And he rebuking them suffered them not to speak: for they knew that he was Christ .');
INSERT INTO verses VALUES (1793,60,42,NULL,'And when it was day, he departed and went into a desert place: and the people sought him, and came unto him, and stayed him, that he should not depart from them.');
INSERT INTO verses VALUES (1794,60,43,NULL,'And he said unto them, I must preach the kingdom of God to other cities also: for therefore am I sent.');
INSERT INTO verses VALUES (1795,60,44,NULL,'And he preached in the synagogues of Galilee .');
INSERT INTO chapters VALUES (61,42,14,NULL,'http://kjv.wordfree.net/bibles/app/audio/1/42/14.mp3','http://kjv.wordfree.net/bibles/app/audio/1/42/14.mp3');
INSERT INTO verses VALUES (1796,61,1,NULL,'span class="verse" id="1">1 </span And it came to pass, as he went into the house of one of the chief Pharisees to eat bread on the sabbath day, that they watched him.');
INSERT INTO verses VALUES (1797,61,2,NULL,'And, behold, there was a certain man before him which had the dropsy.');
INSERT INTO verses VALUES (1798,61,3,NULL,'And Jesus answering spake unto the lawyers and Pharisees, saying, Is it lawful to heal on the sabbath day?');
INSERT INTO verses VALUES (1799,61,4,NULL,'And they held their peace. And he took him, and healed him, and let him go;');
INSERT INTO verses VALUES (1800,61,5,NULL,'And answered them, saying, Which of you shall have an ass or an ox fallen into a pit, and will not straightway pull him out on the sabbath day?');
INSERT INTO verses VALUES (1801,61,6,NULL,'And they could not answer him again to these things.');
INSERT INTO verses VALUES (1802,61,7,NULL,'And he put forth a parable to those which were bidden, when he marked how they chose out the chief rooms; saying unto them,');
INSERT INTO verses VALUES (1803,61,8,NULL,'When thou art bidden of any man to a wedding, sit not down in the highest room; lest a more honourable man than thou be bidden of him;');
INSERT INTO verses VALUES (1804,61,9,NULL,'And he that bade thee and him come and say to thee, Give this man place; and thou begin with shame to take the lowest room.');
INSERT INTO verses VALUES (1805,61,10,NULL,'But when thou art bidden, go and sit down in the lowest room; that when he that bade thee cometh, he may say unto thee, Friend, go up higher: then shalt thou have worship in the presence of them that sit at meat with thee.');
INSERT INTO verses VALUES (1806,61,11,NULL,'For whosoever exalteth himself shall be abased; and he that humbleth himself shall be exalted.');
INSERT INTO verses VALUES (1807,61,12,NULL,'Then said he also to him that bade him, When thou makest a dinner or a supper, call not thy friends, nor thy brethren, neither thy kinsmen, nor thy rich neighbours; lest they also bid thee again, and a recompence be made thee.');
INSERT INTO verses VALUES (1808,61,13,NULL,'But when thou makest a feast, call the poor, the maimed, the lame, the blind:');
INSERT INTO verses VALUES (1809,61,14,NULL,'And thou shalt be blessed; for they cannot recompense thee: for thou shalt be recompensed at the resurrection of the just.');
INSERT INTO verses VALUES (1810,61,15,NULL,'And when one of them that sat at meat with him heard these things, he said unto him, Blessed is he that shall eat bread in the kingdom of God.');
INSERT INTO verses VALUES (1811,61,16,NULL,'Then said he unto him, A certain man made a great supper, and bade many:');
INSERT INTO verses VALUES (1812,61,17,NULL,'And sent his servant at supper time to say to them that were bidden, Come; for all things are now ready.');
INSERT INTO verses VALUES (1813,61,18,NULL,'And they all with one consent began to make excuse. The first said unto him, I have bought a piece of ground, and I must needs go and see it: I pray thee have me excused.');
INSERT INTO verses VALUES (1814,61,19,NULL,'And another said, I have bought five yoke of oxen, and I go to prove them: I pray thee have me excused.');
INSERT INTO verses VALUES (1815,61,20,NULL,'And another said, I have married a wife, and therefore I cannot come.');
INSERT INTO verses VALUES (1816,61,21,NULL,'So that servant came, and shewed his lord these things. Then the master of the house being angry said to his servant, Go out quickly into the streets and lanes of the city, and bring in hither the poor, and the maimed, and the halt, and the blind.');
INSERT INTO verses VALUES (1817,61,22,NULL,'And the servant said, Lord, it is done as thou hast commanded, and yet there is room.');
INSERT INTO verses VALUES (1818,61,23,NULL,'And the lord said unto the servant, Go out into the highways and hedges, and compel them to come in, that my house may be filled.');
INSERT INTO verses VALUES (1819,61,24,NULL,'For I say unto you, That none of those men which were bidden shall taste of my supper.');
INSERT INTO verses VALUES (1820,61,25,NULL,'And there went great multitudes with him: and he turned, and said unto them,');
INSERT INTO verses VALUES (1821,61,26,NULL,'If any man come to me, and hate not his father, and mother, and wife, and children, and brethren, and sisters, yea, and his own life also, he cannot be my disciple.');
INSERT INTO verses VALUES (1822,61,27,NULL,'And whosoever doth not bear his cross, and come after me, cannot be my disciple.');
INSERT INTO verses VALUES (1823,61,28,NULL,'For which of you, intending to build a tower, sitteth not down first, and counteth the cost, whether he have sufficient to finish it?');
INSERT INTO verses VALUES (1824,61,29,NULL,'Lest haply, after he hath laid the foundation, and is not able to finish it, all that behold it begin to mock him,');
INSERT INTO verses VALUES (1825,61,30,NULL,'Saying, This man began to build, and was not able to finish.');
INSERT INTO verses VALUES (1826,61,31,NULL,'Or what king, going to make war against another king, sitteth not down first, and consulteth whether he be able with ten thousand to meet him that cometh against him with twenty thousand?');
INSERT INTO verses VALUES (1827,61,32,NULL,'Or else, while the other is yet a great way off, he sendeth an ambassage, and desireth conditions of peace.');
INSERT INTO verses VALUES (1828,61,33,NULL,'So likewise, whosoever he be of you that forsaketh not all that he hath, he cannot be my disciple.');
INSERT INTO verses VALUES (1829,61,34,NULL,'Salt is good: but if the salt have lost his savour, wherewith shall it be seasoned?');
INSERT INTO verses VALUES (1830,61,35,NULL,'It is neither fit for the land, nor yet for the dunghill; but men cast it out. He that hath ears to hear, let him hear.');
INSERT INTO chapters VALUES (62,42,15,NULL,'http://kjv.wordfree.net/bibles/app/audio/1/42/15.mp3','http://kjv.wordfree.net/bibles/app/audio/1/42/15.mp3');
INSERT INTO verses VALUES (1831,62,1,NULL,'span class="verse" id="1">1 </span Then drew near unto him all the publicans and sinners for to hear him.');
INSERT INTO verses VALUES (1832,62,2,NULL,'And the Pharisees and scribes murmured, saying, This man receiveth sinners, and eateth with them.');
INSERT INTO verses VALUES (1833,62,3,NULL,'And he spake this parable unto them, saying,');
INSERT INTO verses VALUES (1834,62,4,NULL,'What man of you, having an hundred sheep, if he lose one of them, doth not leave the ninety and nine in the wilderness, and go after that which is lost, until he find it?');
INSERT INTO verses VALUES (1835,62,5,NULL,'And when he hath found it, he layeth it on his shoulders, rejoicing.');
INSERT INTO verses VALUES (1836,62,6,NULL,'And when he cometh home, he calleth together his friends and neighbours, saying unto them, Rejoice with me; for I have found my sheep which was lost.');
INSERT INTO verses VALUES (1837,62,7,NULL,'I say unto you, that likewise joy shall be in heaven over one sinner that repenteth, more than over ninety and nine just persons, which need no repentance.');
INSERT INTO verses VALUES (1838,62,8,NULL,'Either what woman having ten pieces of silver, if she lose one piece, doth not light a candle, and sweep the house, and seek diligently till she find it?');
INSERT INTO verses VALUES (1839,62,9,NULL,'And when she hath found it, she calleth her friends and her neighbours together, saying, Rejoice with me; for I have found the piece which I had lost.');
INSERT INTO verses VALUES (1840,62,10,NULL,'Likewise, I say unto you, there is joy in the presence of the angels of God over one sinner that repenteth.');
INSERT INTO verses VALUES (1841,62,11,NULL,'And he said, A certain man had two sons:');
INSERT INTO verses VALUES (1842,62,12,NULL,'And the younger of them said to his father, Father, give me the portion of goods that falleth to me. And he divided unto them his living.');
INSERT INTO verses VALUES (1843,62,13,NULL,'And not many days after the younger son gathered all together, and took his journey into a far country, and there wasted his substance with riotous living.');
INSERT INTO verses VALUES (1844,62,14,NULL,'And when he had spent all, there arose a mighty famine in that land; and he began to be in want.');
INSERT INTO verses VALUES (1845,62,15,NULL,'And he went and joined himself to a citizen of that country; and he sent him into his fields to feed swine.');
INSERT INTO verses VALUES (1846,62,16,NULL,'And he would fain have filled his belly with the husks that the swine did eat: and no man gave unto him.');
INSERT INTO verses VALUES (1847,62,17,NULL,'And when he came to himself, he said, How many hired servants of my father''s have bread enough and to spare, and I perish with hunger!');
INSERT INTO verses VALUES (1848,62,18,NULL,'I will arise and go to my father, and will say unto him, Father, I have sinned against heaven, and before thee,');
INSERT INTO verses VALUES (1849,62,19,NULL,'And am no more worthy to be called thy son: make me as one of thy hired servants.');
INSERT INTO verses VALUES (1850,62,20,NULL,'And he arose, and came to his father. But when he was yet a great way off, his father saw him, and had compassion, and ran, and fell on his neck, and kissed him.');
INSERT INTO verses VALUES (1851,62,21,NULL,'And the son said unto him, Father, I have sinned against heaven, and in thy sight, and am no more worthy to be called thy son.');
INSERT INTO verses VALUES (1852,62,22,NULL,'But the father said to his servants, Bring forth the best robe, and put it on him; and put a ring on his hand, and shoes on his feet:');
INSERT INTO verses VALUES (1853,62,23,NULL,'And bring hither the fatted calf, and kill it; and let us eat, and be merry:');
INSERT INTO verses VALUES (1854,62,24,NULL,'For this my son was dead, and is alive again; he was lost, and is found. And they began to be merry.');
INSERT INTO verses VALUES (1855,62,25,NULL,'Now his elder son was in the field: and as he came and drew nigh to the house, he heard musick and dancing.');
INSERT INTO verses VALUES (1856,62,26,NULL,'And he called one of the servants, and asked what these things meant.');
INSERT INTO verses VALUES (1857,62,27,NULL,'And he said unto him, Thy brother is come; and thy father hath killed the fatted calf, because he hath received him safe and sound.');
INSERT INTO verses VALUES (1858,62,28,NULL,'And he was angry, and would not go in: therefore came his father out, and intreated him.');
INSERT INTO verses VALUES (1859,62,29,NULL,'And he answering said to his father, Lo, these many years do I serve thee, neither transgressed I at any time thy commandment: and yet thou never gavest me a kid, that I might make merry with my friends:');
INSERT INTO verses VALUES (1860,62,30,NULL,'But as soon as this thy son was come, which hath devoured thy living with harlots, thou hast killed for him the fatted calf.');
INSERT INTO verses VALUES (1861,62,31,NULL,'And he said unto him, Son, thou art ever with me, and all that I have is thine.');
INSERT INTO verses VALUES (1862,62,32,NULL,'It was meet that we should make merry, and be glad: for this thy brother was dead, and is alive again; and was lost, and is found.');
INSERT INTO chapters VALUES (63,43,1,NULL,'http://kjv.wordfree.net/bibles/app/audio/1/43/1.mp3','http://kjv.wordfree.net/bibles/app/audio/1/43/1.mp3');
INSERT INTO verses VALUES (1863,63,1,NULL,'span class="verse" id="1">1 </span In the beginning was the Word, and the Word was with God, and the Word was God.');
INSERT INTO verses VALUES (1864,63,2,NULL,'The same was in the beginning with God.');
INSERT INTO verses VALUES (1865,63,3,NULL,'All things were made by him; and without him was not any thing made that was made.');
INSERT INTO verses VALUES (1866,63,4,NULL,'In him was life; and the life was the light of men.');
INSERT INTO verses VALUES (1867,63,5,NULL,'And the light shineth in darkness; and the darkness comprehended it not.');
INSERT INTO verses VALUES (1868,63,6,NULL,'There was a man sent from God, whose name was John .');
INSERT INTO verses VALUES (1869,63,7,NULL,'The same came for a witness, to bear witness of the Light, that all men through him might believe.');
INSERT INTO verses VALUES (1870,63,8,NULL,'He was not that Light, but was sent to bear witness of that Light.');
INSERT INTO verses VALUES (1871,63,9,NULL,'That was the true Light, which lighteth every man that cometh into the world.');
INSERT INTO verses VALUES (1872,63,10,NULL,'He was in the world, and the world was made by him, and the world knew him not.');
INSERT INTO verses VALUES (1873,63,11,NULL,'He came unto his own, and his own received him not.');
INSERT INTO verses VALUES (1874,63,12,NULL,'But as many as received him, to them gave he power to become the sons of God, even to them that believe on his name:');
INSERT INTO verses VALUES (1875,63,13,NULL,'Which were born, not of blood, nor of the will of the flesh, nor of the will of man, but of God.');
INSERT INTO verses VALUES (1876,63,14,NULL,'And the Word was made flesh, and dwelt among us, (and we beheld his glory, the glory as of the only begotten of the Father,) full of grace and truth.');
INSERT INTO verses VALUES (1877,63,15,NULL,'John bare witness of him, and cried, saying, This was he of whom I spake, He that cometh after me is preferred before me: for he was before me.');
INSERT INTO verses VALUES (1878,63,16,NULL,'And of his fulness have all we received, and grace for grace.');
INSERT INTO verses VALUES (1879,63,17,NULL,'For the law was given by Moses , but grace and truth came by Jesus Christ .');
INSERT INTO verses VALUES (1880,63,18,NULL,'No man hath seen God at any time; the only begotten Son, which is in the bosom of the Father, he hath declared him.');
INSERT INTO verses VALUES (1881,63,19,NULL,'And this is the record of John , when the Jews sent priests and Levites from Jerusalem to ask him, Who art thou?');
INSERT INTO verses VALUES (1882,63,20,NULL,'And he confessed, and denied not; but confessed, I am not the Christ .');
INSERT INTO verses VALUES (1883,63,21,NULL,'And they asked him, What then? Art thou Elias? And he saith, I am not. Art thou that prophet? And he answered, No.');
INSERT INTO verses VALUES (1884,63,22,NULL,'Then said they unto him, Who art thou? that we may give an answer to them that sent us. What sayest thou of thyself?');
INSERT INTO verses VALUES (1885,63,23,NULL,'He said, I am the voice of one crying in the wilderness, Make straight the way of the Lord, as said the prophet Esaias.');
INSERT INTO verses VALUES (1886,63,24,NULL,'And they which were sent were of the Pharisees.');
INSERT INTO verses VALUES (1887,63,25,NULL,'And they asked him, and said unto him, Why baptizest thou then, if thou be not that Christ , nor Elias, neither that prophet?');
INSERT INTO verses VALUES (1888,63,26,NULL,'John answered them, saying, I baptize with water: but there standeth one among you, whom ye know not;');
INSERT INTO verses VALUES (1889,63,27,NULL,'He it is, who coming after me is preferred before me, whose shoe''s latchet I am not worthy to unloose.');
INSERT INTO verses VALUES (1890,63,28,NULL,'These things were done in Bethabara beyond Jordan , where John was baptizing.');
INSERT INTO verses VALUES (1891,63,29,NULL,'The next day John seeth Jesus coming unto him, and saith, Behold the Lamb of God, which taketh away the sin of the world.');
INSERT INTO verses VALUES (1892,63,30,NULL,'This is he of whom I said, After me cometh a man which is preferred before me: for he was before me.');
INSERT INTO verses VALUES (1893,63,31,NULL,'And I knew him not: but that he should be made manifest to Israel , therefore am I come baptizing with water.');
INSERT INTO verses VALUES (1894,63,32,NULL,'And John bare record, saying, I saw the Spirit descending from heaven like a dove, and it abode upon him.');
INSERT INTO verses VALUES (1895,63,33,NULL,'And I knew him not: but he that sent me to baptize with water, the same said unto me, Upon whom thou shalt see the Spirit descending, and remaining on him, the same is he which baptizeth with the Holy Ghost.');
INSERT INTO verses VALUES (1896,63,34,NULL,'And I saw, and bare record that this is the Son of God.');
INSERT INTO verses VALUES (1897,63,35,NULL,'Again the next day after John stood, and two of his disciples;');
INSERT INTO verses VALUES (1898,63,36,NULL,'And looking upon Jesus as he walked, he saith, Behold the Lamb of God!');
INSERT INTO verses VALUES (1899,63,37,NULL,'And the two disciples heard him speak, and they followed Jesus .');
INSERT INTO verses VALUES (1900,63,38,NULL,'Then Jesus turned, and saw them following, and saith unto them, What seek ye? They said unto him, Rabbi, (which is to say, being interpreted, Master,) where dwellest thou?');
INSERT INTO verses VALUES (1901,63,39,NULL,'He saith unto them, Come and see. They came and saw where he dwelt, and abode with him that day: for it was about the tenth hour.');
INSERT INTO verses VALUES (1902,63,40,NULL,'One of the two which heard John speak, and followed him, was Andrew , Simon Peter ''s brother.');
INSERT INTO verses VALUES (1903,63,41,NULL,'He first findeth his own brother Simon , and saith unto him, We have found the Messias, which is, being interpreted, the Christ .');
INSERT INTO verses VALUES (1904,63,42,NULL,'And he brought him to Jesus . And when Jesus beheld him, he said, Thou art Simon the son of Jona: thou shalt be called Cephas, which is by interpretation, A stone.');
INSERT INTO verses VALUES (1905,63,43,NULL,'The day following Jesus would go forth into Galilee , and findeth Philip , and saith unto him, Follow me.');
INSERT INTO verses VALUES (1906,63,44,NULL,'Now Philip was of Bethsaida , the city of Andrew and Peter .');
INSERT INTO verses VALUES (1907,63,45,NULL,'Philip findeth Nathanael, and saith unto him, We have found him, of whom Moses in the law, and the prophets, did write, Jesus of Nazareth , the son of Joseph .');
INSERT INTO verses VALUES (1908,63,46,NULL,'And Nathanael said unto him, Can there any good thing come out of Nazareth ? Philip saith unto him, Come and see.');
INSERT INTO verses VALUES (1909,63,47,NULL,'Jesus saw Nathanael coming to him, and saith of him, Behold an Israelite indeed, in whom is no guile!');
INSERT INTO verses VALUES (1910,63,48,NULL,'Nathanael saith unto him, Whence knowest thou me? Jesus answered and said unto him, Before that Philip called thee, when thou wast under the fig tree, I saw thee.');
INSERT INTO verses VALUES (1911,63,49,NULL,'Nathanael answered and saith unto him, Rabbi, thou art the Son of God; thou art the King of Israel .');
INSERT INTO verses VALUES (1912,63,50,NULL,'Jesus answered and said unto him, Because I said unto thee, I saw thee under the fig tree, believest thou? thou shalt see greater things than these.');
INSERT INTO verses VALUES (1913,63,51,NULL,'And he saith unto him, Verily, verily, I say unto you, Hereafter ye shall see heaven open, and the angels of God ascending and descending upon the Son of man .');
INSERT INTO chapters VALUES (64,43,3,NULL,'http://kjv.wordfree.net/bibles/app/audio/1/43/3.mp3','http://kjv.wordfree.net/bibles/app/audio/1/43/3.mp3');
INSERT INTO verses VALUES (1914,64,1,NULL,'span class="verse" id="1">1 </span There was a man of the Pharisees, named Nicodemus , a ruler of the Jews:');
INSERT INTO verses VALUES (1915,64,2,NULL,'The same came to Jesus by night, and said unto him, Rabbi, we know that thou art a teacher come from God: for no man can do these miracles that thou doest, except God be with him.');
INSERT INTO verses VALUES (1916,64,3,NULL,'Jesus answered and said unto him, Verily, verily, I say unto thee, Except a man be born again, he cannot see the kingdom of God.');
INSERT INTO verses VALUES (1917,64,4,NULL,'Nicodemus saith unto him, How can a man be born when he is old? can he enter the second time into his mother''s womb, and be born?');
INSERT INTO verses VALUES (1918,64,5,NULL,'Jesus answered, Verily, verily, I say unto thee, Except a man be born of water and of the Spirit, he cannot enter into the kingdom of God.');
INSERT INTO verses VALUES (1919,64,6,NULL,'That which is born of the flesh is flesh; and that which is born of the Spirit is spirit.');
INSERT INTO verses VALUES (1920,64,7,NULL,'Marvel not that I said unto thee, Ye must be born again.');
INSERT INTO verses VALUES (1921,64,8,NULL,'The wind bloweth where it listeth, and thou hearest the sound thereof, but canst not tell whence it cometh, and whither it goeth: so is every one that is born of the Spirit.');
INSERT INTO verses VALUES (1922,64,9,NULL,'Nicodemus answered and said unto him, How can these things be?');
INSERT INTO verses VALUES (1923,64,10,NULL,'Jesus answered and said unto him, Art thou a master of Israel , and knowest not these things?');
INSERT INTO verses VALUES (1924,64,11,NULL,'Verily, verily, I say unto thee, We speak that we do know, and testify that we have seen; and ye receive not our witness.');
INSERT INTO verses VALUES (1925,64,12,NULL,'If I have told you earthly things, and ye believe not, how shall ye believe, if I tell you of heavenly things?');
INSERT INTO verses VALUES (1926,64,13,NULL,'And no man hath ascended up to heaven, but he that came down from heaven, even the Son of man which is in heaven.');
INSERT INTO verses VALUES (1927,64,14,NULL,'And as Moses lifted up the serpent in the wilderness, even so must the Son of man be lifted up:');
INSERT INTO verses VALUES (1928,64,15,NULL,'That whosoever believeth in him should not perish, but have eternal life.');
INSERT INTO verses VALUES (1929,64,16,NULL,'For God so loved the world, that he gave his only begotten Son, that whosoever believeth in him should not perish, but have everlasting life.');
INSERT INTO verses VALUES (1930,64,17,NULL,'For God sent not his Son into the world to condemn the world; but that the world through him might be saved.');
INSERT INTO verses VALUES (1931,64,18,NULL,'He that believeth on him is not condemned: but he that believeth not is condemned already, because he hath not believed in the name of the only begotten Son of God.');
INSERT INTO verses VALUES (1932,64,19,NULL,'And this is the condemnation, that light is come into the world, and men loved darkness rather than light, because their deeds were evil.');
INSERT INTO verses VALUES (1933,64,20,NULL,'For every one that doeth evil hateth the light, neither cometh to the light, lest his deeds should be reproved.');
INSERT INTO verses VALUES (1934,64,21,NULL,'But he that doeth truth cometh to the light, that his deeds may be made manifest, that they are wrought in God.');
INSERT INTO verses VALUES (1935,64,22,NULL,'After these things came Jesus and his disciples into the land of Judæa ; and there he tarried with them, and baptized.');
INSERT INTO verses VALUES (1936,64,23,NULL,'And John also was baptizing in Ænon near to Salim, because there was much water there: and they came, and were baptized.');
INSERT INTO verses VALUES (1937,64,24,NULL,'For John was not yet cast into prison.');
INSERT INTO verses VALUES (1938,64,25,NULL,'Then there arose a question between some of John ''s disciples and the Jews about purifying.');
INSERT INTO verses VALUES (1939,64,26,NULL,'And they came unto John , and said unto him, Rabbi, he that was with thee beyond Jordan , to whom thou barest witness, behold, the same baptizeth, and all men come to him.');
INSERT INTO verses VALUES (1940,64,27,NULL,'John answered and said, A man can receive nothing, except it be given him from heaven.');
INSERT INTO verses VALUES (1941,64,28,NULL,'Ye yourselves bear me witness, that I said, I am not the Christ , but that I am sent before him.');
INSERT INTO verses VALUES (1942,64,29,NULL,'He that hath the bride is the bridegroom: but the friend of the bridegroom, which standeth and heareth him, rejoiceth greatly because of the bridegroom''s voice: this my joy therefore is fulfilled.');
INSERT INTO verses VALUES (1943,64,30,NULL,'He must increase, but I must decrease.');
INSERT INTO verses VALUES (1944,64,31,NULL,'He that cometh from above is above all: he that is of the earth is earthly, and speaketh of the earth: he that cometh from heaven is above all.');
INSERT INTO verses VALUES (1945,64,32,NULL,'And what he hath seen and heard, that he testifieth; and no man receiveth his testimony.');
INSERT INTO verses VALUES (1946,64,33,NULL,'He that hath received his testimony hath set to his seal that God is true.');
INSERT INTO verses VALUES (1947,64,34,NULL,'For he whom God hath sent speaketh the words of God: for God giveth not the Spirit by measure unto him.');
INSERT INTO verses VALUES (1948,64,35,NULL,'The Father loveth the Son, and hath given all things into his hand.');
INSERT INTO verses VALUES (1949,64,36,NULL,'He that believeth on the Son hath everlasting life: and he that believeth not the Son shall not see life; but the wrath of God abideth on him.');
INSERT INTO chapters VALUES (65,43,4,NULL,'http://kjv.wordfree.net/bibles/app/audio/1/43/4.mp3','http://kjv.wordfree.net/bibles/app/audio/1/43/4.mp3');
INSERT INTO verses VALUES (1950,65,1,NULL,'span class="verse" id="1">1 </span When therefore the LORD knew how the Pharisees had heard that Jesus made and baptized more disciples than John ,');
INSERT INTO verses VALUES (1951,65,2,NULL,'(Though Jesus himself baptized not, but his disciples,)');
INSERT INTO verses VALUES (1952,65,3,NULL,'He left Judaea , and departed again into Galilee .');
INSERT INTO verses VALUES (1953,65,4,NULL,'And he must needs go through Samaria .');
INSERT INTO verses VALUES (1954,65,5,NULL,'Then cometh he to a city of Samaria , which is called Sychar, near to the parcel of ground that Jacob gave to his son Joseph .');
INSERT INTO verses VALUES (1955,65,6,NULL,'Now Jacob ''s well was there. Jesus therefore, being wearied with his journey, sat thus on the well: and it was about the sixth hour.');
INSERT INTO verses VALUES (1956,65,7,NULL,'There cometh a woman of Samaria to draw water: Jesus saith unto her, Give me to drink.');
INSERT INTO verses VALUES (1957,65,8,NULL,'(For his disciples were gone away unto the city to buy meat.)');
INSERT INTO verses VALUES (1958,65,9,NULL,'Then saith the woman of Samaria unto him, How is it that thou, being a Jew, askest drink of me, which am a woman of Samaria ? for the Jews have no dealings with the Samaritans.');
INSERT INTO verses VALUES (1959,65,10,NULL,'Jesus answered and said unto her, If thou knewest the gift of God, and who it is that saith to thee, Give me to drink; thou wouldest have asked of him, and he would have given thee living water.');
INSERT INTO verses VALUES (1960,65,11,NULL,'The woman saith unto him, Sir, thou hast nothing to draw with, and the well is deep: from whence then hast thou that living water?');
INSERT INTO verses VALUES (1961,65,12,NULL,'Art thou greater than our father Jacob , which gave us the well, and drank thereof himself, and his children, and his cattle?');
INSERT INTO verses VALUES (1962,65,13,NULL,'Jesus answered and said unto her, Whosoever drinketh of this water shall thirst again:');
INSERT INTO verses VALUES (1963,65,14,NULL,'But whosoever drinketh of the water that I shall give him shall never thirst; but the water that I shall give him shall be in him a well of water springing up into everlasting life.');
INSERT INTO verses VALUES (1964,65,15,NULL,'The woman saith unto him, Sir, give me this water, that I thirst not, neither come hither to draw.');
INSERT INTO verses VALUES (1965,65,16,NULL,'Jesus saith unto her, Go, call thy husband, and come hither.');
INSERT INTO verses VALUES (1966,65,17,NULL,'The woman answered and said, I have no husband. Jesus said unto her, Thou hast well said, I have no husband:');
INSERT INTO verses VALUES (1967,65,18,NULL,'For thou hast had five husbands; and he whom thou now hast is not thy husband: in that saidst thou truly.');
INSERT INTO verses VALUES (1968,65,19,NULL,'The woman saith unto him, Sir, I perceive that thou art a prophet.');
INSERT INTO verses VALUES (1969,65,20,NULL,'Our fathers worshipped in this mountain; and ye say, that in Jerusalem is the place where men ought to worship.');
INSERT INTO verses VALUES (1970,65,21,NULL,'Jesus saith unto her, Woman, believe me, the hour cometh, when ye shall neither in this mountain, nor yet at Jerusalem , worship the Father.');
INSERT INTO verses VALUES (1971,65,22,NULL,'Ye worship ye know not what: we know what we worship: for salvation is of the Jews.');
INSERT INTO verses VALUES (1972,65,23,NULL,'But the hour cometh, and now is, when the true worshippers shall worship the Father in spirit and in truth: for the Father seeketh such to worship him.');
INSERT INTO verses VALUES (1973,65,24,NULL,'God is a Spirit: and they that worship him must worship him in spirit and in truth.');
INSERT INTO verses VALUES (1974,65,25,NULL,'The woman saith unto him, I know that Messias cometh, which is called Christ : when he is come, he will tell us all things.');
INSERT INTO verses VALUES (1975,65,26,NULL,'Jesus saith unto her, I that speak unto thee am he.');
INSERT INTO verses VALUES (1976,65,27,NULL,'And upon this came his disciples, and marvelled that he talked with the woman: yet no man said, What seekest thou? or, Why talkest thou with her?');
INSERT INTO verses VALUES (1977,65,28,NULL,'The woman then left her waterpot, and went her way into the city, and saith to the men,');
INSERT INTO verses VALUES (1978,65,29,NULL,'Come, see a man, which told me all things that ever I did: is not this the Christ ?');
INSERT INTO verses VALUES (1979,65,30,NULL,'Then they went out of the city, and came unto him.');
INSERT INTO verses VALUES (1980,65,31,NULL,'In the mean while his disciples prayed him, saying, Master, eat.');
INSERT INTO verses VALUES (1981,65,32,NULL,'But he said unto them, I have meat to eat that ye know not of.');
INSERT INTO verses VALUES (1982,65,33,NULL,'Therefore said the disciples one to another, Hath any man brought him ought to eat?');
INSERT INTO verses VALUES (1983,65,34,NULL,'Jesus saith unto them, My meat is to do the will of him that sent me, and to finish his work.');
INSERT INTO verses VALUES (1984,65,35,NULL,'Say not ye, There are yet four months, and then cometh harvest? behold, I say unto you, Lift up your eyes, and look on the fields; for they are white already to harvest.');
INSERT INTO verses VALUES (1985,65,36,NULL,'And he that reapeth receiveth wages, and gathereth fruit unto life eternal: that both he that soweth and he that reapeth may rejoice together.');
INSERT INTO verses VALUES (1986,65,37,NULL,'And herein is that saying true, One soweth, and another reapeth.');
INSERT INTO verses VALUES (1987,65,38,NULL,'I sent you to reap that whereon ye bestowed no labour: other men laboured, and ye are entered into their labours.');
INSERT INTO verses VALUES (1988,65,39,NULL,'And many of the Samaritans of that city believed on him for the saying of the woman, which testified, He told me all that ever I did.');
INSERT INTO verses VALUES (1989,65,40,NULL,'So when the Samaritans were come unto him, they besought him that he would tarry with them: and he abode there two days.');
INSERT INTO verses VALUES (1990,65,41,NULL,'And many more believed because of his own word;');
INSERT INTO verses VALUES (1991,65,42,NULL,'And said unto the woman, Now we believe, not because of thy saying: for we have heard him ourselves, and know that this is indeed the Christ , the Saviour of the world.');
INSERT INTO verses VALUES (1992,65,43,NULL,'Now after two days he departed thence, and went into Galilee .');
INSERT INTO verses VALUES (1993,65,44,NULL,'For Jesus himself testified, that a prophet hath no honour in his own country.');
INSERT INTO verses VALUES (1994,65,45,NULL,'Then when he was come into Galilee , the Galilaeans received him, having seen all the things that he did at Jerusalem at the feast: for they also went unto the feast.');
INSERT INTO verses VALUES (1995,65,46,NULL,'So Jesus came again into Cana of Galilee , where he made the water wine. And there was a certain nobleman, whose son was sick at Capernaum .');
INSERT INTO verses VALUES (1996,65,47,NULL,'When he heard that Jesus was come out of Judaea into Galilee , he went unto him, and besought him that he would come down, and heal his son: for he was at the point of death.');
INSERT INTO verses VALUES (1997,65,48,NULL,'Then said Jesus unto him, Except ye see signs and wonders, ye will not believe.');
INSERT INTO verses VALUES (1998,65,49,NULL,'The nobleman saith unto him, Sir, come down ere my child die.');
INSERT INTO verses VALUES (1999,65,50,NULL,'Jesus saith unto him, Go thy way; thy son liveth. And the man believed the word that Jesus had spoken unto him, and he went his way.');
INSERT INTO verses VALUES (2000,65,51,NULL,'And as he was now going down, his servants met him, and told him, saying, Thy son liveth.');
INSERT INTO verses VALUES (2001,65,52,NULL,'Then enquired he of them the hour when he began to amend. And they said unto him, Yesterday at the seventh hour the fever left him.');
INSERT INTO verses VALUES (2002,65,53,NULL,'So the father knew that it was at the same hour, in the which Jesus said unto him, Thy son liveth: and himself believed, and his whole house.');
INSERT INTO verses VALUES (2003,65,54,NULL,'This is again the second miracle that Jesus did, when he was come out of Judaea into Galilee .');
INSERT INTO chapters VALUES (66,43,6,NULL,'http://kjv.wordfree.net/bibles/app/audio/1/43/6.mp3','http://kjv.wordfree.net/bibles/app/audio/1/43/6.mp3');
INSERT INTO verses VALUES (2004,66,1,NULL,'span class="verse" id="1">1 </span After these things Jesus went over the sea of Galilee , which is the sea of Tiberias.');
INSERT INTO verses VALUES (2005,66,2,NULL,'And a great multitude followed him, because they saw his miracles which he did on them that were diseased.');
INSERT INTO verses VALUES (2006,66,3,NULL,'And Jesus went up into a mountain, and there he sat with his disciples.');
INSERT INTO verses VALUES (2007,66,4,NULL,'And the passover, a feast of the Jews, was nigh.');
INSERT INTO verses VALUES (2008,66,5,NULL,'When Jesus then lifted up his eyes, and saw a great company come unto him, he saith unto Philip , Whence shall we buy bread, that these may eat?');
INSERT INTO verses VALUES (2009,66,6,NULL,'And this he said to prove him: for he himself knew what he would do.');
INSERT INTO verses VALUES (2010,66,7,NULL,'Philip answered him, Two hundred pennyworth of bread is not sufficient for them, that every one of them may take a little.');
INSERT INTO verses VALUES (2011,66,8,NULL,'One of his disciples, Andrew , Simon Peter ''s brother, saith unto him,');
INSERT INTO verses VALUES (2012,66,9,NULL,'There is a lad here, which hath five barley loaves, and two small fishes: but what are they among so many?');
INSERT INTO verses VALUES (2013,66,10,NULL,'And Jesus said, Make the men sit down. Now there was much grass in the place. So the men sat down, in number about five thousand.');
INSERT INTO verses VALUES (2014,66,11,NULL,'And Jesus took the loaves; and when he had given thanks, he distributed to the disciples, and the disciples to them that were set down; and likewise of the fishes as much as they would.');
INSERT INTO verses VALUES (2015,66,12,NULL,'When they were filled, he said unto his disciples, Gather up the fragments that remain, that nothing be lost.');
INSERT INTO verses VALUES (2016,66,13,NULL,'Therefore they gathered them together, and filled twelve baskets with the fragments of the five barley loaves, which remained over and above unto them that had eaten.');
INSERT INTO verses VALUES (2017,66,14,NULL,'Then those men, when they had seen the miracle that Jesus did, said, This is of a truth that prophet that should come into the world.');
INSERT INTO verses VALUES (2018,66,15,NULL,'When Jesus therefore perceived that they would come and take him by force, to make him a king, he departed again into a mountain himself alone.');
INSERT INTO verses VALUES (2019,66,16,NULL,'And when even was now come, his disciples went down unto the sea,');
INSERT INTO verses VALUES (2020,66,17,NULL,'And entered into a ship, and went over the sea toward Capernaum . And it was now dark, and Jesus was not come to them.');
INSERT INTO verses VALUES (2021,66,18,NULL,'And the sea arose by reason of a great wind that blew.');
INSERT INTO verses VALUES (2022,66,19,NULL,'So when they had rowed about five and twenty or thirty furlongs, they see Jesus walking on the sea, and drawing nigh unto the ship: and they were afraid.');
INSERT INTO verses VALUES (2023,66,20,NULL,'But he saith unto them, It is I; be not afraid.');
INSERT INTO verses VALUES (2024,66,21,NULL,'Then they willingly received him into the ship: and immediately the ship was at the land whither they went.');
INSERT INTO verses VALUES (2025,66,22,NULL,'The day following, when the people which stood on the other side of the sea saw that there was none other boat there, save that one whereinto his disciples were entered, and that Jesus went not with his disciples into the boat, but that his disciples were gone away alone;');
INSERT INTO verses VALUES (2026,66,23,NULL,'(Howbeit there came other boats from Tiberias nigh unto the place where they did eat bread, after that the Lord had given thanks:)');
INSERT INTO verses VALUES (2027,66,24,NULL,'When the people therefore saw that Jesus was not there, neither his disciples, they also took shipping, and came to Capernaum , seeking for Jesus .');
INSERT INTO verses VALUES (2028,66,25,NULL,'And when they had found him on the other side of the sea, they said unto him, Rabbi, when camest thou hither?');
INSERT INTO verses VALUES (2029,66,26,NULL,'Jesus answered them and said, Verily, verily, I say unto you, Ye seek me, not because ye saw the miracles, but because ye did eat of the loaves, and were filled.');
INSERT INTO verses VALUES (2030,66,27,NULL,'Labour not for the meat which perisheth, but for that meat which endureth unto everlasting life, which the Son of man shall give unto you: for him hath God the Father sealed.');
INSERT INTO verses VALUES (2031,66,28,NULL,'Then said they unto him, What shall we do, that we might work the works of God?');
INSERT INTO verses VALUES (2032,66,29,NULL,'Jesus answered and said unto them, This is the work of God, that ye believe on him whom he hath sent.');
INSERT INTO verses VALUES (2033,66,30,NULL,'They said therefore unto him, What sign shewest thou then, that we may see, and believe thee? what dost thou work?');
INSERT INTO verses VALUES (2034,66,31,NULL,'Our fathers did eat manna in the desert; as it is written, He gave them bread from heaven to eat.');
INSERT INTO verses VALUES (2035,66,32,NULL,'Then Jesus said unto them, Verily, verily, I say unto you, Moses gave you not that bread from heaven; but my Father giveth you the true bread from heaven.');
INSERT INTO verses VALUES (2036,66,33,NULL,'For the bread of God is he which cometh down from heaven, and giveth life unto the world.');
INSERT INTO verses VALUES (2037,66,34,NULL,'Then said they unto him, Lord, evermore give us this bread.');
INSERT INTO verses VALUES (2038,66,35,NULL,'And Jesus said unto them, I am the bread of life: he that cometh to me shall never hunger; and he that believeth on me shall never thirst.');
INSERT INTO verses VALUES (2039,66,36,NULL,'But I said unto you, That ye also have seen me, and believe not.');
INSERT INTO verses VALUES (2040,66,37,NULL,'All that the Father giveth me shall come to me; and him that cometh to me I will in no wise cast out.');
INSERT INTO verses VALUES (2041,66,38,NULL,'For I came down from heaven, not to do mine own will, but the will of him that sent me.');
INSERT INTO verses VALUES (2042,66,39,NULL,'And this is the Father''s will which hath sent me, that of all which he hath given me I should lose nothing, but should raise it up again at the last day.');
INSERT INTO verses VALUES (2043,66,40,NULL,'And this is the will of him that sent me, that every one which seeth the Son, and believeth on him, may have everlasting life: and I will raise him up at the last day.');
INSERT INTO verses VALUES (2044,66,41,NULL,'The Jews then murmured at him, because he said, I am the bread which came down from heaven.');
INSERT INTO verses VALUES (2045,66,42,NULL,'And they said, Is not this Jesus , the son of Joseph , whose father and mother we know? how is it then that he saith, I came down from heaven?');
INSERT INTO verses VALUES (2046,66,43,NULL,'Jesus therefore answered and said unto them, Murmur not among yourselves.');
INSERT INTO verses VALUES (2047,66,44,NULL,'No man can come to me, except the Father which hath sent me draw him: and I will raise him up at the last day.');
INSERT INTO verses VALUES (2048,66,45,NULL,'It is written in the prophets, And they shall be all taught of God. Every man therefore that hath heard, and hath learned of the Father, cometh unto me.');
INSERT INTO verses VALUES (2049,66,46,NULL,'Not that any man hath seen the Father, save he which is of God, he hath seen the Father.');
INSERT INTO verses VALUES (2050,66,47,NULL,'Verily, verily, I say unto you, He that believeth on me hath everlasting life.');
INSERT INTO verses VALUES (2051,66,48,NULL,'I am that bread of life.');
INSERT INTO verses VALUES (2052,66,49,NULL,'Your fathers did eat manna in the wilderness, and are dead.');
INSERT INTO verses VALUES (2053,66,50,NULL,'This is the bread which cometh down from heaven, that a man may eat thereof, and not die.');
INSERT INTO verses VALUES (2054,66,51,NULL,'I am the living bread which came down from heaven: if any man eat of this bread, he shall live for ever: and the bread that I will give is my flesh, which I will give for the life of the world.');
INSERT INTO verses VALUES (2055,66,52,NULL,'The Jews therefore strove among themselves, saying, How can this man give us his flesh to eat?');
INSERT INTO verses VALUES (2056,66,53,NULL,'Then Jesus said unto them, Verily, verily, I say unto you, Except ye eat the flesh of the Son of man, and drink his blood, ye have no life in you.');
INSERT INTO verses VALUES (2057,66,54,NULL,'Whoso eateth my flesh, and drinketh my blood, hath eternal life; and I will raise him up at the last day.');
INSERT INTO verses VALUES (2058,66,55,NULL,'For my flesh is meat indeed, and my blood is drink indeed.');
INSERT INTO verses VALUES (2059,66,56,NULL,'He that eateth my flesh, and drinketh my blood, dwelleth in me, and I in him.');
INSERT INTO verses VALUES (2060,66,57,NULL,'As the living Father hath sent me, and I live by the Father: so he that eateth me, even he shall live by me.');
INSERT INTO verses VALUES (2061,66,58,NULL,'This is that bread which came down from heaven: not as your fathers did eat manna, and are dead: he that eateth of this bread shall live for ever.');
INSERT INTO verses VALUES (2062,66,59,NULL,'These things said he in the synagogue, as he taught in Capernaum .');
INSERT INTO verses VALUES (2063,66,60,NULL,'Many therefore of his disciples, when they had heard this, said, This is an hard saying; who can hear it?');
INSERT INTO verses VALUES (2064,66,61,NULL,'When Jesus knew in himself that his disciples murmured at it, he said unto them, Doth this offend you?');
INSERT INTO verses VALUES (2065,66,62,NULL,'What and if ye shall see the Son of man ascend up where he was before?');
INSERT INTO verses VALUES (2066,66,63,NULL,'It is the spirit that quickeneth; the flesh profiteth nothing: the words that I speak unto you, they are spirit, and they are life.');
INSERT INTO verses VALUES (2067,66,64,NULL,'But there are some of you that believe not. For Jesus knew from the beginning who they were that believed not, and who should betray him.');
INSERT INTO verses VALUES (2068,66,65,NULL,'And he said, Therefore said I unto you, that no man can come unto me, except it were given unto him of my Father.');
INSERT INTO verses VALUES (2069,66,66,NULL,'From that time many of his disciples went back, and walked no more with him.');
INSERT INTO verses VALUES (2070,66,67,NULL,'Then said Jesus unto the twelve, Will ye also go away?');
INSERT INTO verses VALUES (2071,66,68,NULL,'Then Simon Peter answered him, Lord, to whom shall we go? thou hast the words of eternal life.');
INSERT INTO verses VALUES (2072,66,69,NULL,'And we believe and are sure that thou art that Christ , the Son of the living God.');
INSERT INTO verses VALUES (2073,66,70,NULL,'Jesus answered them, Have not I chosen you twelve, and one of you is a devil?');
INSERT INTO verses VALUES (2074,66,71,NULL,'He spake of Judas Iscariot the son of Simon : for he it was that should betray him, being one of the twelve.');
INSERT INTO chapters VALUES (67,43,8,NULL,'http://kjv.wordfree.net/bibles/app/audio/1/43/8.mp3','http://kjv.wordfree.net/bibles/app/audio/1/43/8.mp3');
INSERT INTO verses VALUES (2075,67,1,NULL,'span class="verse" id="1">1 </span Jesus went unto the mount of Olives.');
INSERT INTO verses VALUES (2076,67,2,NULL,'And early in the morning he came again into the temple, and all the people came unto him; and he sat down, and taught them.');
INSERT INTO verses VALUES (2077,67,3,NULL,'And the scribes and Pharisees brought unto him a woman taken in adultery; and when they had set her in the midst,');
INSERT INTO verses VALUES (2078,67,4,NULL,'They say unto him, Master, this woman was taken in adultery, in the very act.');
INSERT INTO verses VALUES (2079,67,5,NULL,'Now Moses in the law commanded us, that such should be stoned: but what sayest thou?');
INSERT INTO verses VALUES (2080,67,6,NULL,'This they said, tempting him, that they might have to accuse him. But Jesus stooped down, and with his finger wrote on the ground, as though he heard them not.');
INSERT INTO verses VALUES (2081,67,7,NULL,'So when they continued asking him, he lifted up himself, and said unto them, He that is without sin among you, let him first cast a stone at her.');
INSERT INTO verses VALUES (2082,67,8,NULL,'And again he stooped down, and wrote on the ground.');
INSERT INTO verses VALUES (2083,67,9,NULL,'And they which heard it, being convicted by their own conscience, went out one by one, beginning at the eldest, even unto the last: and Jesus was left alone, and the woman standing in the midst.');
INSERT INTO verses VALUES (2084,67,10,NULL,'When Jesus had lifted up himself, and saw none but the woman, he said unto her, Woman, where are those thine accusers? hath no man condemned thee?');
INSERT INTO verses VALUES (2085,67,11,NULL,'She said, No man, Lord. And Jesus said unto her, Neither do I condemn thee: go, and sin no more.');
INSERT INTO verses VALUES (2086,67,12,NULL,'Then spake Jesus again unto them, saying, I am the light of the world: he that followeth me shall not walk in darkness, but shall have the light of life.');
INSERT INTO verses VALUES (2087,67,13,NULL,'The Pharisees therefore said unto him, Thou bearest record of thyself; thy record is not true.');
INSERT INTO verses VALUES (2088,67,14,NULL,'Jesus answered and said unto them, Though I bear record of myself, yet my record is true: for I know whence I came, and whither I go; but ye cannot tell whence I come, and whither I go.');
INSERT INTO verses VALUES (2089,67,15,NULL,'Ye judge after the flesh; I judge no man.');
INSERT INTO verses VALUES (2090,67,16,NULL,'And yet if I judge, my judgment is true: for I am not alone, but I and the Father that sent me.');
INSERT INTO verses VALUES (2091,67,17,NULL,'It is also written in your law, that the testimony of two men is true.');
INSERT INTO verses VALUES (2092,67,18,NULL,'I am one that bear witness of myself, and the Father that sent me beareth witness of me.');
INSERT INTO verses VALUES (2093,67,19,NULL,'Then said they unto him, Where is thy Father? Jesus answered, Ye neither know me, nor my Father: if ye had known me, ye should have known my Father also.');
INSERT INTO verses VALUES (2094,67,20,NULL,'These words spake Jesus in the treasury, as he taught in the temple: and no man laid hands on him; for his hour was not yet come.');
INSERT INTO verses VALUES (2095,67,21,NULL,'Then said Jesus again unto them, I go my way, and ye shall seek me, and shall die in your sins: whither I go, ye cannot come.');
INSERT INTO verses VALUES (2096,67,22,NULL,'Then said the Jews, Will he kill himself? because he saith, Whither I go, ye cannot come.');
INSERT INTO verses VALUES (2097,67,23,NULL,'And he said unto them, Ye are from beneath; I am from above: ye are of this world; I am not of this world.');
INSERT INTO verses VALUES (2098,67,24,NULL,'I said therefore unto you, that ye shall die in your sins: for if ye believe not that I am he, ye shall die in your sins.');
INSERT INTO verses VALUES (2099,67,25,NULL,'Then said they unto him, Who art thou? And Jesus saith unto them, Even the same that I said unto you from the beginning.');
INSERT INTO verses VALUES (2100,67,26,NULL,'I have many things to say and to judge of you: but he that sent me is true; and I speak to the world those things which I have heard of him.');
INSERT INTO verses VALUES (2101,67,27,NULL,'They understood not that he spake to them of the Father.');
INSERT INTO verses VALUES (2102,67,28,NULL,'Then said Jesus unto them, When ye have lifted up the Son of man, then shall ye know that I am he, and that I do nothing of myself; but as my Father hath taught me, I speak these things.');
INSERT INTO verses VALUES (2103,67,29,NULL,'And he that sent me is with me: the Father hath not left me alone; for I do always those things that please him.');
INSERT INTO verses VALUES (2104,67,30,NULL,'As he spake these words, many believed on him.');
INSERT INTO verses VALUES (2105,67,31,NULL,'Then said Jesus to those Jews which believed on him, If ye continue in my word, then are ye my disciples indeed;');
INSERT INTO verses VALUES (2106,67,32,NULL,'And ye shall know the truth, and the truth shall make you free.');
INSERT INTO verses VALUES (2107,67,33,NULL,'They answered him, We be Abraham ''s seed, and were never in bondage to any man: how sayest thou, Ye shall be made free?');
INSERT INTO verses VALUES (2108,67,34,NULL,'Jesus answered them, Verily, verily, I say unto you, Whosoever committeth sin is the servant of sin.');
INSERT INTO verses VALUES (2109,67,35,NULL,'And the servant abideth not in the house for ever: but the Son abideth ever.');
INSERT INTO verses VALUES (2110,67,36,NULL,'If the Son therefore shall make you free, ye shall be free indeed.');
INSERT INTO verses VALUES (2111,67,37,NULL,'I know that ye are Abraham ''s seed; but ye seek to kill me, because my word hath no place in you.');
INSERT INTO verses VALUES (2112,67,38,NULL,'I speak that which I have seen with my Father: and ye do that which ye have seen with your father.');
INSERT INTO verses VALUES (2113,67,39,NULL,'They answered and said unto him, Abraham is our father. Jesus saith unto them, If ye were Abraham ''s children, ye would do the works of Abraham .');
INSERT INTO verses VALUES (2114,67,40,NULL,'But now ye seek to kill me, a man that hath told you the truth, which I have heard of God: this did not Abraham .');
INSERT INTO verses VALUES (2115,67,41,NULL,'Ye do the deeds of your father. Then said they to him, We be not born of fornication; we have one Father, even God.');
INSERT INTO verses VALUES (2116,67,42,NULL,'Jesus said unto them, If God were your Father, ye would love me: for I proceeded forth and came from God; neither came I of myself, but he sent me.');
INSERT INTO verses VALUES (2117,67,43,NULL,'Why do ye not understand my speech? even because ye cannot hear my word.');
INSERT INTO verses VALUES (2118,67,44,NULL,'Ye are of your father the devil, and the lusts of your father ye will do. He was a murderer from the beginning, and abode not in the truth, because there is no truth in him. When he speaketh a lie, he speaketh of his own: for he is a liar, and the father of it.');
INSERT INTO verses VALUES (2119,67,45,NULL,'And because I tell you the truth, ye believe me not.');
INSERT INTO verses VALUES (2120,67,46,NULL,'Which of you convinceth me of sin? And if I say the truth, why do ye not believe me?');
INSERT INTO verses VALUES (2121,67,47,NULL,'He that is of God heareth God''s words: ye therefore hear them not, because ye are not of God.');
INSERT INTO verses VALUES (2122,67,48,NULL,'Then answered the Jews, and said unto him, Say we not well that thou art a Samaritan, and hast a devil?');
INSERT INTO verses VALUES (2123,67,49,NULL,'Jesus answered, I have not a devil; but I honour my Father, and ye do dishonour me.');
INSERT INTO verses VALUES (2124,67,50,NULL,'And I seek not mine own glory: there is one that seeketh and judgeth.');
INSERT INTO verses VALUES (2125,67,51,NULL,'Verily, verily, I say unto you, If a man keep my saying, he shall never see death.');
INSERT INTO verses VALUES (2126,67,52,NULL,'Then said the Jews unto him, Now we know that thou hast a devil. Abraham is dead, and the prophets; and thou sayest, If a man keep my saying, he shall never taste of death.');
INSERT INTO verses VALUES (2127,67,53,NULL,'Art thou greater than our father Abraham , which is dead? and the prophets are dead: whom makest thou thyself?');
INSERT INTO verses VALUES (2128,67,54,NULL,'Jesus answered, If I honour myself, my honour is nothing: it is my Father that honoureth me; of whom ye say, that he is your God:');
INSERT INTO verses VALUES (2129,67,55,NULL,'Yet ye have not known him; but I know him: and if I should say, I know him not, I shall be a liar like unto you: but I know him, and keep his saying.');
INSERT INTO verses VALUES (2130,67,56,NULL,'Your father Abraham rejoiced to see my day: and he saw it, and was glad.');
INSERT INTO verses VALUES (2131,67,57,NULL,'Then said the Jews unto him, Thou art not yet fifty years old, and hast thou seen Abraham ?');
INSERT INTO verses VALUES (2132,67,58,NULL,'Jesus said unto them, Verily, verily, I say unto you, Before Abraham was, I am.');
INSERT INTO verses VALUES (2133,67,59,NULL,'Then took they up stones to cast at him: but Jesus hid himself, and went out of the temple, going through the midst of them, and so passed by.');
INSERT INTO chapters VALUES (68,43,14,NULL,'http://kjv.wordfree.net/bibles/app/audio/1/43/14.mp3','http://kjv.wordfree.net/bibles/app/audio/1/43/14.mp3');
INSERT INTO verses VALUES (2134,68,1,NULL,'span class="verse" id="1">1 </span Let not your heart be troubled: ye believe in God, believe also in me.');
INSERT INTO verses VALUES (2135,68,2,NULL,'In my Father''s house are many mansions: if it were not so, I would have told you. I go to prepare a place for you.');
INSERT INTO verses VALUES (2136,68,3,NULL,'And if I go and prepare a place for you, I will come again, and receive you unto myself; that where I am, there ye may be also.');
INSERT INTO verses VALUES (2137,68,4,NULL,'And whither I go ye know, and the way ye know.');
INSERT INTO verses VALUES (2138,68,5,NULL,'Thomas saith unto him, Lord, we know not whither thou goest; and how can we know the way?');
INSERT INTO verses VALUES (2139,68,6,NULL,'Jesus saith unto him, I am the way, the truth, and the life: no man cometh unto the Father, but by me.');
INSERT INTO verses VALUES (2140,68,7,NULL,'If ye had known me, ye should have known my Father also: and from henceforth ye know him, and have seen him.');
INSERT INTO verses VALUES (2141,68,8,NULL,'Philip saith unto him, Lord, shew us the Father, and it sufficeth us.');
INSERT INTO verses VALUES (2142,68,9,NULL,'Jesus saith unto him, Have I been so long time with you, and yet hast thou not known me, Philip ? he that hath seen me hath seen the Father; and how sayest thou then, Shew us the Father?');
INSERT INTO verses VALUES (2143,68,10,NULL,'Believest thou not that I am in the Father, and the Father in me? the words that I speak unto you I speak not of myself: but the Father that dwelleth in me, he doeth the works.');
INSERT INTO verses VALUES (2144,68,11,NULL,'Believe me that I am in the Father, and the Father in me: or else believe me for the very works'' sake.');
INSERT INTO verses VALUES (2145,68,12,NULL,'Verily, verily, I say unto you, He that believeth on me, the works that I do shall he do also; and greater works than these shall he do; because I go unto my Father.');
INSERT INTO verses VALUES (2146,68,13,NULL,'And whatsoever ye shall ask in my name, that will I do, that the Father may be glorified in the Son.');
INSERT INTO verses VALUES (2147,68,14,NULL,'If ye shall ask any thing in my name, I will do it.');
INSERT INTO verses VALUES (2148,68,15,NULL,'If ye love me, keep my commandments.');
INSERT INTO verses VALUES (2149,68,16,NULL,'And I will pray the Father, and he shall give you another Comforter, that he may abide with you for ever;');
INSERT INTO verses VALUES (2150,68,17,NULL,'Even the Spirit of truth; whom the world cannot receive, because it seeth him not, neither knoweth him: but ye know him; for he dwelleth with you, and shall be in you.');
INSERT INTO verses VALUES (2151,68,18,NULL,'I will not leave you comfortless: I will come to you.');
INSERT INTO verses VALUES (2152,68,19,NULL,'Yet a little while, and the world seeth me no more; but ye see me: because I live, ye shall live also.');
INSERT INTO verses VALUES (2153,68,20,NULL,'At that day ye shall know that I am in my Father, and ye in me, and I in you.');
INSERT INTO verses VALUES (2154,68,21,NULL,'He that hath my commandments, and keepeth them, he it is that loveth me: and he that loveth me shall be loved of my Father, and I will love him, and will manifest myself to him.');
INSERT INTO verses VALUES (2155,68,22,NULL,'Judas saith unto him, not Iscariot, Lord, how is it that thou wilt manifest thyself unto us, and not unto the world?');
INSERT INTO verses VALUES (2156,68,23,NULL,'Jesus answered and said unto him, If a man love me, he will keep my words: and my Father will love him, and we will come unto him, and make our abode with him.');
INSERT INTO verses VALUES (2157,68,24,NULL,'He that loveth me not keepeth not my sayings: and the word which ye hear is not mine, but the Father''s which sent me.');
INSERT INTO verses VALUES (2158,68,25,NULL,'These things have I spoken unto you, being yet present with you.');
INSERT INTO verses VALUES (2159,68,26,NULL,'But the Comforter, which is the Holy Ghost, whom the Father will send in my name, he shall teach you all things, and bring all things to your remembrance, whatsoever I have said unto you.');
INSERT INTO verses VALUES (2160,68,27,NULL,'Peace I leave with you, my peace I give unto you: not as the world giveth, give I unto you. Let not your heart be troubled, neither let it be afraid.');
INSERT INTO verses VALUES (2161,68,28,NULL,'Ye have heard how I said unto you, I go away, and come again unto you. If ye loved me, ye would rejoice, because I said, I go unto the Father: for my Father is greater than I.');
INSERT INTO verses VALUES (2162,68,29,NULL,'And now I have told you before it come to pass, that, when it is come to pass, ye might believe.');
INSERT INTO verses VALUES (2163,68,30,NULL,'Hereafter I will not talk much with you: for the prince of this world cometh, and hath nothing in me.');
INSERT INTO verses VALUES (2164,68,31,NULL,'But that the world may know that I love the Father; and as the Father gave me commandment, even so I do. Arise, let us go hence.');
INSERT INTO chapters VALUES (69,43,15,NULL,'http://kjv.wordfree.net/bibles/app/audio/1/43/15.mp3','http://kjv.wordfree.net/bibles/app/audio/1/43/15.mp3');
INSERT INTO verses VALUES (2165,69,1,NULL,'span class="verse" id="1">1 </span I am the true vine, and my Father is the husbandman.');
INSERT INTO verses VALUES (2166,69,2,NULL,'Every branch in me that beareth not fruit he taketh away: and every branch that beareth fruit, he purgeth it, that it may bring forth more fruit.');
INSERT INTO verses VALUES (2167,69,3,NULL,'Now ye are clean through the word which I have spoken unto you.');
INSERT INTO verses VALUES (2168,69,4,NULL,'Abide in me, and I in you. As the branch cannot bear fruit of itself, except it abide in the vine; no more can ye, except ye abide in me.');
INSERT INTO verses VALUES (2169,69,5,NULL,'I am the vine, ye are the branches: He that abideth in me, and I in him, the same bringeth forth much fruit: for without me ye can do nothing.');
INSERT INTO verses VALUES (2170,69,6,NULL,'If a man abide not in me, he is cast forth as a branch, and is withered; and men gather them, and cast them into the fire, and they are burned.');
INSERT INTO verses VALUES (2171,69,7,NULL,'If ye abide in me, and my words abide in you, ye shall ask what ye will, and it shall be done unto you.');
INSERT INTO verses VALUES (2172,69,8,NULL,'Herein is my Father glorified, that ye bear much fruit; so shall ye be my disciples.');
INSERT INTO verses VALUES (2173,69,9,NULL,'As the Father hath loved me, so have I loved you: continue ye in my love.');
INSERT INTO verses VALUES (2174,69,10,NULL,'If ye keep my commandments, ye shall abide in my love; even as I have kept my Father''s commandments, and abide in his love.');
INSERT INTO verses VALUES (2175,69,11,NULL,'These things have I spoken unto you, that my joy might remain in you, and that your joy might be full.');
INSERT INTO verses VALUES (2176,69,12,NULL,'This is my commandment, That ye love one another, as I have loved you.');
INSERT INTO verses VALUES (2177,69,13,NULL,'Greater love hath no man than this, that a man lay down his life for his friends.');
INSERT INTO verses VALUES (2178,69,14,NULL,'Ye are my friends, if ye do whatsoever I command you.');
INSERT INTO verses VALUES (2179,69,15,NULL,'Henceforth I call you not servants; for the servant knoweth not what his lord doeth: but I have called you friends; for all things that I have heard of my Father I have made known unto you.');
INSERT INTO verses VALUES (2180,69,16,NULL,'Ye have not chosen me, but I have chosen you, and ordained you, that ye should go and bring forth fruit, and that your fruit should remain: that whatsoever ye shall ask of the Father in my name, he may give it you.');
INSERT INTO verses VALUES (2181,69,17,NULL,'These things I command you, that ye love one another.');
INSERT INTO verses VALUES (2182,69,18,NULL,'If the world hate you, ye know that it hated me before it hated you.');
INSERT INTO verses VALUES (2183,69,19,NULL,'If ye were of the world, the world would love his own: but because ye are not of the world, but I have chosen you out of the world, therefore the world hateth you.');
INSERT INTO verses VALUES (2184,69,20,NULL,'Remember the word that I said unto you, The servant is not greater than his lord. If they have persecuted me, they will also persecute you; if they have kept my saying, they will keep yours also.');
INSERT INTO verses VALUES (2185,69,21,NULL,'But all these things will they do unto you for my name''s sake, because they know not him that sent me.');
INSERT INTO verses VALUES (2186,69,22,NULL,'If I had not come and spoken unto them, they had not had sin: but now they have no cloke for their sin.');
INSERT INTO verses VALUES (2187,69,23,NULL,'He that hateth me hateth my Father also.');
INSERT INTO verses VALUES (2188,69,24,NULL,'If I had not done among them the works which none other man did, they had not had sin: but now have they both seen and hated both me and my Father.');
INSERT INTO verses VALUES (2189,69,25,NULL,'But this cometh to pass, that the word might be fulfilled that is written in their law, They hated me without a cause.');
INSERT INTO verses VALUES (2190,69,26,NULL,'But when the Comforter is come, whom I will send unto you from the Father, even the Spirit of truth, which proceedeth from the Father, he shall testify of me:');
INSERT INTO verses VALUES (2191,69,27,NULL,'And ye also shall bear witness, because ye have been with me from the beginning.');
INSERT INTO chapters VALUES (70,43,16,NULL,'http://kjv.wordfree.net/bibles/app/audio/1/43/16.mp3','http://kjv.wordfree.net/bibles/app/audio/1/43/16.mp3');
INSERT INTO verses VALUES (2192,70,1,NULL,'span class="verse" id="1">1 </span These things have I spoken unto you, that ye should not be offended.');
INSERT INTO verses VALUES (2193,70,2,NULL,'They shall put you out of the synagogues: yea, the time cometh, that whosoever killeth you will think that he doeth God service.');
INSERT INTO verses VALUES (2194,70,3,NULL,'And these things will they do unto you, because they have not known the Father, nor me.');
INSERT INTO verses VALUES (2195,70,4,NULL,'But these things have I told you, that when the time shall come, ye may remember that I told you of them. And these things I said not unto you at the beginning, because I was with you.');
INSERT INTO verses VALUES (2196,70,5,NULL,'But now I go my way to him that sent me; and none of you asketh me, Whither goest thou?');
INSERT INTO verses VALUES (2197,70,6,NULL,'But because I have said these things unto you, sorrow hath filled your heart.');
INSERT INTO verses VALUES (2198,70,7,NULL,'Nevertheless I tell you the truth; It is expedient for you that I go away: for if I go not away, the Comforter will not come unto you; but if I depart, I will send him unto you.');
INSERT INTO verses VALUES (2199,70,8,NULL,'And when he is come, he will reprove the world of sin, and of righteousness, and of judgment:');
INSERT INTO verses VALUES (2200,70,9,NULL,'Of sin, because they believe not on me;');
INSERT INTO verses VALUES (2201,70,10,NULL,'Of righteousness, because I go to my Father, and ye see me no more;');
INSERT INTO verses VALUES (2202,70,11,NULL,'Of judgment, because the prince of this world is judged.');
INSERT INTO verses VALUES (2203,70,12,NULL,'I have yet many things to say unto you, but ye cannot bear them now.');
INSERT INTO verses VALUES (2204,70,13,NULL,'Howbeit when he, the Spirit of truth, is come, he will guide you into all truth: for he shall not speak of himself; but whatsoever he shall hear, that shall he speak: and he will shew you things to come.');
INSERT INTO verses VALUES (2205,70,14,NULL,'He shall glorify me: for he shall receive of mine, and shall shew it unto you.');
INSERT INTO verses VALUES (2206,70,15,NULL,'All things that the Father hath are mine: therefore said I, that he shall take of mine, and shall shew it unto you.');
INSERT INTO verses VALUES (2207,70,16,NULL,'A little while, and ye shall not see me: and again, a little while, and ye shall see me, because I go to the Father.');
INSERT INTO verses VALUES (2208,70,17,NULL,'Then said some of his disciples among themselves, What is this that he saith unto us, A little while, and ye shall not see me: and again, a little while, and ye shall see me: and, Because I go to the Father?');
INSERT INTO verses VALUES (2209,70,18,NULL,'They said therefore, What is this that he saith, A little while? we cannot tell what he saith.');
INSERT INTO verses VALUES (2210,70,19,NULL,'Now Jesus knew that they were desirous to ask him, and said unto them, Do ye enquire among yourselves of that I said, A little while, and ye shall not see me: and again, a little while, and ye shall see me?');
INSERT INTO verses VALUES (2211,70,20,NULL,'Verily, verily, I say unto you, That ye shall weep and lament, but the world shall rejoice: and ye shall be sorrowful, but your sorrow shall be turned into joy.');
INSERT INTO verses VALUES (2212,70,21,NULL,'A woman when she is in travail hath sorrow, because her hour is come: but as soon as she is delivered of the child, she remembereth no more the anguish, for joy that a man is born into the world.');
INSERT INTO verses VALUES (2213,70,22,NULL,'And ye now therefore have sorrow: but I will see you again, and your heart shall rejoice, and your joy no man taketh from you.');
INSERT INTO verses VALUES (2214,70,23,NULL,'And in that day ye shall ask me nothing. Verily, verily, I say unto you, Whatsoever ye shall ask the Father in my name, he will give it you.');
INSERT INTO verses VALUES (2215,70,24,NULL,'Hitherto have ye asked nothing in my name: ask, and ye shall receive, that your joy may be full.');
INSERT INTO verses VALUES (2216,70,25,NULL,'These things have I spoken unto you in proverbs: but the time cometh, when I shall no more speak unto you in proverbs, but I shall shew you plainly of the Father.');
INSERT INTO verses VALUES (2217,70,26,NULL,'At that day ye shall ask in my name: and I say not unto you, that I will pray the Father for you:');
INSERT INTO verses VALUES (2218,70,27,NULL,'For the Father himself loveth you, because ye have loved me, and have believed that I came out from God.');
INSERT INTO verses VALUES (2219,70,28,NULL,'I came forth from the Father, and am come into the world: again, I leave the world, and go to the Father.');
INSERT INTO verses VALUES (2220,70,29,NULL,'His disciples said unto him, Lo, now speakest thou plainly, and speakest no proverb.');
INSERT INTO verses VALUES (2221,70,30,NULL,'Now are we sure that thou knowest all things, and needest not that any man should ask thee: by this we believe that thou camest forth from God.');
INSERT INTO verses VALUES (2222,70,31,NULL,'Jesus answered them, Do ye now believe?');
INSERT INTO verses VALUES (2223,70,32,NULL,'Behold, the hour cometh, yea, is now come, that ye shall be scattered, every man to his own, and shall leave me alone: and yet I am not alone, because the Father is with me.');
INSERT INTO verses VALUES (2224,70,33,NULL,'These things I have spoken unto you, that in me ye might have peace. In the world ye shall have tribulation: but be of good cheer; I have overcome the world.');
INSERT INTO chapters VALUES (71,44,1,NULL,'http://kjv.wordfree.net/bibles/app/audio/1/44/1.mp3','http://kjv.wordfree.net/bibles/app/audio/1/44/1.mp3');
INSERT INTO verses VALUES (2225,71,1,NULL,'span class="verse" id="1">1 </span The former treatise have I made, O Theophilus, of all that Jesus began both to do and teach,');
INSERT INTO verses VALUES (2226,71,2,NULL,'Until the day in which he was taken up, after that he through the Holy Ghost had given commandments unto the apostles whom he had chosen:');
INSERT INTO verses VALUES (2227,71,3,NULL,'To whom also he shewed himself alive after his passion by many infallible proofs, being seen of them forty days, and speaking of the things pertaining to the kingdom of God:');
INSERT INTO verses VALUES (2228,71,4,NULL,'And, being assembled together with them, commanded them that they should not depart from Jerusalem , but wait for the promise of the Father, which, saith he, ye have heard of me.');
INSERT INTO verses VALUES (2229,71,5,NULL,'For John truly baptized with water; but ye shall be baptized with the Holy Ghost not many days hence.');
INSERT INTO verses VALUES (2230,71,6,NULL,'When they therefore were come together, they asked of him, saying, Lord, wilt thou at this time restore again the kingdom to Israel ?');
INSERT INTO verses VALUES (2231,71,7,NULL,'And he said unto them, It is not for you to know the times or the seasons, which the Father hath put in his own power.');
INSERT INTO verses VALUES (2232,71,8,NULL,'But ye shall receive power, after that the Holy Ghost is come upon you: and ye shall be witnesses unto me both in Jerusalem , and in all Judaea , and in Samaria , and unto the uttermost part of the earth.');
INSERT INTO verses VALUES (2233,71,9,NULL,'And when he had spoken these things, while they beheld, he was taken up; and a cloud received him out of their sight.');
INSERT INTO verses VALUES (2234,71,10,NULL,'And while they looked stedfastly toward heaven as he went up, behold, two men stood by them in white apparel;');
INSERT INTO verses VALUES (2235,71,11,NULL,'Which also said, Ye men of Galilee , why stand ye gazing up into heaven? this same Jesus , which is taken up from you into heaven, shall so come in like manner as ye have seen him go into heaven.');
INSERT INTO verses VALUES (2236,71,12,NULL,'Then returned they unto Jerusalem from the mount called Olivet, which is from Jerusalem a sabbath day''s journey.');
INSERT INTO verses VALUES (2237,71,13,NULL,'And when they were come in, they went up into an upper room, where abode both Peter , and James , and John , and Andrew , Philip , and Thomas , Bartholomew , and Matthew , James the son of Alphaeus , and Simon Zelotes, and Judas the brother of James .');
INSERT INTO verses VALUES (2238,71,14,NULL,'These all continued with one accord in prayer and supplication, with the women, and Mary the mother of Jesus , and with his brethren.');
INSERT INTO verses VALUES (2239,71,15,NULL,'And in those days Peter stood up in the midst of the disciples, and said, (the number of names together were about an hundred and twenty,)');
INSERT INTO verses VALUES (2240,71,16,NULL,'Men and brethren, this scripture must needs have been fulfilled, which the Holy Ghost by the mouth of David spake before concerning Judas , which was guide to them that took Jesus .');
INSERT INTO verses VALUES (2241,71,17,NULL,'For he was numbered with us, and had obtained part of this ministry.');
INSERT INTO verses VALUES (2242,71,18,NULL,'Now this man purchased a field with the reward of iniquity; and falling headlong, he burst asunder in the midst, and all his bowels gushed out.');
INSERT INTO verses VALUES (2243,71,19,NULL,'And it was known unto all the dwellers at Jerusalem ; insomuch as that field is called in their proper tongue, Aceldama, that is to say, The field of blood.');
INSERT INTO verses VALUES (2244,71,20,NULL,'For it is written in the book of Psalms, Let his habitation be desolate, and let no man dwell therein: and his bishoprick let another take.');
INSERT INTO verses VALUES (2245,71,21,NULL,'Wherefore of these men which have companied with us all the time that the Lord Jesus went in and out among us,');
INSERT INTO verses VALUES (2246,71,22,NULL,'Beginning from the baptism of John , unto that same day that he was taken up from us, must one be ordained to be a witness with us of his resurrection.');
INSERT INTO verses VALUES (2247,71,23,NULL,'And they appointed two, Joseph called Barsabas, who was surnamed Justus, and Matthias.');
INSERT INTO verses VALUES (2248,71,24,NULL,'And they prayed, and said, Thou, Lord, which knowest the hearts of all men, shew whether of these two thou hast chosen,');
INSERT INTO verses VALUES (2249,71,25,NULL,'That he may take part of this ministry and apostleship, from which Judas by transgression fell, that he might go to his own place.');
INSERT INTO verses VALUES (2250,71,26,NULL,'And they gave forth their lots; and the lot fell upon Matthias; and he was numbered with the eleven apostles.');
INSERT INTO chapters VALUES (72,44,7,NULL,'http://kjv.wordfree.net/bibles/app/audio/1/44/7.mp3','http://kjv.wordfree.net/bibles/app/audio/1/44/7.mp3');
INSERT INTO verses VALUES (2251,72,1,NULL,'span class="verse" id="1">1 </span Then said the high priest, Are these things so?');
INSERT INTO verses VALUES (2252,72,2,NULL,'And he said, Men, brethren, and fathers, hearken; The God of glory appeared unto our father Abraham , when he was in Mesopotamia , before he dwelt in Charran,');
INSERT INTO verses VALUES (2253,72,3,NULL,'And said unto him, Get thee out of thy country, and from thy kindred, and come into the land which I shall shew thee.');
INSERT INTO verses VALUES (2254,72,4,NULL,'Then came he out of the land of the Chaldæans, and dwelt in Charran: and from thence, when his father was dead, he removed him into this land, wherein ye now dwell.');
INSERT INTO verses VALUES (2255,72,5,NULL,'And he gave him none inheritance in it, no, not so much as to set his foot on: yet he promised that he would give it to him for a possession, and to his seed after him, when as yet he had no child.');
INSERT INTO verses VALUES (2256,72,6,NULL,'And God spake on this wise, That his seed should sojourn in a strange land; and that they should bring them into bondage, and entreat them evil four hundred years.');
INSERT INTO verses VALUES (2257,72,7,NULL,'And the nation to whom they shall be in bondage will I judge, said God: and after that shall they come forth, and serve me in this place.');
INSERT INTO verses VALUES (2258,72,8,NULL,'And he gave him the covenant of circumcision: and so Abraham begat Isaac , and circumcised him the eighth day; and Isaac begat Jacob ; and Jacob begat the twelve patriarchs.');
INSERT INTO verses VALUES (2259,72,9,NULL,'And the patriarchs, moved with envy, sold Joseph into Egypt : but God was with him,');
INSERT INTO verses VALUES (2260,72,10,NULL,'And delivered him out of all his afflictions, and gave him favour and wisdom in the sight of Pharaoh king of Egypt ; and he made him governor over Egypt and all his house.');
INSERT INTO verses VALUES (2261,72,11,NULL,'Now there came a dearth over all the land of Egypt and Chanaan, and great affliction: and our fathers found no sustenance.');
INSERT INTO verses VALUES (2262,72,12,NULL,'But when Jacob heard that there was corn in Egypt , he sent out our fathers first.');
INSERT INTO verses VALUES (2263,72,13,NULL,'And at the second time Joseph was made known to his brethren; and Joseph ''s kindred was made known unto Pharaoh.');
INSERT INTO verses VALUES (2264,72,14,NULL,'Then sent Joseph , and called his father Jacob to him, and all his kindred, threescore and fifteen souls.');
INSERT INTO verses VALUES (2265,72,15,NULL,'So Jacob went down into Egypt , and died, he, and our fathers,');
INSERT INTO verses VALUES (2266,72,16,NULL,'And were carried over into Sychem, and laid in the sepulchre that Abraham bought for a sum of money of the sons of Emmor the father of Sychem.');
INSERT INTO verses VALUES (2267,72,17,NULL,'But when the time of the promise drew nigh, which God had sworn to Abraham , the people grew and multiplied in Egypt ,');
INSERT INTO verses VALUES (2268,72,18,NULL,'Till another king arose, which knew not Joseph .');
INSERT INTO verses VALUES (2269,72,19,NULL,'The same dealt subtilly with our kindred, and evil entreated our fathers, so that they cast out their young children, to the end they might not live.');
INSERT INTO verses VALUES (2270,72,20,NULL,'In which time Moses was born, and was exceeding fair, and nourished up in his father''s house three months:');
INSERT INTO verses VALUES (2271,72,21,NULL,'And when he was cast out, Pharaoh''s daughter took him up, and nourished him for her own son.');
INSERT INTO verses VALUES (2272,72,22,NULL,'And Moses was learned in all the wisdom of the Egyptians, and was mighty in words and in deeds.');
INSERT INTO verses VALUES (2273,72,23,NULL,'And when he was full forty years old, it came into his heart to visit his brethren the children of Israel .');
INSERT INTO verses VALUES (2274,72,24,NULL,'And seeing one of them suffer wrong, he defended him, and avenged him that was oppressed, and smote the Egyptian:');
INSERT INTO verses VALUES (2275,72,25,NULL,'For he supposed his brethren would have understood how that God by his hand would deliver them: but they understood not.');
INSERT INTO verses VALUES (2276,72,26,NULL,'And the next day he shewed himself unto them as they strove, and would have set them at one again, saying, Sirs, ye are brethren; why do ye wrong one to another?');
INSERT INTO verses VALUES (2277,72,27,NULL,'But he that did his neighbour wrong thrust him away, saying, Who made thee a ruler and a judge over us?');
INSERT INTO verses VALUES (2278,72,28,NULL,'Wilt thou kill me, as thou diddest the Egyptian yesterday?');
INSERT INTO verses VALUES (2279,72,29,NULL,'Then fled Moses at this saying, and was a stranger in the land of Madian, where he begat two sons.');
INSERT INTO verses VALUES (2280,72,30,NULL,'And when forty years were expired, there appeared to him in the wilderness of mount Sina an angel of the Lord in a flame of fire in a bush.');
INSERT INTO verses VALUES (2281,72,31,NULL,'When Moses saw it, he wondered at the sight: and as he drew near to behold it, the voice of the LORD came unto him,');
INSERT INTO verses VALUES (2282,72,32,NULL,'Saying, I am the God of thy fathers, the God of Abraham , and the God of Isaac , and the God of Jacob . Then Moses trembled, and durst not behold.');
INSERT INTO verses VALUES (2283,72,33,NULL,'Then said the Lord to him, Put off thy shoes from thy feet: for the place where thou standest is holy ground.');
INSERT INTO verses VALUES (2284,72,34,NULL,'I have seen, I have seen the affliction of my people which is in Egypt , and I have heard their groaning, and am come down to deliver them. And now come, I will send thee into Egypt .');
INSERT INTO verses VALUES (2285,72,35,NULL,'This Moses whom they refused, saying, Who made thee a ruler and a judge? the same did God send to be a ruler and a deliverer by the hand of the angel which appeared to him in the bush.');
INSERT INTO verses VALUES (2286,72,36,NULL,'He brought them out, after that he had shewed wonders and signs in the land of Egypt , and in the Red sea, and in the wilderness forty years.');
INSERT INTO verses VALUES (2287,72,37,NULL,'This is that Moses , which said unto the children of Israel , A prophet shall the Lord your God raise up unto you of your brethren, like unto me; him shall ye hear.');
INSERT INTO verses VALUES (2288,72,38,NULL,'This is he, that was in the church in the wilderness with the angel which spake to him in the mount Sina, and with our fathers: who received the lively oracles to give unto us:');
INSERT INTO verses VALUES (2289,72,39,NULL,'To whom our fathers would not obey, but thrust him from them, and in their hearts turned back again into Egypt ,');
INSERT INTO verses VALUES (2290,72,40,NULL,'Saying unto Aaron , Make us gods to go before us: for as for this Moses , which brought us out of the land of Egypt , we wot not what is become of him.');
INSERT INTO verses VALUES (2291,72,41,NULL,'And they made a calf in those days, and offered sacrifice unto the idol, and rejoiced in the works of their own hands.');
INSERT INTO verses VALUES (2292,72,42,NULL,'Then God turned, and gave them up to worship the host of heaven; as it is written in the book of the prophets, O ye house of Israel , have ye offered to me slain beasts and sacrifices by the space of forty years in the wilderness?');
INSERT INTO verses VALUES (2293,72,43,NULL,'Yea, ye took up the tabernacle of Moloch, and the star of your god Remphan, figures which ye made to worship them: and I will carry you away beyond Babylon .');
INSERT INTO verses VALUES (2294,72,44,NULL,'Our fathers had the tabernacle of witness in the wilderness, as he had appointed, speaking unto Moses , that he should make it according to the fashion that he had seen.');
INSERT INTO verses VALUES (2295,72,45,NULL,'Which also our fathers that came after brought in with Jesus into the possession of the Gentiles, whom God drave out before the face of our fathers, unto the days of David ;');
INSERT INTO verses VALUES (2296,72,46,NULL,'Who found favour before God, and desired to find a tabernacle for the God of Jacob .');
INSERT INTO verses VALUES (2297,72,47,NULL,'But Solomon built him an house.');
INSERT INTO verses VALUES (2298,72,48,NULL,'Howbeit the most High dwelleth not in temples made with hands; as saith the prophet,');
INSERT INTO verses VALUES (2299,72,49,NULL,'Heaven is my throne, and earth is my footstool: what house will ye build me? saith the Lord: or what is the place of my rest?');
INSERT INTO verses VALUES (2300,72,50,NULL,'Hath not my hand made all these things?');
INSERT INTO verses VALUES (2301,72,51,NULL,'Ye stiffnecked and uncircumcised in heart and ears, ye do always resist the Holy Ghost: as your fathers did, so do ye.');
INSERT INTO verses VALUES (2302,72,52,NULL,'Which of the prophets have not your fathers persecuted? and they have slain them which shewed before of the coming of the Just One; of whom ye have been now the betrayers and murderers:');
INSERT INTO verses VALUES (2303,72,53,NULL,'Who have received the law by the disposition of angels, and have not kept it.');
INSERT INTO verses VALUES (2304,72,54,NULL,'When they heard these things, they were cut to the heart, and they gnashed on him with their teeth.');
INSERT INTO verses VALUES (2305,72,55,NULL,'But he, being full of the Holy Ghost, looked up stedfastly into heaven, and saw the glory of God, and Jesus standing on the right hand of God,');
INSERT INTO verses VALUES (2306,72,56,NULL,'And said, Behold, I see the heavens opened, and the Son of man standing on the right hand of God.');
INSERT INTO verses VALUES (2307,72,57,NULL,'Then they cried out with a loud voice, and stopped their ears, and ran upon him with one accord,');
INSERT INTO verses VALUES (2308,72,58,NULL,'And cast him out of the city, and stoned him: and the witnesses laid down their clothes at a young man''s feet, whose name was Saul .');
INSERT INTO verses VALUES (2309,72,59,NULL,'And they stoned Stephen, calling upon God, and saying, Lord Jesus , receive my spirit.');
INSERT INTO verses VALUES (2310,72,60,NULL,'And he kneeled down, and cried with a loud voice, Lord, lay not this sin to their charge. And when he had said this, he fell asleep.');
INSERT INTO chapters VALUES (73,45,1,NULL,'http://kjv.wordfree.net/bibles/app/audio/1/45/1.mp3','http://kjv.wordfree.net/bibles/app/audio/1/45/1.mp3');
INSERT INTO verses VALUES (2311,73,1,NULL,'span class="verse" id="1">1 </span Paul , a servant of Jesus Christ , called to be an apostle, separated unto the gospel of God,');
INSERT INTO verses VALUES (2312,73,2,NULL,'(Which he had promised afore by his prophets in the holy scriptures,)');
INSERT INTO verses VALUES (2313,73,3,NULL,'Concerning his Son Jesus Christ our Lord, which was made of the seed of David according to the flesh;');
INSERT INTO verses VALUES (2314,73,4,NULL,'And declared to be the Son of God with power, according to the spirit of holiness, by the resurrection from the dead:');
INSERT INTO verses VALUES (2315,73,5,NULL,'By whom we have received grace and apostleship, for obedience to the faith among all nations, for his name:');
INSERT INTO verses VALUES (2316,73,6,NULL,'Among whom are ye also the called of Jesus Christ :');
INSERT INTO verses VALUES (2317,73,7,NULL,'To all that be in Rome, beloved of God, called to be saints: Grace to you and peace from God our Father, and the Lord Jesus Christ .');
INSERT INTO verses VALUES (2318,73,8,NULL,'First, I thank my God through Jesus Christ for you all, that your faith is spoken of throughout the whole world.');
INSERT INTO verses VALUES (2319,73,9,NULL,'For God is my witness, whom I serve with my spirit in the gospel of his Son, that without ceasing I make mention of you always in my prayers;');
INSERT INTO verses VALUES (2320,73,10,NULL,'Making request, if by any means now at length I might have a prosperous journey by the will of God to come unto you.');
INSERT INTO verses VALUES (2321,73,11,NULL,'For I long to see you, that I may impart unto you some spiritual gift, to the end ye may be established;');
INSERT INTO verses VALUES (2322,73,12,NULL,'That is, that I may be comforted together with you by the mutual faith both of you and me.');
INSERT INTO verses VALUES (2323,73,13,NULL,'Now I would not have you ignorant, brethren, that oftentimes I purposed to come unto you, (but was let hitherto,) that I might have some fruit among you also, even as among other Gentiles.');
INSERT INTO verses VALUES (2324,73,14,NULL,'I am debtor both to the Greeks, and to the Barbarians; both to the wise, and to the unwise.');
INSERT INTO verses VALUES (2325,73,15,NULL,'So, as much as in me is, I am ready to preach the gospel to you that are at Rome also.');
INSERT INTO verses VALUES (2326,73,16,NULL,'For I am not ashamed of the gospel of Christ : for it is the power of God unto salvation to every one that believeth; to the Jew first, and also to the Greek.');
INSERT INTO verses VALUES (2327,73,17,NULL,'For therein is the righteousness of God revealed from faith to faith: as it is written, The just shall live by faith.');
INSERT INTO verses VALUES (2328,73,18,NULL,'For the wrath of God is revealed from heaven against all ungodliness and unrighteousness of men, who hold the truth in unrighteousness;');
INSERT INTO verses VALUES (2329,73,19,NULL,'Because that which may be known of God is manifest in them; for God hath shewed it unto them.');
INSERT INTO verses VALUES (2330,73,20,NULL,'For the invisible things of him from the creation of the world are clearly seen, being understood by the things that are made, even his eternal power and Godhead; so that they are without excuse:');
INSERT INTO verses VALUES (2331,73,21,NULL,'Because that, when they knew God, they glorified him not as God, neither were thankful; but became vain in their imaginations, and their foolish heart was darkened.');
INSERT INTO verses VALUES (2332,73,22,NULL,'Professing themselves to be wise, they became fools,');
INSERT INTO verses VALUES (2333,73,23,NULL,'And changed the glory of the uncorruptible God into an image made like to corruptible man, and to birds, and fourfooted beasts, and creeping things.');
INSERT INTO verses VALUES (2334,73,24,NULL,'Wherefore God also gave them up to uncleanness through the lusts of their own hearts, to dishonour their own bodies between themselves:');
INSERT INTO verses VALUES (2335,73,25,NULL,'Who changed the truth of God into a lie, and worshipped and served the creature more than the Creator, who is blessed for ever. Amen.');
INSERT INTO verses VALUES (2336,73,26,NULL,'For this cause God gave them up unto vile affections: for even their women did change the natural use into that which is against nature:');
INSERT INTO verses VALUES (2337,73,27,NULL,'And likewise also the men, leaving the natural use of the woman, burned in their lust one toward another; men with men working that which is unseemly, and receiving in themselves that recompence of their error which was meet.');
INSERT INTO verses VALUES (2338,73,28,NULL,'And even as they did not like to retain God in their knowledge, God gave them over to a reprobate mind, to do those things which are not convenient;');
INSERT INTO verses VALUES (2339,73,29,NULL,'Being filled with all unrighteousness, fornication, wickedness, covetousness, maliciousness; full of envy, murder, debate, deceit, malignity; whisperers,');
INSERT INTO verses VALUES (2340,73,30,NULL,'Backbiters, haters of God, despiteful, proud, boasters, inventors of evil things, disobedient to parents,');
INSERT INTO verses VALUES (2341,73,31,NULL,'Without understanding, covenantbreakers, without natural affection, implacable, unmerciful:');
INSERT INTO verses VALUES (2342,73,32,NULL,'Who knowing the judgment of God, that they which commit such things are worthy of death, not only do the same, but have pleasure in them that do them.');
INSERT INTO chapters VALUES (74,45,3,NULL,'http://kjv.wordfree.net/bibles/app/audio/1/45/3.mp3','http://kjv.wordfree.net/bibles/app/audio/1/45/3.mp3');
INSERT INTO verses VALUES (2343,74,1,NULL,'span class="verse" id="1">1 </span What advantage then hath the Jew? or what profit is there of circumcision?');
INSERT INTO verses VALUES (2344,74,2,NULL,'Much every way: chiefly, because that unto them were committed the oracles of God.');
INSERT INTO verses VALUES (2345,74,3,NULL,'For what if some did not believe? shall their unbelief make the faith of God without effect?');
INSERT INTO verses VALUES (2346,74,4,NULL,'God forbid: yea, let God be true, but every man a liar; as it is written, That thou mightest be justified in thy sayings, and mightest overcome when thou art judged.');
INSERT INTO verses VALUES (2347,74,5,NULL,'But if our unrighteousness commend the righteousness of God, what shall we say? Is God unrighteous who taketh vengeance? (I speak as a man)');
INSERT INTO verses VALUES (2348,74,6,NULL,'God forbid: for then how shall God judge the world?');
INSERT INTO verses VALUES (2349,74,7,NULL,'For if the truth of God hath more abounded through my lie unto his glory; why yet am I also judged as a sinner?');
INSERT INTO verses VALUES (2350,74,8,NULL,'And not rather, (as we be slanderously reported, and as some affirm that we say,) Let us do evil, that good may come? whose damnation is just.');
INSERT INTO verses VALUES (2351,74,9,NULL,'What then? are we better than they? No, in no wise: for we have before proved both Jews and Gentiles, that they are all under sin;');
INSERT INTO verses VALUES (2352,74,10,NULL,'As it is written, There is none righteous, no, not one:');
INSERT INTO verses VALUES (2353,74,11,NULL,'There is none that understandeth, there is none that seeketh after God.');
INSERT INTO verses VALUES (2354,74,12,NULL,'They are all gone out of the way, they are together become unprofitable; there is none that doeth good, no, not one.');
INSERT INTO verses VALUES (2355,74,13,NULL,'Their throat is an open sepulchre; with their tongues they have used deceit; the poison of asps is under their lips:');
INSERT INTO verses VALUES (2356,74,14,NULL,'Whose mouth is full of cursing and bitterness:');
INSERT INTO verses VALUES (2357,74,15,NULL,'Their feet are swift to shed blood:');
INSERT INTO verses VALUES (2358,74,16,NULL,'Destruction and misery are in their ways:');
INSERT INTO verses VALUES (2359,74,17,NULL,'And the way of peace have they not known:');
INSERT INTO verses VALUES (2360,74,18,NULL,'There is no fear of God before their eyes.');
INSERT INTO verses VALUES (2361,74,19,NULL,'Now we know that what things soever the law saith, it saith to them who are under the law: that every mouth may be stopped, and all the world may become guilty before God.');
INSERT INTO verses VALUES (2362,74,20,NULL,'Therefore by the deeds of the law there shall no flesh be justified in his sight: for by the law is the knowledge of sin.');
INSERT INTO verses VALUES (2363,74,21,NULL,'But now the righteousness of God without the law is manifested, being witnessed by the law and the prophets;');
INSERT INTO verses VALUES (2364,74,22,NULL,'Even the righteousness of God which is by faith of Jesus Christ unto all and upon all them that believe: for there is no difference:');
INSERT INTO verses VALUES (2365,74,23,NULL,'For all have sinned, and come short of the glory of God;');
INSERT INTO verses VALUES (2366,74,24,NULL,'Being justified freely by his grace through the redemption that is in Christ Jesus :');
INSERT INTO verses VALUES (2367,74,25,NULL,'Whom God hath set forth to be a propitiation through faith in his blood, to declare his righteousness for the remission of sins that are past, through the forbearance of God;');
INSERT INTO verses VALUES (2368,74,26,NULL,'To declare, I say, at this time his righteousness: that he might be just, and the justifier of him which believeth in Jesus .');
INSERT INTO verses VALUES (2369,74,27,NULL,'Where is boasting then? It is excluded. By what law? of works? Nay: but by the law of faith.');
INSERT INTO verses VALUES (2370,74,28,NULL,'Therefore we conclude that a man is justified by faith without the deeds of the law.');
INSERT INTO verses VALUES (2371,74,29,NULL,'Is he the God of the Jews only? is he not also of the Gentiles? Yes, of the Gentiles also:');
INSERT INTO verses VALUES (2372,74,30,NULL,'Seeing it is one God, which shall justify the circumcision by faith, and uncircumcision through faith.');
INSERT INTO verses VALUES (2373,74,31,NULL,'Do we then make void the law through faith? God forbid: yea, we establish the law.');
INSERT INTO chapters VALUES (75,45,5,NULL,'http://kjv.wordfree.net/bibles/app/audio/1/45/5.mp3','http://kjv.wordfree.net/bibles/app/audio/1/45/5.mp3');
INSERT INTO verses VALUES (2374,75,1,NULL,'span class="verse" id="1">1 </span Therefore being justified by faith, we have peace with God through our Lord Jesus Christ :');
INSERT INTO verses VALUES (2375,75,2,NULL,'By whom also we have access by faith into this grace wherein we stand, and rejoice in hope of the glory of God.');
INSERT INTO verses VALUES (2376,75,3,NULL,'And not only so, but we glory in tribulations also: knowing that tribulation worketh patience;');
INSERT INTO verses VALUES (2377,75,4,NULL,'And patience, experience; and experience, hope:');
INSERT INTO verses VALUES (2378,75,5,NULL,'And hope maketh not ashamed; because the love of God is shed abroad in our hearts by the Holy Ghost which is given unto us.');
INSERT INTO verses VALUES (2379,75,6,NULL,'For when we were yet without strength, in due time Christ died for the ungodly.');
INSERT INTO verses VALUES (2380,75,7,NULL,'For scarcely for a righteous man will one die: yet peradventure for a good man some would even dare to die.');
INSERT INTO verses VALUES (2381,75,8,NULL,'But God commendeth his love toward us, in that, while we were yet sinners, Christ died for us.');
INSERT INTO verses VALUES (2382,75,9,NULL,'Much more then, being now justified by his blood, we shall be saved from wrath through him.');
INSERT INTO verses VALUES (2383,75,10,NULL,'For if, when we were enemies, we were reconciled to God by the death of his Son, much more, being reconciled, we shall be saved by his life.');
INSERT INTO verses VALUES (2384,75,11,NULL,'And not only so, but we also joy in God through our Lord Jesus Christ , by whom we have now received the atonement.');
INSERT INTO verses VALUES (2385,75,12,NULL,'Wherefore, as by one man sin entered into the world, and death by sin; and so death passed upon all men, for that all have sinned:');
INSERT INTO verses VALUES (2386,75,13,NULL,'(For until the law sin was in the world: but sin is not imputed when there is no law.');
INSERT INTO verses VALUES (2387,75,14,NULL,'Nevertheless death reigned from Adam to Moses , even over them that had not sinned after the similitude of Adam ''s transgression, who is the figure of him that was to come.');
INSERT INTO verses VALUES (2388,75,15,NULL,'But not as the offence, so also is the free gift. For if through the offence of one many be dead, much more the grace of God, and the gift by grace, which is by one man, Jesus Christ , hath abounded unto many.');
INSERT INTO verses VALUES (2389,75,16,NULL,'And not as it was by one that sinned, so is the gift: for the judgment was by one to condemnation, but the free gift is of many offences unto justification.');
INSERT INTO verses VALUES (2390,75,17,NULL,'For if by one man''s offence death reigned by one; much more they which receive abundance of grace and of the gift of righteousness shall reign in life by one, Jesus Christ .)');
INSERT INTO verses VALUES (2391,75,18,NULL,'Therefore as by the offence of one judgment came upon all men to condemnation; even so by the righteousness of one the free gift came upon all men unto justification of life.');
INSERT INTO verses VALUES (2392,75,19,NULL,'For as by one man''s disobedience many were made sinners, so by the obedience of one shall many be made righteous.');
INSERT INTO verses VALUES (2393,75,20,NULL,'Moreover the law entered, that the offence might abound. But where sin abounded, grace did much more abound:');
INSERT INTO verses VALUES (2394,75,21,NULL,'That as sin hath reigned unto death, even so might grace reign through righteousness unto eternal life by Jesus Christ our Lord.');
INSERT INTO chapters VALUES (76,45,14,NULL,'http://kjv.wordfree.net/bibles/app/audio/1/45/14.mp3','http://kjv.wordfree.net/bibles/app/audio/1/45/14.mp3');
INSERT INTO verses VALUES (2395,76,1,NULL,'span class="verse" id="1">1 </span Him that is weak in the faith receive ye, but not to doubtful disputations.');
INSERT INTO verses VALUES (2396,76,2,NULL,'For one believeth that he may eat all things: another, who is weak, eateth herbs.');
INSERT INTO verses VALUES (2397,76,3,NULL,'Let not him that eateth despise him that eateth not; and let not him which eateth not judge him that eateth: for God hath received him.');
INSERT INTO verses VALUES (2398,76,4,NULL,'Who art thou that judgest another man''s servant? to his own master he standeth or falleth. Yea, he shall be holden up: for God is able to make him stand.');
INSERT INTO verses VALUES (2399,76,5,NULL,'One man esteemeth one day above another: another esteemeth every day alike. Let every man be fully persuaded in his own mind.');
INSERT INTO verses VALUES (2400,76,6,NULL,'He that regardeth the day, regardeth it unto the Lord; and he that regardeth not the day, to the Lord he doth not regard it. He that eateth, eateth to the Lord, for he giveth God thanks; and he that eateth not, to the Lord he eateth not, and giveth God thanks.');
INSERT INTO verses VALUES (2401,76,7,NULL,'For none of us liveth to himself, and no man dieth to himself.');
INSERT INTO verses VALUES (2402,76,8,NULL,'For whether we live, we live unto the Lord; and whether we die, we die unto the Lord: whether we live therefore, or die, we are the Lord''s.');
INSERT INTO verses VALUES (2403,76,9,NULL,'For to this end Christ both died, and rose, and revived, that he might be Lord both of the dead and living.');
INSERT INTO verses VALUES (2404,76,10,NULL,'But why dost thou judge thy brother? or why dost thou set at nought thy brother? for we shall all stand before the judgment seat of Christ .');
INSERT INTO verses VALUES (2405,76,11,NULL,'For it is written, As I live, saith the Lord, every knee shall bow to me, and every tongue shall confess to God.');
INSERT INTO verses VALUES (2406,76,12,NULL,'So then every one of us shall give account of himself to God.');
INSERT INTO verses VALUES (2407,76,13,NULL,'Let us not therefore judge one another any more: but judge this rather, that no man put a stumblingblock or an occasion to fall in his brother''s way.');
INSERT INTO verses VALUES (2408,76,14,NULL,'I know, and am persuaded by the Lord Jesus , that there is nothing unclean of itself: but to him that esteemeth any thing to be unclean, to him it is unclean.');
INSERT INTO verses VALUES (2409,76,15,NULL,'But if thy brother be grieved with thy meat, now walkest thou not charitably. Destroy not him with thy meat, for whom Christ died.');
INSERT INTO verses VALUES (2410,76,16,NULL,'Let not then your good be evil spoken of:');
INSERT INTO verses VALUES (2411,76,17,NULL,'For the kingdom of God is not meat and drink; but righteousness, and peace, and joy in the Holy Ghost.');
INSERT INTO verses VALUES (2412,76,18,NULL,'For he that in these things serveth Christ is acceptable to God, and approved of men.');
INSERT INTO verses VALUES (2413,76,19,NULL,'Let us therefore follow after the things which make for peace, and things wherewith one may edify another.');
INSERT INTO verses VALUES (2414,76,20,NULL,'For meat destroy not the work of God. All things indeed are pure; but it is evil for that man who eateth with offence.');
INSERT INTO verses VALUES (2415,76,21,NULL,'It is good neither to eat flesh, nor to drink wine, nor any thing whereby thy brother stumbleth, or is offended, or is made weak.');
INSERT INTO verses VALUES (2416,76,22,NULL,'Hast thou faith? have it to thyself before God. Happy is he that condemneth not himself in that thing which he alloweth.');
INSERT INTO verses VALUES (2417,76,23,NULL,'And he that doubteth is damned if he eat, because he eateth not of faith: for whatsoever is not of faith is sin.');
INSERT INTO chapters VALUES (77,46,1,NULL,'http://kjv.wordfree.net/bibles/app/audio/1/46/1.mp3','http://kjv.wordfree.net/bibles/app/audio/1/46/1.mp3');
INSERT INTO verses VALUES (2418,77,1,NULL,'span class="verse" id="1">1 </span Paul , called to be an apostle of Jesus Christ through the will of God, and Sosthenes our brother,');
INSERT INTO verses VALUES (2419,77,2,NULL,'Unto the church of God which is at Corinth, to them that are sanctified in Christ Jesus , called to be saints, with all that in every place call upon the name of Jesus Christ our Lord, both theirs and ours:');
INSERT INTO verses VALUES (2420,77,3,NULL,'Grace be unto you, and peace, from God our Father, and from the Lord Jesus Christ .');
INSERT INTO verses VALUES (2421,77,4,NULL,'I thank my God always on your behalf, for the grace of God which is given you by Jesus Christ ;');
INSERT INTO verses VALUES (2422,77,5,NULL,'That in every thing ye are enriched by him, in all utterance, and in all knowledge;');
INSERT INTO verses VALUES (2423,77,6,NULL,'Even as the testimony of Christ was confirmed in you:');
INSERT INTO verses VALUES (2424,77,7,NULL,'So that ye come behind in no gift; waiting for the coming of our Lord Jesus Christ :');
INSERT INTO verses VALUES (2425,77,8,NULL,'Who shall also confirm you unto the end, that ye may be blameless in the day of our Lord Jesus Christ .');
INSERT INTO verses VALUES (2426,77,9,NULL,'God is faithful, by whom ye were called unto the fellowship of his Son Jesus Christ our Lord.');
INSERT INTO verses VALUES (2427,77,10,NULL,'Now I beseech you, brethren, by the name of our Lord Jesus Christ , that ye all speak the same thing, and that there be no divisions among you; but that ye be perfectly joined together in the same mind and in the same judgment.');
INSERT INTO verses VALUES (2428,77,11,NULL,'For it hath been declared unto me of you, my brethren, by them which are of the house of Chloe, that there are contentions among you.');
INSERT INTO verses VALUES (2429,77,12,NULL,'Now this I say, that every one of you saith, I am of Paul ; and I of Apollos; and I of Cephas; and I of Christ .');
INSERT INTO verses VALUES (2430,77,13,NULL,'Is Christ divided? was Paul crucified for you? or were ye baptized in the name of Paul ?');
INSERT INTO verses VALUES (2431,77,14,NULL,'I thank God that I baptized none of you, but Crispus and Gaius;');
INSERT INTO verses VALUES (2432,77,15,NULL,'Lest any should say that I had baptized in mine own name.');
INSERT INTO verses VALUES (2433,77,16,NULL,'And I baptized also the household of Stephanas: besides, I know not whether I baptized any other.');
INSERT INTO verses VALUES (2434,77,17,NULL,'For Christ sent me not to baptize, but to preach the gospel: not with wisdom of words, lest the cross of Christ should be made of none effect.');
INSERT INTO verses VALUES (2435,77,18,NULL,'For the preaching of the cross is to them that perish foolishness; but unto us which are saved it is the power of God.');
INSERT INTO verses VALUES (2436,77,19,NULL,'For it is written, I will destroy the wisdom of the wise, and will bring to nothing the understanding of the prudent.');
INSERT INTO verses VALUES (2437,77,20,NULL,'Where is the wise? where is the scribe? where is the disputer of this world? hath not God made foolish the wisdom of this world?');
INSERT INTO verses VALUES (2438,77,21,NULL,'For after that in the wisdom of God the world by wisdom knew not God, it pleased God by the foolishness of preaching to save them that believe.');
INSERT INTO verses VALUES (2439,77,22,NULL,'For the Jews require a sign, and the Greeks seek after wisdom:');
INSERT INTO verses VALUES (2440,77,23,NULL,'But we preach Christ crucified, unto the Jews a stumblingblock, and unto the Greeks foolishness;');
INSERT INTO verses VALUES (2441,77,24,NULL,'But unto them which are called, both Jews and Greeks, Christ the power of God, and the wisdom of God.');
INSERT INTO verses VALUES (2442,77,25,NULL,'Because the foolishness of God is wiser than men; and the weakness of God is stronger than men.');
INSERT INTO verses VALUES (2443,77,26,NULL,'For ye see your calling, brethren, how that not many wise men after the flesh, not many mighty, not many noble, are called:');
INSERT INTO verses VALUES (2444,77,27,NULL,'But God hath chosen the foolish things of the world to confound the wise; and God hath chosen the weak things of the world to confound the things which are mighty;');
INSERT INTO verses VALUES (2445,77,28,NULL,'And base things of the world, and things which are despised, hath God chosen, yea, and things which are not, to bring to nought things that are:');
INSERT INTO verses VALUES (2446,77,29,NULL,'That no flesh should glory in his presence.');
INSERT INTO verses VALUES (2447,77,30,NULL,'But of him are ye in Christ Jesus , who of God is made unto us wisdom, and righteousness, and sanctification, and redemption:');
INSERT INTO verses VALUES (2448,77,31,NULL,'That, according as it is written, He that glorieth, let him glory in the Lord.');
INSERT INTO chapters VALUES (78,46,2,NULL,'http://kjv.wordfree.net/bibles/app/audio/1/46/2.mp3','http://kjv.wordfree.net/bibles/app/audio/1/46/2.mp3');
INSERT INTO verses VALUES (2449,78,1,NULL,'span class="verse" id="1">1 </span And I, brethren, when I came to you, came not with excellency of speech or of wisdom, declaring unto you the testimony of God.');
INSERT INTO verses VALUES (2450,78,2,NULL,'For I determined not to know any thing among you, save Jesus Christ , and him crucified.');
INSERT INTO verses VALUES (2451,78,3,NULL,'And I was with you in weakness, and in fear, and in much trembling.');
INSERT INTO verses VALUES (2452,78,4,NULL,'And my speech and my preaching was not with enticing words of man''s wisdom, but in demonstration of the Spirit and of power:');
INSERT INTO verses VALUES (2453,78,5,NULL,'That your faith should not stand in the wisdom of men, but in the power of God.');
INSERT INTO verses VALUES (2454,78,6,NULL,'Howbeit we speak wisdom among them that are perfect: yet not the wisdom of this world, nor of the princes of this world, that come to nought:');
INSERT INTO verses VALUES (2455,78,7,NULL,'But we speak the wisdom of God in a mystery, even the hidden wisdom, which God ordained before the world unto our glory:');
INSERT INTO verses VALUES (2456,78,8,NULL,'Which none of the princes of this world knew: for had they known it, they would not have crucified the Lord of glory.');
INSERT INTO verses VALUES (2457,78,9,NULL,'But as it is written, Eye hath not seen, nor ear heard, neither have entered into the heart of man, the things which God hath prepared for them that love him.');
INSERT INTO verses VALUES (2458,78,10,NULL,'But God hath revealed them unto us by his Spirit: for the Spirit searcheth all things, yea, the deep things of God.');
INSERT INTO verses VALUES (2459,78,11,NULL,'For what man knoweth the things of a man, save the spirit of man which is in him? even so the things of God knoweth no man, but the Spirit of God.');
INSERT INTO verses VALUES (2460,78,12,NULL,'Now we have received, not the spirit of the world, but the spirit which is of God; that we might know the things that are freely given to us of God.');
INSERT INTO verses VALUES (2461,78,13,NULL,'Which things also we speak, not in the words which man''s wisdom teacheth, but which the Holy Ghost teacheth; comparing spiritual things with spiritual.');
INSERT INTO verses VALUES (2462,78,14,NULL,'But the natural man receiveth not the things of the Spirit of God: for they are foolishness unto him: neither can he know them, because they are spiritually discerned.');
INSERT INTO verses VALUES (2463,78,15,NULL,'But he that is spiritual judgeth all things, yet he himself is judged of no man.');
INSERT INTO verses VALUES (2464,78,16,NULL,'For who hath known the mind of the Lord, that he may instruct him? But we have the mind of Christ .');
INSERT INTO chapters VALUES (79,47,1,NULL,'http://kjv.wordfree.net/bibles/app/audio/1/47/1.mp3','http://kjv.wordfree.net/bibles/app/audio/1/47/1.mp3');
INSERT INTO verses VALUES (2465,79,1,NULL,'span class="verse" id="1">1 </span Paul , an apostle of Jesus Christ by the will of God, and Timothy our brother, unto the church of God which is at Corinth, with all the saints which are in all Achaia:');
INSERT INTO verses VALUES (2466,79,2,NULL,'Grace be to you and peace from God our Father, and from the Lord Jesus Christ .');
INSERT INTO verses VALUES (2467,79,3,NULL,'Blessed be God, even the Father of our Lord Jesus Christ , the Father of mercies, and the God of all comfort;');
INSERT INTO verses VALUES (2468,79,4,NULL,'Who comforteth us in all our tribulation, that we may be able to comfort them which are in any trouble, by the comfort wherewith we ourselves are comforted of God.');
INSERT INTO verses VALUES (2469,79,5,NULL,'For as the sufferings of Christ abound in us, so our consolation also aboundeth by Christ .');
INSERT INTO verses VALUES (2470,79,6,NULL,'And whether we be afflicted, it is for your consolation and salvation, which is effectual in the enduring of the same sufferings which we also suffer: or whether we be comforted, it is for your consolation and salvation.');
INSERT INTO verses VALUES (2471,79,7,NULL,'And our hope of you is stedfast, knowing, that as ye are partakers of the sufferings, so shall ye be also of the consolation.');
INSERT INTO verses VALUES (2472,79,8,NULL,'For we would not, brethren, have you ignorant of our trouble which came to us in Asia, that we were pressed out of measure, above strength, insomuch that we despaired even of life:');
INSERT INTO verses VALUES (2473,79,9,NULL,'But we had the sentence of death in ourselves, that we should not trust in ourselves, but in God which raiseth the dead:');
INSERT INTO verses VALUES (2474,79,10,NULL,'Who delivered us from so great a death, and doth deliver: in whom we trust that he will yet deliver us;');
INSERT INTO verses VALUES (2475,79,11,NULL,'Ye also helping together by prayer for us, that for the gift bestowed upon us by the means of many persons thanks may be given by many on our behalf.');
INSERT INTO verses VALUES (2476,79,12,NULL,'For our rejoicing is this, the testimony of our conscience, that in simplicity and godly sincerity, not with fleshly wisdom, but by the grace of God, we have had our conversation in the world, and more abundantly to you-ward.');
INSERT INTO verses VALUES (2477,79,13,NULL,'For we write none other things unto you, than what ye read or acknowledge; and I trust ye shall acknowledge even to the end;');
INSERT INTO verses VALUES (2478,79,14,NULL,'As also ye have acknowledged us in part, that we are your rejoicing, even as ye also are ours in the day of the Lord Jesus .');
INSERT INTO verses VALUES (2479,79,15,NULL,'And in this confidence I was minded to come unto you before, that ye might have a second benefit;');
INSERT INTO verses VALUES (2480,79,16,NULL,'And to pass by you into Macedonia , and to come again out of Macedonia unto you, and of you to be brought on my way toward Judaea .');
INSERT INTO verses VALUES (2481,79,17,NULL,'When I therefore was thus minded, did I use lightness? or the things that I purpose, do I purpose according to the flesh, that with me there should be yea yea, and nay nay?');
INSERT INTO verses VALUES (2482,79,18,NULL,'But as God is true, our word toward you was not yea and nay.');
INSERT INTO verses VALUES (2483,79,19,NULL,'For the Son of God, Jesus Christ , who was preached among you by us, even by me and Silvanus and Timotheus, was not yea and nay, but in him was yea.');
INSERT INTO verses VALUES (2484,79,20,NULL,'For all the promises of God in him are yea, and in him Amen, unto the glory of God by us.');
INSERT INTO verses VALUES (2485,79,21,NULL,'Now he which stablisheth us with you in Christ , and hath anointed us, is God;');
INSERT INTO verses VALUES (2486,79,22,NULL,'Who hath also sealed us, and given the earnest of the Spirit in our hearts.');
INSERT INTO verses VALUES (2487,79,23,NULL,'Moreover I call God for a record upon my soul, that to spare you I came not as yet unto Corinth.');
INSERT INTO verses VALUES (2488,79,24,NULL,'Not for that we have dominion over your faith, but are helpers of your joy: for by faith ye stand.');
INSERT INTO chapters VALUES (80,47,6,NULL,'http://kjv.wordfree.net/bibles/app/audio/1/47/6.mp3','http://kjv.wordfree.net/bibles/app/audio/1/47/6.mp3');
INSERT INTO verses VALUES (2489,80,1,NULL,'span class="verse" id="1">1 </span We then, as workers together with him, beseech you also that ye receive not the grace of God in vain.');
INSERT INTO verses VALUES (2490,80,2,NULL,'(For he saith, I have heard thee in a time accepted, and in the day of salvation have I succoured thee: behold, now is the accepted time; behold, now is the day of salvation.)');
INSERT INTO verses VALUES (2491,80,3,NULL,'Giving no offence in any thing, that the ministry be not blamed:');
INSERT INTO verses VALUES (2492,80,4,NULL,'But in all things approving ourselves as the ministers of God, in much patience, in afflictions, in necessities, in distresses,');
INSERT INTO verses VALUES (2493,80,5,NULL,'In stripes, in imprisonments, in tumults, in labours, in watchings, in fastings;');
INSERT INTO verses VALUES (2494,80,6,NULL,'By pureness, by knowledge, by longsuffering, by kindness, by the Holy Ghost, by love unfeigned,');
INSERT INTO verses VALUES (2495,80,7,NULL,'By the word of truth, by the power of God, by the armour of righteousness on the right hand and on the left,');
INSERT INTO verses VALUES (2496,80,8,NULL,'By honour and dishonour, by evil report and good report: as deceivers, and yet true;');
INSERT INTO verses VALUES (2497,80,9,NULL,'As unknown, and yet well known; as dying, and, behold, we live; as chastened, and not killed;');
INSERT INTO verses VALUES (2498,80,10,NULL,'As sorrowful, yet alway rejoicing; as poor, yet making many rich; as having nothing, and yet possessing all things.');
INSERT INTO verses VALUES (2499,80,11,NULL,'O ye Corinthians, our mouth is open unto you, our heart is enlarged.');
INSERT INTO verses VALUES (2500,80,12,NULL,'Ye are not straitened in us, but ye are straitened in your own bowels.');
INSERT INTO verses VALUES (2501,80,13,NULL,'Now for a recompence in the same, (I speak as unto my children,) be ye also enlarged.');
INSERT INTO verses VALUES (2502,80,14,NULL,'Be ye not unequally yoked together with unbelievers: for what fellowship hath righteousness with unrighteousness? and what communion hath light with darkness?');
INSERT INTO verses VALUES (2503,80,15,NULL,'And what concord hath Christ with Belial? or what part hath he that believeth with an infidel?');
INSERT INTO verses VALUES (2504,80,16,NULL,'And what agreement hath the temple of God with idols? for ye are the temple of the living God; as God hath said, I will dwell in them, and walk in them; and I will be their God, and they shall be my people.');
INSERT INTO verses VALUES (2505,80,17,NULL,'Wherefore come out from among them, and be ye separate, saith the Lord, and touch not the unclean thing; and I will receive you,');
INSERT INTO verses VALUES (2506,80,18,NULL,'And will be a Father unto you, and ye shall be my sons and daughters, saith the Lord Almighty.');
INSERT INTO chapters VALUES (81,47,8,NULL,'http://kjv.wordfree.net/bibles/app/audio/1/47/8.mp3','http://kjv.wordfree.net/bibles/app/audio/1/47/8.mp3');
INSERT INTO verses VALUES (2507,81,1,NULL,'span class="verse" id="1">1 </span Moreover, brethren, we do you to wit of the grace of God bestowed on the churches of Macedonia ;');
INSERT INTO verses VALUES (2508,81,2,NULL,'How that in a great trial of affliction the abundance of their joy and their deep poverty abounded unto the riches of their liberality.');
INSERT INTO verses VALUES (2509,81,3,NULL,'For to their power, I bear record, yea, and beyond their power they were willing of themselves;');
INSERT INTO verses VALUES (2510,81,4,NULL,'Praying us with much intreaty that we would receive the gift, and take upon us the fellowship of the ministering to the saints.');
INSERT INTO verses VALUES (2511,81,5,NULL,'And this they did, not as we hoped, but first gave their own selves to the Lord, and unto us by the will of God.');
INSERT INTO verses VALUES (2512,81,6,NULL,'Insomuch that we desired Titus, that as he had begun, so he would also finish in you the same grace also.');
INSERT INTO verses VALUES (2513,81,7,NULL,'Therefore, as ye abound in every thing, in faith, and utterance, and knowledge, and in all diligence, and in your love to us, see that ye abound in this grace also.');
INSERT INTO verses VALUES (2514,81,8,NULL,'I speak not by commandment, but by occasion of the forwardness of others, and to prove the sincerity of your love.');
INSERT INTO verses VALUES (2515,81,9,NULL,'For ye know the grace of our Lord Jesus Christ , that, though he was rich, yet for your sakes he became poor, that ye through his poverty might be rich.');
INSERT INTO verses VALUES (2516,81,10,NULL,'And herein I give my advice: for this is expedient for you, who have begun before, not only to do, but also to be forward a year ago.');
INSERT INTO verses VALUES (2517,81,11,NULL,'Now therefore perform the doing of it; that as there was a readiness to will, so there may be a performance also out of that which ye have.');
INSERT INTO verses VALUES (2518,81,12,NULL,'For if there be first a willing mind, it is accepted according to that a man hath, and not according to that he hath not.');
INSERT INTO verses VALUES (2519,81,13,NULL,'For I mean not that other men be eased, and ye burdened:');
INSERT INTO verses VALUES (2520,81,14,NULL,'But by an equality, that now at this time your abundance may be a supply for their want, that their abundance also may be a supply for your want: that there may be equality:');
INSERT INTO verses VALUES (2521,81,15,NULL,'As it is written, He that had gathered much had nothing over; and he that had gathered little had no lack.');
INSERT INTO verses VALUES (2522,81,16,NULL,'But thanks be to God, which put the same earnest care into the heart of Titus for you.');
INSERT INTO verses VALUES (2523,81,17,NULL,'For indeed he accepted the exhortation; but being more forward, of his own accord he went unto you.');
INSERT INTO verses VALUES (2524,81,18,NULL,'And we have sent with him the brother, whose praise is in the gospel throughout all the churches;');
INSERT INTO verses VALUES (2525,81,19,NULL,'And not that only, but who was also chosen of the churches to travel with us with this grace, which is administered by us to the glory of the same Lord, and declaration of your ready mind:');
INSERT INTO verses VALUES (2526,81,20,NULL,'Avoiding this, that no man should blame us in this abundance which is administered by us:');
INSERT INTO verses VALUES (2527,81,21,NULL,'Providing for honest things, not only in the sight of the Lord, but also in the sight of men.');
INSERT INTO verses VALUES (2528,81,22,NULL,'And we have sent with them our brother, whom we have oftentimes proved diligent in many things, but now much more diligent, upon the great confidence which I have in you.');
INSERT INTO verses VALUES (2529,81,23,NULL,'Whether any do enquire of Titus, he is my partner and fellowhelper concerning you: or our brethren be enquired of, they are the messengers of the churches, and the glory of Christ .');
INSERT INTO verses VALUES (2530,81,24,NULL,'Wherefore shew ye to them, and before the churches, the proof of your love, and of our boasting on your behalf.');
INSERT INTO chapters VALUES (82,47,9,NULL,'http://kjv.wordfree.net/bibles/app/audio/1/47/9.mp3','http://kjv.wordfree.net/bibles/app/audio/1/47/9.mp3');
INSERT INTO verses VALUES (2531,82,1,NULL,'span class="verse" id="1">1 </span For as touching the ministering to the saints, it is superfluous for me to write to you:');
INSERT INTO verses VALUES (2532,82,2,NULL,'For I know the forwardness of your mind, for which I boast of you to them of Macedonia , that Achaia was ready a year ago; and your zeal hath provoked very many.');
INSERT INTO verses VALUES (2533,82,3,NULL,'Yet have I sent the brethren, lest our boasting of you should be in vain in this behalf; that, as I said, ye may be ready:');
INSERT INTO verses VALUES (2534,82,4,NULL,'Lest haply if they of Macedonia come with me, and find you unprepared, we (that we say not, ye) should be ashamed in this same confident boasting.');
INSERT INTO verses VALUES (2535,82,5,NULL,'Therefore I thought it necessary to exhort the brethren, that they would go before unto you, and make up beforehand your bounty, whereof ye had notice before, that the same might be ready, as a matter of bounty, and not as of covetousness.');
INSERT INTO verses VALUES (2536,82,6,NULL,'But this I say, He which soweth sparingly shall reap also sparingly; and he which soweth bountifully shall reap also bountifully.');
INSERT INTO verses VALUES (2537,82,7,NULL,'Every man according as he purposeth in his heart, so let him give; not grudgingly, or of necessity: for God loveth a cheerful giver.');
INSERT INTO verses VALUES (2538,82,8,NULL,'And God is able to make all grace abound toward you; that ye, always having all sufficiency in all things, may abound to every good work:');
INSERT INTO verses VALUES (2539,82,9,NULL,'(As it is written, He hath dispersed abroad; he hath given to the poor: his righteousness remaineth for ever.');
INSERT INTO verses VALUES (2540,82,10,NULL,'Now he that ministereth seed to the sower both minister bread for your food, and multiply your seed sown, and increase the fruits of your righteousness;)');
INSERT INTO verses VALUES (2541,82,11,NULL,'Being enriched in every thing to all bountifulness, which causeth through us thanksgiving to God.');
INSERT INTO verses VALUES (2542,82,12,NULL,'For the administration of this service not only supplieth the want of the saints, but is abundant also by many thanksgivings unto God;');
INSERT INTO verses VALUES (2543,82,13,NULL,'Whiles by the experiment of this ministration they glorify God for your professed subjection unto the gospel of Christ , and for your liberal distribution unto them, and unto all men;');
INSERT INTO verses VALUES (2544,82,14,NULL,'And by their prayer for you, which long after you for the exceeding grace of God in you.');
INSERT INTO verses VALUES (2545,82,15,NULL,'Thanks be unto God for his unspeakable gift.');
INSERT INTO chapters VALUES (83,48,1,NULL,'http://kjv.wordfree.net/bibles/app/audio/1/48/1.mp3','http://kjv.wordfree.net/bibles/app/audio/1/48/1.mp3');
INSERT INTO verses VALUES (2546,83,1,NULL,'span class="verse" id="1">1 </span Paul , an apostle, (not of men, neither by man, but by Jesus Christ , and God the Father, who raised him from the dead;)');
INSERT INTO verses VALUES (2547,83,2,NULL,'And all the brethren which are with me, unto the churches of Galatia:');
INSERT INTO verses VALUES (2548,83,3,NULL,'Grace be to you and peace from God the Father, and from our Lord Jesus Christ ,');
INSERT INTO verses VALUES (2549,83,4,NULL,'Who gave himself for our sins, that he might deliver us from this present evil world, according to the will of God and our Father:');
INSERT INTO verses VALUES (2550,83,5,NULL,'To whom be glory for ever and ever. Amen.');
INSERT INTO verses VALUES (2551,83,6,NULL,'I marvel that ye are so soon removed from him that called you into the grace of Christ unto another gospel:');
INSERT INTO verses VALUES (2552,83,7,NULL,'Which is not another; but there be some that trouble you, and would pervert the gospel of Christ .');
INSERT INTO verses VALUES (2553,83,8,NULL,'But though we, or an angel from heaven, preach any other gospel unto you than that which we have preached unto you, let him be accursed.');
INSERT INTO verses VALUES (2554,83,9,NULL,'As we said before, so say I now again, If any man preach any other gospel unto you than that ye have received, let him be accursed.');
INSERT INTO verses VALUES (2555,83,10,NULL,'For do I now persuade men, or God? or do I seek to please men? for if I yet pleased men, I should not be the servant of Christ .');
INSERT INTO verses VALUES (2556,83,11,NULL,'But I certify you, brethren, that the gospel which was preached of me is not after man.');
INSERT INTO verses VALUES (2557,83,12,NULL,'For I neither received it of man, neither was I taught it, but by the revelation of Jesus Christ .');
INSERT INTO verses VALUES (2558,83,13,NULL,'For ye have heard of my conversation in time past in the Jews'' religion, how that beyond measure I persecuted the church of God, and wasted it:');
INSERT INTO verses VALUES (2559,83,14,NULL,'And profited in the Jews'' religion above many my equals in mine own nation, being more exceedingly zealous of the traditions of my fathers.');
INSERT INTO verses VALUES (2560,83,15,NULL,'But when it pleased God, who separated me from my mother''s womb, and called me by his grace,');
INSERT INTO verses VALUES (2561,83,16,NULL,'To reveal his Son in me, that I might preach him among the heathen; immediately I conferred not with flesh and blood:');
INSERT INTO verses VALUES (2562,83,17,NULL,'Neither went I up to Jerusalem to them which were apostles before me; but I went into Arabia, and returned again unto Damascus .');
INSERT INTO verses VALUES (2563,83,18,NULL,'Then after three years I went up to Jerusalem to see Peter , and abode with him fifteen days.');
INSERT INTO verses VALUES (2564,83,19,NULL,'But other of the apostles saw I none, save James the Lord''s brother.');
INSERT INTO verses VALUES (2565,83,20,NULL,'Now the things which I write unto you, behold, before God, I lie not.');
INSERT INTO verses VALUES (2566,83,21,NULL,'Afterwards I came into the regions of Syria and Cilicia;');
INSERT INTO verses VALUES (2567,83,22,NULL,'And was unknown by face unto the churches of Judaea which were in Christ :');
INSERT INTO verses VALUES (2568,83,23,NULL,'But they had heard only, That he which persecuted us in times past now preacheth the faith which once he destroyed.');
INSERT INTO verses VALUES (2569,83,24,NULL,'And they glorified God in me.');
INSERT INTO chapters VALUES (84,48,5,NULL,'http://kjv.wordfree.net/bibles/app/audio/1/48/5.mp3','http://kjv.wordfree.net/bibles/app/audio/1/48/5.mp3');
INSERT INTO verses VALUES (2570,84,1,NULL,'span class="verse" id="1">1 </span Stand fast therefore in the liberty wherewith Christ hath made us free, and be not entangled again with the yoke of bondage.');
INSERT INTO verses VALUES (2571,84,2,NULL,'Behold, I Paul say unto you, that if ye be circumcised, Christ shall profit you nothing.');
INSERT INTO verses VALUES (2572,84,3,NULL,'For I testify again to every man that is circumcised, that he is a debtor to do the whole law.');
INSERT INTO verses VALUES (2573,84,4,NULL,'Christ is become of no effect unto you, whosoever of you are justified by the law; ye are fallen from grace.');
INSERT INTO verses VALUES (2574,84,5,NULL,'For we through the Spirit wait for the hope of righteousness by faith.');
INSERT INTO verses VALUES (2575,84,6,NULL,'For in Jesus Christ neither circumcision availeth any thing, nor uncircumcision; but faith which worketh by love.');
INSERT INTO verses VALUES (2576,84,7,NULL,'Ye did run well; who did hinder you that ye should not obey the truth?');
INSERT INTO verses VALUES (2577,84,8,NULL,'This persuasion cometh not of him that calleth you.');
INSERT INTO verses VALUES (2578,84,9,NULL,'A little leaven leaveneth the whole lump.');
INSERT INTO verses VALUES (2579,84,10,NULL,'I have confidence in you through the Lord, that ye will be none otherwise minded: but he that troubleth you shall bear his judgment, whosoever he be.');
INSERT INTO verses VALUES (2580,84,11,NULL,'And I, brethren, if I yet preach circumcision, why do I yet suffer persecution? then is the offence of the cross ceased.');
INSERT INTO verses VALUES (2581,84,12,NULL,'I would they were even cut off which trouble you.');
INSERT INTO verses VALUES (2582,84,13,NULL,'For, brethren, ye have been called unto liberty; only use not liberty for an occasion to the flesh, but by love serve one another.');
INSERT INTO verses VALUES (2583,84,14,NULL,'For all the law is fulfilled in one word, even in this; Thou shalt love thy neighbour as thyself.');
INSERT INTO verses VALUES (2584,84,15,NULL,'But if ye bite and devour one another, take heed that ye be not consumed one of another.');
INSERT INTO verses VALUES (2585,84,16,NULL,'This I say then, Walk in the Spirit, and ye shall not fulfil the lust of the flesh.');
INSERT INTO verses VALUES (2586,84,17,NULL,'For the flesh lusteth against the Spirit, and the Spirit against the flesh: and these are contrary the one to the other: so that ye cannot do the things that ye would.');
INSERT INTO verses VALUES (2587,84,18,NULL,'But if ye be led of the Spirit, ye are not under the law.');
INSERT INTO verses VALUES (2588,84,19,NULL,'Now the works of the flesh are manifest, which are these; Adultery, fornication, uncleanness, lasciviousness,');
INSERT INTO verses VALUES (2589,84,20,NULL,'Idolatry, witchcraft, hatred, variance, emulations, wrath, strife, seditions, heresies,');
INSERT INTO verses VALUES (2590,84,21,NULL,'Envyings, murders, drunkenness, revellings, and such like: of the which I tell you before, as I have also told you in time past, that they which do such things shall not inherit the kingdom of God.');
INSERT INTO verses VALUES (2591,84,22,NULL,'But the fruit of the Spirit is love, joy, peace, longsuffering, gentleness, goodness, faith,');
INSERT INTO verses VALUES (2592,84,23,NULL,'Meekness, temperance: against such there is no law.');
INSERT INTO verses VALUES (2593,84,24,NULL,'And they that are Christ ''s have crucified the flesh with the affections and lusts.');
INSERT INTO verses VALUES (2594,84,25,NULL,'If we live in the Spirit, let us also walk in the Spirit.');
INSERT INTO verses VALUES (2595,84,26,NULL,'Let us not be desirous of vain glory, provoking one another, envying one another.');
INSERT INTO chapters VALUES (85,49,1,NULL,'http://kjv.wordfree.net/bibles/app/audio/1/49/1.mp3','http://kjv.wordfree.net/bibles/app/audio/1/49/1.mp3');
INSERT INTO verses VALUES (2596,85,1,NULL,'span class="verse" id="1">1 </span Paul , an apostle of Jesus Christ by the will of God, to the saints which are at Ephesus, and to the faithful in Christ Jesus :');
INSERT INTO verses VALUES (2597,85,2,NULL,'Grace be to you, and peace, from God our Father, and from the Lord Jesus Christ .');
INSERT INTO verses VALUES (2598,85,3,NULL,'Blessed be the God and Father of our Lord Jesus Christ , who hath blessed us with all spiritual blessings in heavenly places in Christ :');
INSERT INTO verses VALUES (2599,85,4,NULL,'According as he hath chosen us in him before the foundation of the world, that we should be holy and without blame before him in love:');
INSERT INTO verses VALUES (2600,85,5,NULL,'Having predestinated us unto the adoption of children by Jesus Christ to himself, according to the good pleasure of his will,');
INSERT INTO verses VALUES (2601,85,6,NULL,'To the praise of the glory of his grace, wherein he hath made us accepted in the beloved.');
INSERT INTO verses VALUES (2602,85,7,NULL,'In whom we have redemption through his blood, the forgiveness of sins, according to the riches of his grace;');
INSERT INTO verses VALUES (2603,85,8,NULL,'Wherein he hath abounded toward us in all wisdom and prudence;');
INSERT INTO verses VALUES (2604,85,9,NULL,'Having made known unto us the mystery of his will, according to his good pleasure which he hath purposed in himself:');
INSERT INTO verses VALUES (2605,85,10,NULL,'That in the dispensation of the fulness of times he might gather together in one all things in Christ , both which are in heaven, and which are on earth; even in him:');
INSERT INTO verses VALUES (2606,85,11,NULL,'In whom also we have obtained an inheritance, being predestinated according to the purpose of him who worketh all things after the counsel of his own will:');
INSERT INTO verses VALUES (2607,85,12,NULL,'That we should be to the praise of his glory, who first trusted in Christ .');
INSERT INTO verses VALUES (2608,85,13,NULL,'In whom ye also trusted, after that ye heard the word of truth, the gospel of your salvation: in whom also after that ye believed, ye were sealed with that holy Spirit of promise,');
INSERT INTO verses VALUES (2609,85,14,NULL,'Which is the earnest of our inheritance until the redemption of the purchased possession, unto the praise of his glory.');
INSERT INTO verses VALUES (2610,85,15,NULL,'Wherefore I also, after I heard of your faith in the Lord Jesus , and love unto all the saints,');
INSERT INTO verses VALUES (2611,85,16,NULL,'Cease not to give thanks for you, making mention of you in my prayers;');
INSERT INTO verses VALUES (2612,85,17,NULL,'That the God of our Lord Jesus Christ , the Father of glory, may give unto you the spirit of wisdom and revelation in the knowledge of him:');
INSERT INTO verses VALUES (2613,85,18,NULL,'The eyes of your understanding being enlightened; that ye may know what is the hope of his calling, and what the riches of the glory of his inheritance in the saints,');
INSERT INTO verses VALUES (2614,85,19,NULL,'And what is the exceeding greatness of his power to us-ward who believe, according to the working of his mighty power,');
INSERT INTO verses VALUES (2615,85,20,NULL,'Which he wrought in Christ , when he raised him from the dead, and set him at his own right hand in the heavenly places,');
INSERT INTO verses VALUES (2616,85,21,NULL,'Far above all principality, and power, and might, and dominion, and every name that is named, not only in this world, but also in that which is to come:');
INSERT INTO verses VALUES (2617,85,22,NULL,'And hath put all things under his feet, and gave him to be the head over all things to the church,');
INSERT INTO verses VALUES (2618,85,23,NULL,'Which is his body, the fulness of him that filleth all in all.');
INSERT INTO chapters VALUES (86,49,2,NULL,'http://kjv.wordfree.net/bibles/app/audio/1/49/2.mp3','http://kjv.wordfree.net/bibles/app/audio/1/49/2.mp3');
INSERT INTO verses VALUES (2619,86,1,NULL,'span class="verse" id="1">1 </span And you hath he quickened, who were dead in trespasses and sins;');
INSERT INTO verses VALUES (2620,86,2,NULL,'Wherein in time past ye walked according to the course of this world, according to the prince of the power of the air, the spirit that now worketh in the children of disobedience:');
INSERT INTO verses VALUES (2621,86,3,NULL,'Among whom also we all had our conversation in times past in the lusts of our flesh, fulfilling the desires of the flesh and of the mind; and were by nature the children of wrath, even as others.');
INSERT INTO verses VALUES (2622,86,4,NULL,'But God, who is rich in mercy, for his great love wherewith he loved us,');
INSERT INTO verses VALUES (2623,86,5,NULL,'Even when we were dead in sins, hath quickened us together with Christ , (by grace ye are saved;)');
INSERT INTO verses VALUES (2624,86,6,NULL,'And hath raised us up together, and made us sit together in heavenly places in Christ Jesus :');
INSERT INTO verses VALUES (2625,86,7,NULL,'That in the ages to come he might shew the exceeding riches of his grace in his kindness toward us through Christ Jesus .');
INSERT INTO verses VALUES (2626,86,8,NULL,'For by grace are ye saved through faith; and that not of yourselves: it is the gift of God:');
INSERT INTO verses VALUES (2627,86,9,NULL,'Not of works, lest any man should boast.');
INSERT INTO verses VALUES (2628,86,10,NULL,'For we are his workmanship, created in Christ Jesus unto good works, which God hath before ordained that we should walk in them.');
INSERT INTO verses VALUES (2629,86,11,NULL,'Wherefore remember, that ye being in time past Gentiles in the flesh, who are called Uncircumcision by that which is called the Circumcision in the flesh made by hands;');
INSERT INTO verses VALUES (2630,86,12,NULL,'That at that time ye were without Christ , being aliens from the commonwealth of Israel , and strangers from the covenants of promise, having no hope, and without God in the world:');
INSERT INTO verses VALUES (2631,86,13,NULL,'But now in Christ Jesus ye who sometimes were far off are made nigh by the blood of Christ .');
INSERT INTO verses VALUES (2632,86,14,NULL,'For he is our peace, who hath made both one, and hath broken down the middle wall of partition between us;');
INSERT INTO verses VALUES (2633,86,15,NULL,'Having abolished in his flesh the enmity, even the law of commandments contained in ordinances; for to make in himself of twain one new man, so making peace;');
INSERT INTO verses VALUES (2634,86,16,NULL,'And that he might reconcile both unto God in one body by the cross, having slain the enmity thereby:');
INSERT INTO verses VALUES (2635,86,17,NULL,'And came and preached peace to you which were afar off, and to them that were nigh.');
INSERT INTO verses VALUES (2636,86,18,NULL,'For through him we both have access by one Spirit unto the Father.');
INSERT INTO verses VALUES (2637,86,19,NULL,'Now therefore ye are no more strangers and foreigners, but fellowcitizens with the saints, and of the household of God;');
INSERT INTO verses VALUES (2638,86,20,NULL,'And are built upon the foundation of the apostles and prophets, Jesus Christ himself being the chief corner stone;');
INSERT INTO verses VALUES (2639,86,21,NULL,'In whom all the building fitly framed together groweth unto an holy temple in the Lord:');
INSERT INTO verses VALUES (2640,86,22,NULL,'In whom ye also are builded together for an habitation of God through the Spirit.');
INSERT INTO chapters VALUES (87,49,6,NULL,'http://kjv.wordfree.net/bibles/app/audio/1/49/6.mp3','http://kjv.wordfree.net/bibles/app/audio/1/49/6.mp3');
INSERT INTO verses VALUES (2641,87,1,NULL,'span class="verse" id="1">1 </span Children, obey your parents in the Lord: for this is right.');
INSERT INTO verses VALUES (2642,87,2,NULL,'Honour thy father and mother; which is the first commandment with promise;');
INSERT INTO verses VALUES (2643,87,3,NULL,'That it may be well with thee, and thou mayest live long on the earth.');
INSERT INTO verses VALUES (2644,87,4,NULL,'And, ye fathers, provoke not your children to wrath: but bring them up in the nurture and admonition of the Lord.');
INSERT INTO verses VALUES (2645,87,5,NULL,'Servants, be obedient to them that are your masters according to the flesh, with fear and trembling, in singleness of your heart, as unto Christ ;');
INSERT INTO verses VALUES (2646,87,6,NULL,'Not with eyeservice, as menpleasers; but as the servants of Christ , doing the will of God from the heart;');
INSERT INTO verses VALUES (2647,87,7,NULL,'With good will doing service, as to the Lord, and not to men:');
INSERT INTO verses VALUES (2648,87,8,NULL,'Knowing that whatsoever good thing any man doeth, the same shall he receive of the Lord, whether he be bond or free.');
INSERT INTO verses VALUES (2649,87,9,NULL,'And, ye masters, do the same things unto them, forbearing threatening: knowing that your Master also is in heaven; neither is there respect of persons with him.');
INSERT INTO verses VALUES (2650,87,10,NULL,'Finally, my brethren, be strong in the Lord, and in the power of his might.');
INSERT INTO verses VALUES (2651,87,11,NULL,'Put on the whole armour of God, that ye may be able to stand against the wiles of the devil.');
INSERT INTO verses VALUES (2652,87,12,NULL,'For we wrestle not against flesh and blood, but against principalities, against powers, against the rulers of the darkness of this world, against spiritual wickedness in high places.');
INSERT INTO verses VALUES (2653,87,13,NULL,'Wherefore take unto you the whole armour of God, that ye may be able to withstand in the evil day, and having done all, to stand.');
INSERT INTO verses VALUES (2654,87,14,NULL,'Stand therefore, having your loins girt about with truth, and having on the breastplate of righteousness;');
INSERT INTO verses VALUES (2655,87,15,NULL,'And your feet shod with the preparation of the gospel of peace;');
INSERT INTO verses VALUES (2656,87,16,NULL,'Above all, taking the shield of faith, wherewith ye shall be able to quench all the fiery darts of the wicked.');
INSERT INTO verses VALUES (2657,87,17,NULL,'And take the helmet of salvation, and the sword of the Spirit, which is the word of God:');
INSERT INTO verses VALUES (2658,87,18,NULL,'Praying always with all prayer and supplication in the Spirit, and watching thereunto with all perseverance and supplication for all saints;');
INSERT INTO verses VALUES (2659,87,19,NULL,'And for me, that utterance may be given unto me, that I may open my mouth boldly, to make known the mystery of the gospel,');
INSERT INTO verses VALUES (2660,87,20,NULL,'For which I am an ambassador in bonds: that therein I may speak boldly, as I ought to speak.');
INSERT INTO verses VALUES (2661,87,21,NULL,'But that ye also may know my affairs, and how I do, Tychicus, a beloved brother and faithful minister in the Lord, shall make known to you all things:');
INSERT INTO verses VALUES (2662,87,22,NULL,'Whom I have sent unto you for the same purpose, that ye might know our affairs, and that he might comfort your hearts.');
INSERT INTO verses VALUES (2663,87,23,NULL,'Peace be to the brethren, and love with faith, from God the Father and the Lord Jesus Christ .');
INSERT INTO verses VALUES (2664,87,24,NULL,'Grace be with all them that love our Lord Jesus Christ in sincerity. Amen.');
INSERT INTO chapters VALUES (88,50,1,NULL,'http://kjv.wordfree.net/bibles/app/audio/1/50/1.mp3','http://kjv.wordfree.net/bibles/app/audio/1/50/1.mp3');
INSERT INTO verses VALUES (2665,88,1,NULL,'span class="verse" id="1">1 </span Paul and Timotheus, the servants of Jesus Christ , to all the saints in Christ Jesus which are at Philippi , with the bishops and deacons:');
INSERT INTO verses VALUES (2666,88,2,NULL,'Grace be unto you, and peace, from God our Father, and from the Lord Jesus Christ .');
INSERT INTO verses VALUES (2667,88,3,NULL,'I thank my God upon every remembrance of you,');
INSERT INTO verses VALUES (2668,88,4,NULL,'Always in every prayer of mine for you all making request with joy,');
INSERT INTO verses VALUES (2669,88,5,NULL,'For your fellowship in the gospel from the first day until now;');
INSERT INTO verses VALUES (2670,88,6,NULL,'Being confident of this very thing, that he which hath begun a good work in you will perform it until the day of Jesus Christ :');
INSERT INTO verses VALUES (2671,88,7,NULL,'Even as it is meet for me to think this of you all, because I have you in my heart; inasmuch as both in my bonds, and in the defence and confirmation of the gospel, ye all are partakers of my grace.');
INSERT INTO verses VALUES (2672,88,8,NULL,'For God is my record, how greatly I long after you all in the bowels of Jesus Christ .');
INSERT INTO verses VALUES (2673,88,9,NULL,'And this I pray, that your love may abound yet more and more in knowledge and in all judgment;');
INSERT INTO verses VALUES (2674,88,10,NULL,'That ye may approve things that are excellent; that ye may be sincere and without offence till the day of Christ ;');
INSERT INTO verses VALUES (2675,88,11,NULL,'Being filled with the fruits of righteousness, which are by Jesus Christ , unto the glory and praise of God.');
INSERT INTO verses VALUES (2676,88,12,NULL,'But I would ye should understand, brethren, that the things which happened unto me have fallen out rather unto the furtherance of the gospel;');
INSERT INTO verses VALUES (2677,88,13,NULL,'So that my bonds in Christ are manifest in all the palace, and in all other places;');
INSERT INTO verses VALUES (2678,88,14,NULL,'And many of the brethren in the Lord, waxing confident by my bonds, are much more bold to speak the word without fear.');
INSERT INTO verses VALUES (2679,88,15,NULL,'Some indeed preach Christ even of envy and strife; and some also of good will:');
INSERT INTO verses VALUES (2680,88,16,NULL,'The one preach Christ of contention, not sincerely, supposing to add affliction to my bonds:');
INSERT INTO verses VALUES (2681,88,17,NULL,'But the other of love, knowing that I am set for the defence of the gospel.');
INSERT INTO verses VALUES (2682,88,18,NULL,'What then? notwithstanding, every way, whether in pretence, or in truth, Christ is preached; and I therein do rejoice, yea, and will rejoice.');
INSERT INTO verses VALUES (2683,88,19,NULL,'For I know that this shall turn to my salvation through your prayer, and the supply of the Spirit of Jesus Christ ,');
INSERT INTO verses VALUES (2684,88,20,NULL,'According to my earnest expectation and my hope, that in nothing I shall be ashamed, but that with all boldness, as always, so now also Christ shall be magnified in my body, whether it be by life, or by death.');
INSERT INTO verses VALUES (2685,88,21,NULL,'For to me to live is Christ , and to die is gain.');
INSERT INTO verses VALUES (2686,88,22,NULL,'But if I live in the flesh, this is the fruit of my labour: yet what I shall choose I wot not.');
INSERT INTO verses VALUES (2687,88,23,NULL,'For I am in a strait betwixt two, having a desire to depart, and to be with Christ ; which is far better:');
INSERT INTO verses VALUES (2688,88,24,NULL,'Nevertheless to abide in the flesh is more needful for you.');
INSERT INTO verses VALUES (2689,88,25,NULL,'And having this confidence, I know that I shall abide and continue with you all for your furtherance and joy of faith;');
INSERT INTO verses VALUES (2690,88,26,NULL,'That your rejoicing may be more abundant in Jesus Christ for me by my coming to you again.');
INSERT INTO verses VALUES (2691,88,27,NULL,'Only let your conversation be as it becometh the gospel of Christ : that whether I come and see you, or else be absent, I may hear of your affairs, that ye stand fast in one spirit, with one mind striving together for the faith of the gospel;');
INSERT INTO verses VALUES (2692,88,28,NULL,'And in nothing terrified by your adversaries: which is to them an evident token of perdition, but to you of salvation, and that of God.');
INSERT INTO verses VALUES (2693,88,29,NULL,'For unto you it is given in the behalf of Christ , not only to believe on him, but also to suffer for his sake;');
INSERT INTO verses VALUES (2694,88,30,NULL,'Having the same conflict which ye saw in me, and now hear to be in me.');
INSERT INTO chapters VALUES (89,50,2,NULL,'http://kjv.wordfree.net/bibles/app/audio/1/50/2.mp3','http://kjv.wordfree.net/bibles/app/audio/1/50/2.mp3');
INSERT INTO verses VALUES (2695,89,1,NULL,'span class="verse" id="1">1 </span If there be therefore any consolation in Christ , if any comfort of love, if any fellowship of the Spirit, if any bowels and mercies,');
INSERT INTO verses VALUES (2696,89,2,NULL,'Fulfil ye my joy, that ye be likeminded, having the same love, being of one accord, of one mind.');
INSERT INTO verses VALUES (2697,89,3,NULL,'Let nothing be done through strife or vainglory; but in lowliness of mind let each esteem other better than themselves.');
INSERT INTO verses VALUES (2698,89,4,NULL,'Look not every man on his own things, but every man also on the things of others.');
INSERT INTO verses VALUES (2699,89,5,NULL,'Let this mind be in you, which was also in Christ Jesus :');
INSERT INTO verses VALUES (2700,89,6,NULL,'Who, being in the form of God, thought it not robbery to be equal with God:');
INSERT INTO verses VALUES (2701,89,7,NULL,'But made himself of no reputation, and took upon him the form of a servant, and was made in the likeness of men:');
INSERT INTO verses VALUES (2702,89,8,NULL,'And being found in fashion as a man, he humbled himself, and became obedient unto death, even the death of the cross.');
INSERT INTO verses VALUES (2703,89,9,NULL,'Wherefore God also hath highly exalted him, and given him a name which is above every name:');
INSERT INTO verses VALUES (2704,89,10,NULL,'That at the name of Jesus every knee should bow, of things in heaven, and things in earth, and things under the earth;');
INSERT INTO verses VALUES (2705,89,11,NULL,'And that every tongue should confess that Jesus Christ is Lord, to the glory of God the Father.');
INSERT INTO verses VALUES (2706,89,12,NULL,'Wherefore, my beloved, as ye have always obeyed, not as in my presence only, but now much more in my absence, work out your own salvation with fear and trembling.');
INSERT INTO verses VALUES (2707,89,13,NULL,'For it is God which worketh in you both to will and to do of his good pleasure.');
INSERT INTO verses VALUES (2708,89,14,NULL,'Do all things without murmurings and disputings:');
INSERT INTO verses VALUES (2709,89,15,NULL,'That ye may be blameless and harmless, the sons of God, without rebuke, in the midst of a crooked and perverse nation, among whom ye shine as lights in the world;');
INSERT INTO verses VALUES (2710,89,16,NULL,'Holding forth the word of life; that I may rejoice in the day of Christ , that I have not run in vain, neither laboured in vain.');
INSERT INTO verses VALUES (2711,89,17,NULL,'Yea, and if I be offered upon the sacrifice and service of your faith, I joy, and rejoice with you all.');
INSERT INTO verses VALUES (2712,89,18,NULL,'For the same cause also do ye joy, and rejoice with me.');
INSERT INTO verses VALUES (2713,89,19,NULL,'But I trust in the Lord Jesus to send Timotheus shortly unto you, that I also may be of good comfort, when I know your state.');
INSERT INTO verses VALUES (2714,89,20,NULL,'For I have no man likeminded, who will naturally care for your state.');
INSERT INTO verses VALUES (2715,89,21,NULL,'For all seek their own, not the things which are Jesus Christ ''s.');
INSERT INTO verses VALUES (2716,89,22,NULL,'But ye know the proof of him, that, as a son with the father, he hath served with me in the gospel.');
INSERT INTO verses VALUES (2717,89,23,NULL,'Him therefore I hope to send presently, so soon as I shall see how it will go with me.');
INSERT INTO verses VALUES (2718,89,24,NULL,'But I trust in the Lord that I also myself shall come shortly.');
INSERT INTO verses VALUES (2719,89,25,NULL,'Yet I supposed it necessary to send to you Epaphroditus, my brother, and companion in labour, and fellowsoldier, but your messenger, and he that ministered to my wants.');
INSERT INTO verses VALUES (2720,89,26,NULL,'For he longed after you all, and was full of heaviness, because that ye had heard that he had been sick.');
INSERT INTO verses VALUES (2721,89,27,NULL,'For indeed he was sick nigh unto death: but God had mercy on him; and not on him only, but on me also, lest I should have sorrow upon sorrow.');
INSERT INTO verses VALUES (2722,89,28,NULL,'I sent him therefore the more carefully, that, when ye see him again, ye may rejoice, and that I may be the less sorrowful.');
INSERT INTO verses VALUES (2723,89,29,NULL,'Receive him therefore in the Lord with all gladness; and hold such in reputation:');
INSERT INTO verses VALUES (2724,89,30,NULL,'Because for the work of Christ he was nigh unto death, not regarding his life, to supply your lack of service toward me.');
INSERT INTO chapters VALUES (90,51,1,NULL,'http://kjv.wordfree.net/bibles/app/audio/1/51/1.mp3','http://kjv.wordfree.net/bibles/app/audio/1/51/1.mp3');
INSERT INTO verses VALUES (2725,90,1,NULL,'span class="verse" id="1">1 </span Paul , an apostle of Jesus Christ by the will of God, and Timotheus our brother,');
INSERT INTO verses VALUES (2726,90,2,NULL,'To the saints and faithful brethren in Christ which are at Colosse: Grace be unto you, and peace, from God our Father and the Lord Jesus Christ .');
INSERT INTO verses VALUES (2727,90,3,NULL,'We give thanks to God and the Father of our Lord Jesus Christ , praying always for you,');
INSERT INTO verses VALUES (2728,90,4,NULL,'Since we heard of your faith in Christ Jesus , and of the love which ye have to all the saints,');
INSERT INTO verses VALUES (2729,90,5,NULL,'For the hope which is laid up for you in heaven, whereof ye heard before in the word of the truth of the gospel;');
INSERT INTO verses VALUES (2730,90,6,NULL,'Which is come unto you, as it is in all the world; and bringeth forth fruit, as it doth also in you, since the day ye heard of it, and knew the grace of God in truth:');
INSERT INTO verses VALUES (2731,90,7,NULL,'As ye also learned of Epaphras our dear fellowservant, who is for you a faithful minister of Christ ;');
INSERT INTO verses VALUES (2732,90,8,NULL,'Who also declared unto us your love in the Spirit.');
INSERT INTO verses VALUES (2733,90,9,NULL,'For this cause we also, since the day we heard it, do not cease to pray for you, and to desire that ye might be filled with the knowledge of his will in all wisdom and spiritual understanding;');
INSERT INTO verses VALUES (2734,90,10,NULL,'That ye might walk worthy of the Lord unto all pleasing, being fruitful in every good work, and increasing in the knowledge of God;');
INSERT INTO verses VALUES (2735,90,11,NULL,'Strengthened with all might, according to his glorious power, unto all patience and longsuffering with joyfulness;');
INSERT INTO verses VALUES (2736,90,12,NULL,'Giving thanks unto the Father, which hath made us meet to be partakers of the inheritance of the saints in light:');
INSERT INTO verses VALUES (2737,90,13,NULL,'Who hath delivered us from the power of darkness, and hath translated us into the kingdom of his dear Son:');
INSERT INTO verses VALUES (2738,90,14,NULL,'In whom we have redemption through his blood, even the forgiveness of sins:');
INSERT INTO verses VALUES (2739,90,15,NULL,'Who is the image of the invisible God, the firstborn of every creature:');
INSERT INTO verses VALUES (2740,90,16,NULL,'For by him were all things created, that are in heaven, and that are in earth, visible and invisible, whether they be thrones, or dominions, or principalities, or powers: all things were created by him, and for him:');
INSERT INTO verses VALUES (2741,90,17,NULL,'And he is before all things, and by him all things consist.');
INSERT INTO verses VALUES (2742,90,18,NULL,'And he is the head of the body, the church: who is the beginning, the firstborn from the dead; that in all things he might have the preeminence.');
INSERT INTO verses VALUES (2743,90,19,NULL,'For it pleased the Father that in him should all fulness dwell;');
INSERT INTO verses VALUES (2744,90,20,NULL,'And, having made peace through the blood of his cross, by him to reconcile all things unto himself; by him, I say, whether they be things in earth, or things in heaven.');
INSERT INTO verses VALUES (2745,90,21,NULL,'And you, that were sometime alienated and enemies in your mind by wicked works, yet now hath he reconciled');
INSERT INTO verses VALUES (2746,90,22,NULL,'In the body of his flesh through death, to present you holy and unblameable and unreproveable in his sight:');
INSERT INTO verses VALUES (2747,90,23,NULL,'If ye continue in the faith grounded and settled, and be not moved away from the hope of the gospel, which ye have heard, and which was preached to every creature which is under heaven; whereof I Paul am made a minister;');
INSERT INTO verses VALUES (2748,90,24,NULL,'Who now rejoice in my sufferings for you, and fill up that which is behind of the afflictions of Christ in my flesh for his body''s sake, which is the church:');
INSERT INTO verses VALUES (2749,90,25,NULL,'Whereof I am made a minister, according to the dispensation of God which is given to me for you, to fulfil the word of God;');
INSERT INTO verses VALUES (2750,90,26,NULL,'Even the mystery which hath been hid from ages and from generations, but now is made manifest to his saints:');
INSERT INTO verses VALUES (2751,90,27,NULL,'To whom God would make known what is the riches of the glory of this mystery among the Gentiles; which is Christ in you, the hope of glory:');
INSERT INTO verses VALUES (2752,90,28,NULL,'Whom we preach, warning every man, and teaching every man in all wisdom; that we may present every man perfect in Christ Jesus :');
INSERT INTO verses VALUES (2753,90,29,NULL,'Whereunto I also labour, striving according to his working, which worketh in me mightily.');
INSERT INTO chapters VALUES (91,52,1,NULL,'http://kjv.wordfree.net/bibles/app/audio/1/52/1.mp3','http://kjv.wordfree.net/bibles/app/audio/1/52/1.mp3');
INSERT INTO verses VALUES (2754,91,1,NULL,'span class="verse" id="1">1 </span Paul , and Silvanus, and Timotheus, unto the church of the Thessalonians which is in God the Father and in the Lord Jesus Christ : Grace be unto you, and peace, from God our Father, and the Lord Jesus Christ .');
INSERT INTO verses VALUES (2755,91,2,NULL,'We give thanks to God always for you all, making mention of you in our prayers;');
INSERT INTO verses VALUES (2756,91,3,NULL,'Remembering without ceasing your work of faith, and labour of love, and patience of hope in our Lord Jesus Christ , in the sight of God and our Father;');
INSERT INTO verses VALUES (2757,91,4,NULL,'Knowing, brethren beloved, your election of God.');
INSERT INTO verses VALUES (2758,91,5,NULL,'For our gospel came not unto you in word only, but also in power, and in the Holy Ghost, and in much assurance; as ye know what manner of men we were among you for your sake.');
INSERT INTO verses VALUES (2759,91,6,NULL,'And ye became followers of us, and of the Lord, having received the word in much affliction, with joy of the Holy Ghost:');
INSERT INTO verses VALUES (2760,91,7,NULL,'So that ye were ensamples to all that believe in Macedonia and Achaia.');
INSERT INTO verses VALUES (2761,91,8,NULL,'For from you sounded out the word of the Lord not only in Macedonia and Achaia, but also in every place your faith to God-ward is spread abroad; so that we need not to speak any thing.');
INSERT INTO verses VALUES (2762,91,9,NULL,'For they themselves shew of us what manner of entering in we had unto you, and how ye turned to God from idols to serve the living and true God;');
INSERT INTO verses VALUES (2763,91,10,NULL,'And to wait for his Son from heaven, whom he raised from the dead, even Jesus , which delivered us from the wrath to come.');
INSERT INTO chapters VALUES (92,53,1,NULL,'http://kjv.wordfree.net/bibles/app/audio/1/53/1.mp3','http://kjv.wordfree.net/bibles/app/audio/1/53/1.mp3');
INSERT INTO verses VALUES (2764,92,1,NULL,'span class="verse" id="1">1 </span Paul , and Silvanus, and Timotheus, unto the church of the Thessalonians in God our Father and the Lord Jesus Christ :');
INSERT INTO verses VALUES (2765,92,2,NULL,'Grace unto you, and peace, from God our Father and the Lord Jesus Christ .');
INSERT INTO verses VALUES (2766,92,3,NULL,'We are bound to thank God always for you, brethren, as it is meet, because that your faith groweth exceedingly, and the charity of every one of you all toward each other aboundeth;');
INSERT INTO verses VALUES (2767,92,4,NULL,'So that we ourselves glory in you in the churches of God for your patience and faith in all your persecutions and tribulations that ye endure:');
INSERT INTO verses VALUES (2768,92,5,NULL,'Which is a manifest token of the righteous judgment of God, that ye may be counted worthy of the kingdom of God, for which ye also suffer:');
INSERT INTO verses VALUES (2769,92,6,NULL,'Seeing it is a righteous thing with God to recompense tribulation to them that trouble you;');
INSERT INTO verses VALUES (2770,92,7,NULL,'And to you who are troubled rest with us, when the Lord Jesus shall be revealed from heaven with his mighty angels,');
INSERT INTO verses VALUES (2771,92,8,NULL,'In flaming fire taking vengeance on them that know not God, and that obey not the gospel of our Lord Jesus Christ :');
INSERT INTO verses VALUES (2772,92,9,NULL,'Who shall be punished with everlasting destruction from the presence of the Lord, and from the glory of his power;');
INSERT INTO verses VALUES (2773,92,10,NULL,'When he shall come to be glorified in his saints, and to be admired in all them that believe (because our testimony among you was believed) in that day.');
INSERT INTO verses VALUES (2774,92,11,NULL,'Wherefore also we pray always for you, that our God would count you worthy of this calling, and fulfil all the good pleasure of his goodness, and the work of faith with power:');
INSERT INTO verses VALUES (2775,92,12,NULL,'That the name of our Lord Jesus Christ may be glorified in you, and ye in him, according to the grace of our God and the Lord Jesus Christ .');
INSERT INTO chapters VALUES (93,53,2,NULL,'http://kjv.wordfree.net/bibles/app/audio/1/53/2.mp3','http://kjv.wordfree.net/bibles/app/audio/1/53/2.mp3');
INSERT INTO verses VALUES (2776,93,1,NULL,'span class="verse" id="1">1 </span Now we beseech you, brethren, by the coming of our Lord Jesus Christ , and by our gathering together unto him,');
INSERT INTO verses VALUES (2777,93,2,NULL,'That ye be not soon shaken in mind, or be troubled, neither by spirit, nor by word, nor by letter as from us, as that the day of Christ is at hand.');
INSERT INTO verses VALUES (2778,93,3,NULL,'Let no man deceive you by any means: for that day shall not come, except there come a falling away first, and that man of sin be revealed, the son of perdition;');
INSERT INTO verses VALUES (2779,93,4,NULL,'Who opposeth and exalteth himself above all that is called God, or that is worshipped; so that he as God sitteth in the temple of God, shewing himself that he is God.');
INSERT INTO verses VALUES (2780,93,5,NULL,'Remember ye not, that, when I was yet with you, I told you these things?');
INSERT INTO verses VALUES (2781,93,6,NULL,'And now ye know what withholdeth that he might be revealed in his time.');
INSERT INTO verses VALUES (2782,93,7,NULL,'For the mystery of iniquity doth already work: only he who now letteth will let, until he be taken out of the way.');
INSERT INTO verses VALUES (2783,93,8,NULL,'And then shall that Wicked be revealed, whom the Lord shall consume with the spirit of his mouth, and shall destroy with the brightness of his coming:');
INSERT INTO verses VALUES (2784,93,9,NULL,'Even him, whose coming is after the working of Satan with all power and signs and lying wonders,');
INSERT INTO verses VALUES (2785,93,10,NULL,'And with all deceivableness of unrighteousness in them that perish; because they received not the love of the truth, that they might be saved.');
INSERT INTO verses VALUES (2786,93,11,NULL,'And for this cause God shall send them strong delusion, that they should believe a lie:');
INSERT INTO verses VALUES (2787,93,12,NULL,'That they all might be damned who believed not the truth, but had pleasure in unrighteousness.');
INSERT INTO verses VALUES (2788,93,13,NULL,'But we are bound to give thanks alway to God for you, brethren beloved of the Lord, because God hath from the beginning chosen you to salvation through sanctification of the Spirit and belief of the truth:');
INSERT INTO verses VALUES (2789,93,14,NULL,'Whereunto he called you by our gospel, to the obtaining of the glory of our Lord Jesus Christ .');
INSERT INTO verses VALUES (2790,93,15,NULL,'Therefore, brethren, stand fast, and hold the traditions which ye have been taught, whether by word, or our epistle.');
INSERT INTO verses VALUES (2791,93,16,NULL,'Now our Lord Jesus Christ himself, and God, even our Father, which hath loved us, and hath given us everlasting consolation and good hope through grace,');
INSERT INTO verses VALUES (2792,93,17,NULL,'Comfort your hearts, and stablish you in every good word and work.');
INSERT INTO chapters VALUES (94,54,1,NULL,'http://kjv.wordfree.net/bibles/app/audio/1/54/1.mp3','http://kjv.wordfree.net/bibles/app/audio/1/54/1.mp3');
INSERT INTO verses VALUES (2793,94,1,NULL,'span class="verse" id="1">1 </span Paul , an apostle of Jesus Christ by the commandment of God our Saviour, and Lord Jesus Christ , which is our hope;');
INSERT INTO verses VALUES (2794,94,2,NULL,'Unto Timothy , my own son in the faith: Grace, mercy, and peace, from God our Father and Jesus Christ our Lord.');
INSERT INTO verses VALUES (2795,94,3,NULL,'As I besought thee to abide still at Ephesus, when I went into Macedonia , that thou mightest charge some that they teach no other doctrine,');
INSERT INTO verses VALUES (2796,94,4,NULL,'Neither give heed to fables and endless genealogies, which minister questions, rather than godly edifying which is in faith: so do.');
INSERT INTO verses VALUES (2797,94,5,NULL,'Now the end of the commandment is charity out of a pure heart, and of a good conscience, and of faith unfeigned:');
INSERT INTO verses VALUES (2798,94,6,NULL,'From which some having swerved have turned aside unto vain jangling;');
INSERT INTO verses VALUES (2799,94,7,NULL,'Desiring to be teachers of the law; understanding neither what they say, nor whereof they affirm.');
INSERT INTO verses VALUES (2800,94,8,NULL,'But we know that the law is good, if a man use it lawfully;');
INSERT INTO verses VALUES (2801,94,9,NULL,'Knowing this, that the law is not made for a righteous man, but for the lawless and disobedient, for the ungodly and for sinners, for unholy and profane, for murderers of fathers and murderers of mothers, for manslayers,');
INSERT INTO verses VALUES (2802,94,10,NULL,'For whoremongers, for them that defile themselves with mankind, for menstealers, for liars, for perjured persons, and if there be any other thing that is contrary to sound doctrine;');
INSERT INTO verses VALUES (2803,94,11,NULL,'According to the glorious gospel of the blessed God, which was committed to my trust.');
INSERT INTO verses VALUES (2804,94,12,NULL,'And I thank Christ Jesus our Lord, who hath enabled me, for that he counted me faithful, putting me into the ministry;');
INSERT INTO verses VALUES (2805,94,13,NULL,'Who was before a blasphemer, and a persecutor, and injurious: but I obtained mercy, because I did it ignorantly in unbelief.');
INSERT INTO verses VALUES (2806,94,14,NULL,'And the grace of our Lord was exceeding abundant with faith and love which is in Christ Jesus .');
INSERT INTO verses VALUES (2807,94,15,NULL,'This is a faithful saying, and worthy of all acceptation, that Christ Jesus came into the world to save sinners; of whom I am chief.');
INSERT INTO verses VALUES (2808,94,16,NULL,'Howbeit for this cause I obtained mercy, that in me first Jesus Christ might shew forth all longsuffering, for a pattern to them which should hereafter believe on him to life everlasting.');
INSERT INTO verses VALUES (2809,94,17,NULL,'Now unto the King eternal, immortal, invisible, the only wise God, be honour and glory for ever and ever. Amen.');
INSERT INTO verses VALUES (2810,94,18,NULL,'This charge I commit unto thee, son Timothy , according to the prophecies which went before on thee, that thou by them mightest war a good warfare;');
INSERT INTO verses VALUES (2811,94,19,NULL,'Holding faith, and a good conscience; which some having put away concerning faith have made shipwreck:');
INSERT INTO verses VALUES (2812,94,20,NULL,'Of whom is Hymenaeus and Alexander; whom I have delivered unto Satan , that they may learn not to blaspheme.');
INSERT INTO chapters VALUES (95,55,1,NULL,'http://kjv.wordfree.net/bibles/app/audio/1/55/1.mp3','http://kjv.wordfree.net/bibles/app/audio/1/55/1.mp3');
INSERT INTO verses VALUES (2813,95,1,NULL,'span class="verse" id="1">1 </span Paul , an apostle of Jesus Christ by the will of God, according to the promise of life which is in Christ Jesus ,');
INSERT INTO verses VALUES (2814,95,2,NULL,'To Timothy , my dearly beloved son: Grace, mercy, and peace, from God the Father and Christ Jesus our Lord.');
INSERT INTO verses VALUES (2815,95,3,NULL,'I thank God, whom I serve from my forefathers with pure conscience, that without ceasing I have remembrance of thee in my prayers night and day;');
INSERT INTO verses VALUES (2816,95,4,NULL,'Greatly desiring to see thee, being mindful of thy tears, that I may be filled with joy;');
INSERT INTO verses VALUES (2817,95,5,NULL,'When I call to remembrance the unfeigned faith that is in thee, which dwelt first in thy grandmother Lois, and thy mother Eunice; and I am persuaded that in thee also.');
INSERT INTO verses VALUES (2818,95,6,NULL,'Wherefore I put thee in remembrance that thou stir up the gift of God, which is in thee by the putting on of my hands.');
INSERT INTO verses VALUES (2819,95,7,NULL,'For God hath not given us the spirit of fear; but of power, and of love, and of a sound mind.');
INSERT INTO verses VALUES (2820,95,8,NULL,'Be not thou therefore ashamed of the testimony of our Lord, nor of me his prisoner: but be thou partaker of the afflictions of the gospel according to the power of God;');
INSERT INTO verses VALUES (2821,95,9,NULL,'Who hath saved us, and called us with an holy calling, not according to our works, but according to his own purpose and grace, which was given us in Christ Jesus before the world began,');
INSERT INTO verses VALUES (2822,95,10,NULL,'But is now made manifest by the appearing of our Saviour Jesus Christ , who hath abolished death, and hath brought life and immortality to light through the gospel:');
INSERT INTO verses VALUES (2823,95,11,NULL,'Whereunto I am appointed a preacher, and an apostle, and a teacher of the Gentiles.');
INSERT INTO verses VALUES (2824,95,12,NULL,'For the which cause I also suffer these things: nevertheless I am not ashamed: for I know whom I have believed, and am persuaded that he is able to keep that which I have committed unto him against that day.');
INSERT INTO verses VALUES (2825,95,13,NULL,'Hold fast the form of sound words, which thou hast heard of me, in faith and love which is in Christ Jesus .');
INSERT INTO verses VALUES (2826,95,14,NULL,'That good thing which was committed unto thee keep by the Holy Ghost which dwelleth in us.');
INSERT INTO verses VALUES (2827,95,15,NULL,'This thou knowest, that all they which are in Asia be turned away from me; of whom are Phygellus and Hermogenes.');
INSERT INTO verses VALUES (2828,95,16,NULL,'The Lord give mercy unto the house of Onesiphorus; for he oft refreshed me, and was not ashamed of my chain:');
INSERT INTO verses VALUES (2829,95,17,NULL,'But, when he was in Rome, he sought me out very diligently, and found me.');
INSERT INTO verses VALUES (2830,95,18,NULL,'The Lord grant unto him that he may find mercy of the Lord in that day: and in how many things he ministered unto me at Ephesus, thou knowest very well.');
INSERT INTO chapters VALUES (96,56,1,NULL,'http://kjv.wordfree.net/bibles/app/audio/1/56/1.mp3','http://kjv.wordfree.net/bibles/app/audio/1/56/1.mp3');
INSERT INTO verses VALUES (2831,96,1,NULL,'span class="verse" id="1">1 </span Paul , a servant of God, and an apostle of Jesus Christ , according to the faith of God''s elect, and the acknowledging of the truth which is after godliness;');
INSERT INTO verses VALUES (2832,96,2,NULL,'In hope of eternal life, which God, that cannot lie, promised before the world began;');
INSERT INTO verses VALUES (2833,96,3,NULL,'But hath in due times manifested his word through preaching, which is committed unto me according to the commandment of God our Saviour;');
INSERT INTO verses VALUES (2834,96,4,NULL,'To Titus, mine own son after the common faith: Grace, mercy, and peace, from God the Father and the Lord Jesus Christ our Saviour.');
INSERT INTO verses VALUES (2835,96,5,NULL,'For this cause left I thee in Crete, that thou shouldest set in order the things that are wanting, and ordain elders in every city, as I had appointed thee:');
INSERT INTO verses VALUES (2836,96,6,NULL,'If any be blameless, the husband of one wife, having faithful children not accused of riot or unruly.');
INSERT INTO verses VALUES (2837,96,7,NULL,'For a bishop must be blameless, as the steward of God; not selfwilled, not soon angry, not given to wine, no striker, not given to filthy lucre;');
INSERT INTO verses VALUES (2838,96,8,NULL,'But a lover of hospitality, a lover of good men, sober, just, holy, temperate;');
INSERT INTO verses VALUES (2839,96,9,NULL,'Holding fast the faithful word as he hath been taught, that he may be able by sound doctrine both to exhort and to convince the gainsayers.');
INSERT INTO verses VALUES (2840,96,10,NULL,'For there are many unruly and vain talkers and deceivers, specially they of the circumcision:');
INSERT INTO verses VALUES (2841,96,11,NULL,'Whose mouths must be stopped, who subvert whole houses, teaching things which they ought not, for filthy lucre''s sake.');
INSERT INTO verses VALUES (2842,96,12,NULL,'One of themselves, even a prophet of their own, said, The Cretians are alway liars, evil beasts, slow bellies.');
INSERT INTO verses VALUES (2843,96,13,NULL,'This witness is true. Wherefore rebuke them sharply, that they may be sound in the faith;');
INSERT INTO verses VALUES (2844,96,14,NULL,'Not giving heed to Jewish fables, and commandments of men, that turn from the truth.');
INSERT INTO verses VALUES (2845,96,15,NULL,'Unto the pure all things are pure: but unto them that are defiled and unbelieving is nothing pure; but even their mind and conscience is defiled.');
INSERT INTO verses VALUES (2846,96,16,NULL,'They profess that they know God; but in works they deny him, being abominable, and disobedient, and unto every good work reprobate.');
INSERT INTO chapters VALUES (97,57,1,NULL,'http://kjv.wordfree.net/bibles/app/audio/1/57/1.mp3','http://kjv.wordfree.net/bibles/app/audio/1/57/1.mp3');
INSERT INTO verses VALUES (2847,97,1,NULL,'span class="verse" id="1">1 </span Paul , a prisoner of Jesus Christ , and Timothy our brother, unto Philemon our dearly beloved, and fellowlabourer,');
INSERT INTO verses VALUES (2848,97,2,NULL,'And to our beloved Apphia, and Archippus our fellowsoldier, and to the church in thy house:');
INSERT INTO verses VALUES (2849,97,3,NULL,'Grace to you, and peace, from God our Father and the Lord Jesus Christ .');
INSERT INTO verses VALUES (2850,97,4,NULL,'I thank my God, making mention of thee always in my prayers,');
INSERT INTO verses VALUES (2851,97,5,NULL,'Hearing of thy love and faith, which thou hast toward the Lord Jesus , and toward all saints;');
INSERT INTO verses VALUES (2852,97,6,NULL,'That the communication of thy faith may become effectual by the acknowledging of every good thing which is in you in Christ Jesus .');
INSERT INTO verses VALUES (2853,97,7,NULL,'For we have great joy and consolation in thy love, because the bowels of the saints are refreshed by thee, brother.');
INSERT INTO verses VALUES (2854,97,8,NULL,'Wherefore, though I might be much bold in Christ to enjoin thee that which is convenient,');
INSERT INTO verses VALUES (2855,97,9,NULL,'Yet for love''s sake I rather beseech thee, being such an one as Paul the aged, and now also a prisoner of Jesus Christ .');
INSERT INTO verses VALUES (2856,97,10,NULL,'I beseech thee for my son Onesimus, whom I have begotten in my bonds:');
INSERT INTO verses VALUES (2857,97,11,NULL,'Which in time past was to thee unprofitable, but now profitable to thee and to me:');
INSERT INTO verses VALUES (2858,97,12,NULL,'Whom I have sent again: thou therefore receive him, that is, mine own bowels:');
INSERT INTO verses VALUES (2859,97,13,NULL,'Whom I would have retained with me, that in thy stead he might have ministered unto me in the bonds of the gospel:');
INSERT INTO verses VALUES (2860,97,14,NULL,'But without thy mind would I do nothing; that thy benefit should not be as it were of necessity, but willingly.');
INSERT INTO verses VALUES (2861,97,15,NULL,'For perhaps he therefore departed for a season, that thou shouldest receive him for ever;');
INSERT INTO verses VALUES (2862,97,16,NULL,'Not now as a servant, but above a servant, a brother beloved, specially to me, but how much more unto thee, both in the flesh, and in the Lord?');
INSERT INTO verses VALUES (2863,97,17,NULL,'If thou count me therefore a partner, receive him as myself.');
INSERT INTO verses VALUES (2864,97,18,NULL,'If he hath wronged thee, or oweth thee ought, put that on mine account;');
INSERT INTO verses VALUES (2865,97,19,NULL,'I Paul have written it with mine own hand, I will repay it: albeit I do not say to thee how thou owest unto me even thine own self besides.');
INSERT INTO verses VALUES (2866,97,20,NULL,'Yea, brother, let me have joy of thee in the Lord: refresh my bowels in the Lord.');
INSERT INTO verses VALUES (2867,97,21,NULL,'Having confidence in thy obedience I wrote unto thee, knowing that thou wilt also do more than I say.');
INSERT INTO verses VALUES (2868,97,22,NULL,'But withal prepare me also a lodging: for I trust that through your prayers I shall be given unto you.');
INSERT INTO verses VALUES (2869,97,23,NULL,'There salute thee Epaphras, my fellowprisoner in Christ Jesus ;');
INSERT INTO verses VALUES (2870,97,24,NULL,'Marcus, Aristarchus, Demas, Lucas, my fellowlabourers.');
INSERT INTO verses VALUES (2871,97,25,NULL,'The grace of our Lord Jesus Christ be with your spirit. Amen.');
INSERT INTO chapters VALUES (98,58,1,NULL,'http://kjv.wordfree.net/bibles/app/audio/1/58/1.mp3','http://kjv.wordfree.net/bibles/app/audio/1/58/1.mp3');
INSERT INTO verses VALUES (2872,98,1,NULL,'span class="verse" id="1">1 </span God, who at sundry times and in divers manners spake in time past unto the fathers by the prophets,');
INSERT INTO verses VALUES (2873,98,2,NULL,'Hath in these last days spoken unto us by his Son, whom he hath appointed heir of all things, by whom also he made the worlds;');
INSERT INTO verses VALUES (2874,98,3,NULL,'Who being the brightness of his glory, and the express image of his person, and upholding all things by the word of his power, when he had by himself purged our sins, sat down on the right hand of the Majesty on high;');
INSERT INTO verses VALUES (2875,98,4,NULL,'Being made so much better than the angels, as he hath by inheritance obtained a more excellent name than they.');
INSERT INTO verses VALUES (2876,98,5,NULL,'For unto which of the angels said he at any time, Thou art my Son, this day have I begotten thee? And again, I will be to him a Father, and he shall be to me a Son?');
INSERT INTO verses VALUES (2877,98,6,NULL,'And again, when he bringeth in the firstbegotten into the world, he saith, And let all the angels of God worship him.');
INSERT INTO verses VALUES (2878,98,7,NULL,'And of the angels he saith, Who maketh his angels spirits, and his ministers a flame of fire.');
INSERT INTO verses VALUES (2879,98,8,NULL,'But unto the Son he saith, Thy throne, O God, is for ever and ever: a sceptre of righteousness is the sceptre of thy kingdom.');
INSERT INTO verses VALUES (2880,98,9,NULL,'Thou hast loved righteousness, and hated iniquity; therefore God, even thy God, hath anointed thee with the oil of gladness above thy fellows.');
INSERT INTO verses VALUES (2881,98,10,NULL,'And, Thou, Lord, in the beginning hast laid the foundation of the earth; and the heavens are the works of thine hands:');
INSERT INTO verses VALUES (2882,98,11,NULL,'They shall perish; but thou remainest; and they all shall wax old as doth a garment;');
INSERT INTO verses VALUES (2883,98,12,NULL,'And as a vesture shalt thou fold them up, and they shall be changed: but thou art the same, and thy years shall not fail.');
INSERT INTO verses VALUES (2884,98,13,NULL,'But to which of the angels said he at any time, Sit on my right hand, until I make thine enemies thy footstool?');
INSERT INTO verses VALUES (2885,98,14,NULL,'Are they not all ministering spirits, sent forth to minister for them who shall be heirs of salvation?');
INSERT INTO chapters VALUES (99,58,13,NULL,'http://kjv.wordfree.net/bibles/app/audio/1/58/13.mp3','http://kjv.wordfree.net/bibles/app/audio/1/58/13.mp3');
INSERT INTO verses VALUES (2886,99,1,NULL,'span class="verse" id="1">1 </span Let brotherly love continue.');
INSERT INTO verses VALUES (2887,99,2,NULL,'Be not forgetful to entertain strangers: for thereby some have entertained angels unawares.');
INSERT INTO verses VALUES (2888,99,3,NULL,'Remember them that are in bonds, as bound with them; and them which suffer adversity, as being yourselves also in the body.');
INSERT INTO verses VALUES (2889,99,4,NULL,'Marriage is honourable in all, and the bed undefiled: but whoremongers and adulterers God will judge.');
INSERT INTO verses VALUES (2890,99,5,NULL,'Let your conversation be without covetousness; and be content with such things as ye have: for he hath said, I will never leave thee, nor forsake thee.');
INSERT INTO verses VALUES (2891,99,6,NULL,'So that we may boldly say, The Lord is my helper, and I will not fear what man shall do unto me.');
INSERT INTO verses VALUES (2892,99,7,NULL,'Remember them which have the rule over you, who have spoken unto you the word of God: whose faith follow, considering the end of their conversation.');
INSERT INTO verses VALUES (2893,99,8,NULL,'Jesus Christ the same yesterday, and to day, and for ever.');
INSERT INTO verses VALUES (2894,99,9,NULL,'Be not carried about with divers and strange doctrines. For it is a good thing that the heart be established with grace; not with meats, which have not profited them that have been occupied therein.');
INSERT INTO verses VALUES (2895,99,10,NULL,'We have an altar, whereof they have no right to eat which serve the tabernacle.');
INSERT INTO verses VALUES (2896,99,11,NULL,'For the bodies of those beasts, whose blood is brought into the sanctuary by the high priest for sin, are burned without the camp.');
INSERT INTO verses VALUES (2897,99,12,NULL,'Wherefore Jesus also, that he might sanctify the people with his own blood, suffered without the gate.');
INSERT INTO verses VALUES (2898,99,13,NULL,'Let us go forth therefore unto him without the camp, bearing his reproach.');
INSERT INTO verses VALUES (2899,99,14,NULL,'For here have we no continuing city, but we seek one to come.');
INSERT INTO verses VALUES (2900,99,15,NULL,'By him therefore let us offer the sacrifice of praise to God continually, that is, the fruit of our lips giving thanks to his name.');
INSERT INTO verses VALUES (2901,99,16,NULL,'But to do good and to communicate forget not: for with such sacrifices God is well pleased.');
INSERT INTO verses VALUES (2902,99,17,NULL,'Obey them that have the rule over you, and submit yourselves: for they watch for your souls, as they that must give account, that they may do it with joy, and not with grief: for that is unprofitable for you.');
INSERT INTO verses VALUES (2903,99,18,NULL,'Pray for us: for we trust we have a good conscience, in all things willing to live honestly.');
INSERT INTO verses VALUES (2904,99,19,NULL,'But I beseech you the rather to do this, that I may be restored to you the sooner.');
INSERT INTO verses VALUES (2905,99,20,NULL,'Now the God of peace, that brought again from the dead our Lord Jesus , that great shepherd of the sheep, through the blood of the everlasting covenant,');
INSERT INTO verses VALUES (2906,99,21,NULL,'Make you perfect in every good work to do his will, working in you that which is wellpleasing in his sight, through Jesus Christ ; to whom be glory for ever and ever. Amen.');
INSERT INTO verses VALUES (2907,99,22,NULL,'And I beseech you, brethren, suffer the word of exhortation: for I have written a letter unto you in few words.');
INSERT INTO verses VALUES (2908,99,23,NULL,'Know ye that our brother Timothy is set at liberty; with whom, if he come shortly, I will see you.');
INSERT INTO verses VALUES (2909,99,24,NULL,'Salute all them that have the rule over you, and all the saints. They of Italy salute you.');
INSERT INTO verses VALUES (2910,99,25,NULL,'Grace be with you all. Amen.');
INSERT INTO chapters VALUES (100,59,1,NULL,'http://kjv.wordfree.net/bibles/app/audio/1/59/1.mp3','http://kjv.wordfree.net/bibles/app/audio/1/59/1.mp3');
INSERT INTO verses VALUES (2911,100,1,NULL,'span class="verse" id="1">1 </span James , a servant of God and of the Lord Jesus Christ , to the twelve tribes which are scattered abroad, greeting.');
INSERT INTO verses VALUES (2912,100,2,NULL,'My brethren, count it all joy when ye fall into divers temptations;');
INSERT INTO verses VALUES (2913,100,3,NULL,'Knowing this, that the trying of your faith worketh patience.');
INSERT INTO verses VALUES (2914,100,4,NULL,'But let patience have her perfect work, that ye may be perfect and entire, wanting nothing.');
INSERT INTO verses VALUES (2915,100,5,NULL,'If any of you lack wisdom, let him ask of God, that giveth to all men liberally, and upbraideth not; and it shall be given him.');
INSERT INTO verses VALUES (2916,100,6,NULL,'But let him ask in faith, nothing wavering. For he that wavereth is like a wave of the sea driven with the wind and tossed.');
INSERT INTO verses VALUES (2917,100,7,NULL,'For let not that man think that he shall receive any thing of the Lord.');
INSERT INTO verses VALUES (2918,100,8,NULL,'A double minded man is unstable in all his ways.');
INSERT INTO verses VALUES (2919,100,9,NULL,'Let the brother of low degree rejoice in that he is exalted:');
INSERT INTO verses VALUES (2920,100,10,NULL,'But the rich, in that he is made low: because as the flower of the grass he shall pass away.');
INSERT INTO verses VALUES (2921,100,11,NULL,'For the sun is no sooner risen with a burning heat, but it withereth the grass, and the flower thereof falleth, and the grace of the fashion of it perisheth: so also shall the rich man fade away in his ways.');
INSERT INTO verses VALUES (2922,100,12,NULL,'Blessed is the man that endureth temptation: for when he is tried, he shall receive the crown of life, which the Lord hath promised to them that love him.');
INSERT INTO verses VALUES (2923,100,13,NULL,'Let no man say when he is tempted, I am tempted of God: for God cannot be tempted with evil, neither tempteth he any man:');
INSERT INTO verses VALUES (2924,100,14,NULL,'But every man is tempted, when he is drawn away of his own lust, and enticed.');
INSERT INTO verses VALUES (2925,100,15,NULL,'Then when lust hath conceived, it bringeth forth sin: and sin, when it is finished, bringeth forth death.');
INSERT INTO verses VALUES (2926,100,16,NULL,'Do not err, my beloved brethren.');
INSERT INTO verses VALUES (2927,100,17,NULL,'Every good gift and every perfect gift is from above, and cometh down from the Father of lights, with whom is no variableness, neither shadow of turning.');
INSERT INTO verses VALUES (2928,100,18,NULL,'Of his own will begat he us with the word of truth, that we should be a kind of firstfruits of his creatures.');
INSERT INTO verses VALUES (2929,100,19,NULL,'Wherefore, my beloved brethren, let every man be swift to hear, slow to speak, slow to wrath:');
INSERT INTO verses VALUES (2930,100,20,NULL,'For the wrath of man worketh not the righteousness of God.');
INSERT INTO verses VALUES (2931,100,21,NULL,'Wherefore lay apart all filthiness and superfluity of naughtiness, and receive with meekness the engrafted word, which is able to save your souls.');
INSERT INTO verses VALUES (2932,100,22,NULL,'But be ye doers of the word, and not hearers only, deceiving your own selves.');
INSERT INTO verses VALUES (2933,100,23,NULL,'For if any be a hearer of the word, and not a doer, he is like unto a man beholding his natural face in a glass:');
INSERT INTO verses VALUES (2934,100,24,NULL,'For he beholdeth himself, and goeth his way, and straightway forgetteth what manner of man he was.');
INSERT INTO verses VALUES (2935,100,25,NULL,'But whoso looketh into the perfect law of liberty, and continueth therein, he being not a forgetful hearer, but a doer of the work, this man shall be blessed in his deed.');
INSERT INTO verses VALUES (2936,100,26,NULL,'If any man among you seem to be religious, and bridleth not his tongue, but deceiveth his own heart, this man''s religion is vain.');
INSERT INTO verses VALUES (2937,100,27,NULL,'Pure religion and undefiled before God and the Father is this, To visit the fatherless and widows in their affliction, and to keep himself unspotted from the world.');
INSERT INTO chapters VALUES (101,59,4,NULL,'http://kjv.wordfree.net/bibles/app/audio/1/59/4.mp3','http://kjv.wordfree.net/bibles/app/audio/1/59/4.mp3');
INSERT INTO verses VALUES (2938,101,1,NULL,'span class="verse" id="1">1 </span From whence come wars and fightings among you? come they not hence, even of your lusts that war in your members?');
INSERT INTO verses VALUES (2939,101,2,NULL,'Ye lust, and have not: ye kill, and desire to have, and cannot obtain: ye fight and war, yet ye have not, because ye ask not.');
INSERT INTO verses VALUES (2940,101,3,NULL,'Ye ask, and receive not, because ye ask amiss, that ye may consume it upon your lusts.');
INSERT INTO verses VALUES (2941,101,4,NULL,'Ye adulterers and adulteresses, know ye not that the friendship of the world is enmity with God? whosoever therefore will be a friend of the world is the enemy of God.');
INSERT INTO verses VALUES (2942,101,5,NULL,'Do ye think that the scripture saith in vain, The spirit that dwelleth in us lusteth to envy?');
INSERT INTO verses VALUES (2943,101,6,NULL,'But he giveth more grace. Wherefore he saith, God resisteth the proud, but giveth grace unto the humble.');
INSERT INTO verses VALUES (2944,101,7,NULL,'Submit yourselves therefore to God. Resist the devil, and he will flee from you.');
INSERT INTO verses VALUES (2945,101,8,NULL,'Draw nigh to God, and he will draw nigh to you. Cleanse your hands, ye sinners; and purify your hearts, ye double minded.');
INSERT INTO verses VALUES (2946,101,9,NULL,'Be afflicted, and mourn, and weep: let your laughter be turned to mourning, and your joy to heaviness.');
INSERT INTO verses VALUES (2947,101,10,NULL,'Humble yourselves in the sight of the Lord, and he shall lift you up.');
INSERT INTO verses VALUES (2948,101,11,NULL,'Speak not evil one of another, brethren. He that speaketh evil of his brother, and judgeth his brother, speaketh evil of the law, and judgeth the law: but if thou judge the law, thou art not a doer of the law, but a judge.');
INSERT INTO verses VALUES (2949,101,12,NULL,'There is one lawgiver, who is able to save and to destroy: who art thou that judgest another?');
INSERT INTO verses VALUES (2950,101,13,NULL,'Go to now, ye that say, To day or to morrow we will go into such a city, and continue there a year, and buy and sell, and get gain:');
INSERT INTO verses VALUES (2951,101,14,NULL,'Whereas ye know not what shall be on the morrow. For what is your life? It is even a vapour, that appeareth for a little time, and then vanisheth away.');
INSERT INTO verses VALUES (2952,101,15,NULL,'For that ye ought to say, If the Lord will, we shall live, and do this, or that.');
INSERT INTO verses VALUES (2953,101,16,NULL,'But now ye rejoice in your boastings: all such rejoicing is evil.');
INSERT INTO verses VALUES (2954,101,17,NULL,'Therefore to him that knoweth to do good, and doeth it not, to him it is sin.');
INSERT INTO chapters VALUES (102,60,1,NULL,'http://kjv.wordfree.net/bibles/app/audio/1/60/1.mp3','http://kjv.wordfree.net/bibles/app/audio/1/60/1.mp3');
INSERT INTO verses VALUES (2955,102,1,NULL,'span class="verse" id="1">1 </span Peter , an apostle of Jesus Christ , to the strangers scattered throughout Pontus, Galatia, Cappadocia, Asia, and Bithynia,');
INSERT INTO verses VALUES (2956,102,2,NULL,'Elect according to the foreknowledge of God the Father, through sanctification of the Spirit, unto obedience and sprinkling of the blood of Jesus Christ : Grace unto you, and peace, be multiplied.');
INSERT INTO verses VALUES (2957,102,3,NULL,'Blessed be the God and Father of our Lord Jesus Christ , which according to his abundant mercy hath begotten us again unto a lively hope by the resurrection of Jesus Christ from the dead,');
INSERT INTO verses VALUES (2958,102,4,NULL,'To an inheritance incorruptible, and undefiled, and that fadeth not away, reserved in heaven for you,');
INSERT INTO verses VALUES (2959,102,5,NULL,'Who are kept by the power of God through faith unto salvation ready to be revealed in the last time.');
INSERT INTO verses VALUES (2960,102,6,NULL,'Wherein ye greatly rejoice, though now for a season, if need be, ye are in heaviness through manifold temptations:');
INSERT INTO verses VALUES (2961,102,7,NULL,'That the trial of your faith, being much more precious than of gold that perisheth, though it be tried with fire, might be found unto praise and honour and glory at the appearing of Jesus Christ :');
INSERT INTO verses VALUES (2962,102,8,NULL,'Whom having not seen, ye love; in whom, though now ye see him not, yet believing, ye rejoice with joy unspeakable and full of glory:');
INSERT INTO verses VALUES (2963,102,9,NULL,'Receiving the end of your faith, even the salvation of your souls.');
INSERT INTO verses VALUES (2964,102,10,NULL,'Of which salvation the prophets have enquired and searched diligently, who prophesied of the grace that should come unto you:');
INSERT INTO verses VALUES (2965,102,11,NULL,'Searching what, or what manner of time the Spirit of Christ which was in them did signify, when it testified beforehand the sufferings of Christ , and the glory that should follow.');
INSERT INTO verses VALUES (2966,102,12,NULL,'Unto whom it was revealed, that not unto themselves, but unto us they did minister the things, which are now reported unto you by them that have preached the gospel unto you with the Holy Ghost sent down from heaven; which things the angels desire to look into.');
INSERT INTO verses VALUES (2967,102,13,NULL,'Wherefore gird up the loins of your mind, be sober, and hope to the end for the grace that is to be brought unto you at the revelation of Jesus Christ ;');
INSERT INTO verses VALUES (2968,102,14,NULL,'As obedient children, not fashioning yourselves according to the former lusts in your ignorance:');
INSERT INTO verses VALUES (2969,102,15,NULL,'But as he which hath called you is holy, so be ye holy in all manner of conversation;');
INSERT INTO verses VALUES (2970,102,16,NULL,'Because it is written, Be ye holy; for I am holy.');
INSERT INTO verses VALUES (2971,102,17,NULL,'And if ye call on the Father, who without respect of persons judgeth according to every man''s work, pass the time of your sojourning here in fear:');
INSERT INTO verses VALUES (2972,102,18,NULL,'Forasmuch as ye know that ye were not redeemed with corruptible things, as silver and gold, from your vain conversation received by tradition from your fathers;');
INSERT INTO verses VALUES (2973,102,19,NULL,'But with the precious blood of Christ , as of a lamb without blemish and without spot:');
INSERT INTO verses VALUES (2974,102,20,NULL,'Who verily was foreordained before the foundation of the world, but was manifest in these last times for you,');
INSERT INTO verses VALUES (2975,102,21,NULL,'Who by him do believe in God, that raised him up from the dead, and gave him glory; that your faith and hope might be in God.');
INSERT INTO verses VALUES (2976,102,22,NULL,'Seeing ye have purified your souls in obeying the truth through the Spirit unto unfeigned love of the brethren, see that ye love one another with a pure heart fervently:');
INSERT INTO verses VALUES (2977,102,23,NULL,'Being born again, not of corruptible seed, but of incorruptible, by the word of God, which liveth and abideth for ever.');
INSERT INTO verses VALUES (2978,102,24,NULL,'For all flesh is as grass, and all the glory of man as the flower of grass. The grass withereth, and the flower thereof falleth away:');
INSERT INTO verses VALUES (2979,102,25,NULL,'But the word of the Lord endureth for ever. And this is the word which by the gospel is preached unto you.');
INSERT INTO chapters VALUES (103,61,1,NULL,'http://kjv.wordfree.net/bibles/app/audio/1/61/1.mp3','http://kjv.wordfree.net/bibles/app/audio/1/61/1.mp3');
INSERT INTO verses VALUES (2980,103,1,NULL,'span class="verse" id="1">1 </span Simon Peter , a servant and an apostle of Jesus Christ , to them that have obtained like precious faith with us through the righteousness of God and our Saviour Jesus Christ :');
INSERT INTO verses VALUES (2981,103,2,NULL,'Grace and peace be multiplied unto you through the knowledge of God, and of Jesus our Lord,');
INSERT INTO verses VALUES (2982,103,3,NULL,'According as his divine power hath given unto us all things that pertain unto life and godliness, through the knowledge of him that hath called us to glory and virtue:');
INSERT INTO verses VALUES (2983,103,4,NULL,'Whereby are given unto us exceeding great and precious promises: that by these ye might be partakers of the divine nature, having escaped the corruption that is in the world through lust.');
INSERT INTO verses VALUES (2984,103,5,NULL,'And beside this, giving all diligence, add to your faith virtue; and to virtue knowledge;');
INSERT INTO verses VALUES (2985,103,6,NULL,'And to knowledge temperance; and to temperance patience; and to patience godliness;');
INSERT INTO verses VALUES (2986,103,7,NULL,'And to godliness brotherly kindness; and to brotherly kindness charity.');
INSERT INTO verses VALUES (2987,103,8,NULL,'For if these things be in you, and abound, they make you that ye shall neither be barren nor unfruitful in the knowledge of our Lord Jesus Christ .');
INSERT INTO verses VALUES (2988,103,9,NULL,'But he that lacketh these things is blind, and cannot see afar off, and hath forgotten that he was purged from his old sins.');
INSERT INTO verses VALUES (2989,103,10,NULL,'Wherefore the rather, brethren, give diligence to make your calling and election sure: for if ye do these things, ye shall never fall:');
INSERT INTO verses VALUES (2990,103,11,NULL,'For so an entrance shall be ministered unto you abundantly into the everlasting kingdom of our Lord and Saviour Jesus Christ .');
INSERT INTO verses VALUES (2991,103,12,NULL,'Wherefore I will not be negligent to put you always in remembrance of these things, though ye know them, and be established in the present truth.');
INSERT INTO verses VALUES (2992,103,13,NULL,'Yea, I think it meet, as long as I am in this tabernacle, to stir you up by putting you in remembrance;');
INSERT INTO verses VALUES (2993,103,14,NULL,'Knowing that shortly I must put off this my tabernacle, even as our Lord Jesus Christ hath shewed me.');
INSERT INTO verses VALUES (2994,103,15,NULL,'Moreover I will endeavour that ye may be able after my decease to have these things always in remembrance.');
INSERT INTO verses VALUES (2995,103,16,NULL,'For we have not followed cunningly devised fables, when we made known unto you the power and coming of our Lord Jesus Christ , but were eyewitnesses of his majesty.');
INSERT INTO verses VALUES (2996,103,17,NULL,'For he received from God the Father honour and glory, when there came such a voice to him from the excellent glory, This is my beloved Son, in whom I am well pleased.');
INSERT INTO verses VALUES (2997,103,18,NULL,'And this voice which came from heaven we heard, when we were with him in the holy mount.');
INSERT INTO verses VALUES (2998,103,19,NULL,'We have also a more sure word of prophecy; whereunto ye do well that ye take heed, as unto a light that shineth in a dark place, until the day dawn, and the day star arise in your hearts:');
INSERT INTO verses VALUES (2999,103,20,NULL,'Knowing this first, that no prophecy of the scripture is of any private interpretation.');
INSERT INTO verses VALUES (3000,103,21,NULL,'For the prophecy came not in old time by the will of man: but holy men of God spake as they were moved by the Holy Ghost.');
INSERT INTO chapters VALUES (104,62,1,NULL,'http://kjv.wordfree.net/bibles/app/audio/1/62/1.mp3','http://kjv.wordfree.net/bibles/app/audio/1/62/1.mp3');
INSERT INTO verses VALUES (3001,104,1,NULL,'span class="verse" id="1">1 </span That which was from the beginning, which we have heard, which we have seen with our eyes, which we have looked upon, and our hands have handled, of the Word of life;');
INSERT INTO verses VALUES (3002,104,2,NULL,'(For the life was manifested, and we have seen it, and bear witness, and shew unto you that eternal life, which was with the Father, and was manifested unto us;)');
INSERT INTO verses VALUES (3003,104,3,NULL,'That which we have seen and heard declare we unto you, that ye also may have fellowship with us: and truly our fellowship is with the Father, and with his Son Jesus Christ .');
INSERT INTO verses VALUES (3004,104,4,NULL,'And these things write we unto you, that your joy may be full.');
INSERT INTO verses VALUES (3005,104,5,NULL,'This then is the message which we have heard of him, and declare unto you, that God is light, and in him is no darkness at all.');
INSERT INTO verses VALUES (3006,104,6,NULL,'If we say that we have fellowship with him, and walk in darkness, we lie, and do not the truth:');
INSERT INTO verses VALUES (3007,104,7,NULL,'But if we walk in the light, as he is in the light, we have fellowship one with another, and the blood of Jesus Christ his Son cleanseth us from all sin.');
INSERT INTO verses VALUES (3008,104,8,NULL,'If we say that we have no sin, we deceive ourselves, and the truth is not in us.');
INSERT INTO verses VALUES (3009,104,9,NULL,'If we confess our sins, he is faithful and just to forgive us our sins, and to cleanse us from all unrighteousness.');
INSERT INTO verses VALUES (3010,104,10,NULL,'If we say that we have not sinned, we make him a liar, and his word is not in us.');
INSERT INTO chapters VALUES (105,62,2,NULL,'http://kjv.wordfree.net/bibles/app/audio/1/62/2.mp3','http://kjv.wordfree.net/bibles/app/audio/1/62/2.mp3');
INSERT INTO verses VALUES (3011,105,1,NULL,'span class="verse" id="1">1 </span My little children, these things write I unto you, that ye sin not. And if any man sin, we have an advocate with the Father, Jesus Christ the righteous:');
INSERT INTO verses VALUES (3012,105,2,NULL,'And he is the propitiation for our sins: and not for ours only, but also for the sins of the whole world.');
INSERT INTO verses VALUES (3013,105,3,NULL,'And hereby we do know that we know him, if we keep his commandments.');
INSERT INTO verses VALUES (3014,105,4,NULL,'He that saith, I know him, and keepeth not his commandments, is a liar, and the truth is not in him.');
INSERT INTO verses VALUES (3015,105,5,NULL,'But whoso keepeth his word, in him verily is the love of God perfected: hereby know we that we are in him.');
INSERT INTO verses VALUES (3016,105,6,NULL,'He that saith he abideth in him ought himself also so to walk, even as he walked.');
INSERT INTO verses VALUES (3017,105,7,NULL,'Brethren, I write no new commandment unto you, but an old commandment which ye had from the beginning. The old commandment is the word which ye have heard from the beginning.');
INSERT INTO verses VALUES (3018,105,8,NULL,'Again, a new commandment I write unto you, which thing is true in him and in you: because the darkness is past, and the true light now shineth.');
INSERT INTO verses VALUES (3019,105,9,NULL,'He that saith he is in the light, and hateth his brother, is in darkness even until now.');
INSERT INTO verses VALUES (3020,105,10,NULL,'He that loveth his brother abideth in the light, and there is none occasion of stumbling in him.');
INSERT INTO verses VALUES (3021,105,11,NULL,'But he that hateth his brother is in darkness, and walketh in darkness, and knoweth not whither he goeth, because that darkness hath blinded his eyes.');
INSERT INTO verses VALUES (3022,105,12,NULL,'I write unto you, little children, because your sins are forgiven you for his name''s sake.');
INSERT INTO verses VALUES (3023,105,13,NULL,'I write unto you, fathers, because ye have known him that is from the beginning. I write unto you, young men, because ye have overcome the wicked one. I write unto you, little children, because ye have known the Father.');
INSERT INTO verses VALUES (3024,105,14,NULL,'I have written unto you, fathers, because ye have known him that is from the beginning. I have written unto you, young men, because ye are strong, and the word of God abideth in you, and ye have overcome the wicked one.');
INSERT INTO verses VALUES (3025,105,15,NULL,'Love not the world, neither the things that are in the world. If any man love the world, the love of the Father is not in him.');
INSERT INTO verses VALUES (3026,105,16,NULL,'For all that is in the world, the lust of the flesh, and the lust of the eyes, and the pride of life, is not of the Father, but is of the world.');
INSERT INTO verses VALUES (3027,105,17,NULL,'And the world passeth away, and the lust thereof: but he that doeth the will of God abideth for ever.');
INSERT INTO verses VALUES (3028,105,18,NULL,'Little children, it is the last time: and as ye have heard that antichrist shall come, even now are there many antichrists; whereby we know that it is the last time.');
INSERT INTO verses VALUES (3029,105,19,NULL,'They went out from us, but they were not of us; for if they had been of us, they would no doubt have continued with us: but they went out, that they might be made manifest that they were not all of us.');
INSERT INTO verses VALUES (3030,105,20,NULL,'But ye have an unction from the Holy One, and ye know all things.');
INSERT INTO verses VALUES (3031,105,21,NULL,'I have not written unto you because ye know not the truth, but because ye know it, and that no lie is of the truth.');
INSERT INTO verses VALUES (3032,105,22,NULL,'Who is a liar but he that denieth that Jesus is the Christ ? He is antichrist, that denieth the Father and the Son.');
INSERT INTO verses VALUES (3033,105,23,NULL,'Whosoever denieth the Son, the same hath not the Father: but he that acknowledgeth the Son hath the Father also.');
INSERT INTO verses VALUES (3034,105,24,NULL,'Let that therefore abide in you, which ye have heard from the beginning. If that which ye have heard from the beginning shall remain in you, ye also shall continue in the Son, and in the Father.');
INSERT INTO verses VALUES (3035,105,25,NULL,'And this is the promise that he hath promised us, even eternal life.');
INSERT INTO verses VALUES (3036,105,26,NULL,'These things have I written unto you concerning them that seduce you.');
INSERT INTO verses VALUES (3037,105,27,NULL,'But the anointing which ye have received of him abideth in you, and ye need not that any man teach you: but as the same anointing teacheth you of all things, and is truth, and is no lie, and even as it hath taught you, ye shall abide in him.');
INSERT INTO verses VALUES (3038,105,28,NULL,'And now, little children, abide in him; that, when he shall appear, we may have confidence, and not be ashamed before him at his coming.');
INSERT INTO verses VALUES (3039,105,29,NULL,'If ye know that he is righteous, ye know that every one that doeth righteousness is born of him.');
INSERT INTO chapters VALUES (106,62,4,NULL,'http://kjv.wordfree.net/bibles/app/audio/1/62/4.mp3','http://kjv.wordfree.net/bibles/app/audio/1/62/4.mp3');
INSERT INTO verses VALUES (3040,106,1,NULL,'span class="verse" id="1">1 </span Beloved, believe not every spirit, but try the spirits whether they are of God: because many false prophets are gone out into the world.');
INSERT INTO verses VALUES (3041,106,2,NULL,'Hereby know ye the Spirit of God: Every spirit that confesseth that Jesus Christ is come in the flesh is of God:');
INSERT INTO verses VALUES (3042,106,3,NULL,'And every spirit that confesseth not that Jesus Christ is come in the flesh is not of God: and this is that spirit of antichrist, whereof ye have heard that it should come; and even now already is it in the world.');
INSERT INTO verses VALUES (3043,106,4,NULL,'Ye are of God, little children, and have overcome them: because greater is he that is in you, than he that is in the world.');
INSERT INTO verses VALUES (3044,106,5,NULL,'They are of the world: therefore speak they of the world, and the world heareth them.');
INSERT INTO verses VALUES (3045,106,6,NULL,'We are of God: he that knoweth God heareth us; he that is not of God heareth not us. Hereby know we the spirit of truth, and the spirit of error.');
INSERT INTO verses VALUES (3046,106,7,NULL,'Beloved, let us love one another: for love is of God; and every one that loveth is born of God, and knoweth God.');
INSERT INTO verses VALUES (3047,106,8,NULL,'He that loveth not knoweth not God; for God is love.');
INSERT INTO verses VALUES (3048,106,9,NULL,'In this was manifested the love of God toward us, because that God sent his only begotten Son into the world, that we might live through him.');
INSERT INTO verses VALUES (3049,106,10,NULL,'Herein is love, not that we loved God, but that he loved us, and sent his Son to be the propitiation for our sins.');
INSERT INTO verses VALUES (3050,106,11,NULL,'Beloved, if God so loved us, we ought also to love one another.');
INSERT INTO verses VALUES (3051,106,12,NULL,'No man hath seen God at any time. If we love one another, God dwelleth in us, and his love is perfected in us.');
INSERT INTO verses VALUES (3052,106,13,NULL,'Hereby know we that we dwell in him, and he in us, because he hath given us of his Spirit.');
INSERT INTO verses VALUES (3053,106,14,NULL,'And we have seen and do testify that the Father sent the Son to be the Saviour of the world.');
INSERT INTO verses VALUES (3054,106,15,NULL,'Whosoever shall confess that Jesus is the Son of God, God dwelleth in him, and he in God.');
INSERT INTO verses VALUES (3055,106,16,NULL,'And we have known and believed the love that God hath to us. God is love; and he that dwelleth in love dwelleth in God, and God in him.');
INSERT INTO verses VALUES (3056,106,17,NULL,'Herein is our love made perfect, that we may have boldness in the day of judgment: because as he is, so are we in this world.');
INSERT INTO verses VALUES (3057,106,18,NULL,'There is no fear in love; but perfect love casteth out fear: because fear hath torment. He that feareth is not made perfect in love.');
INSERT INTO verses VALUES (3058,106,19,NULL,'We love him, because he first loved us.');
INSERT INTO verses VALUES (3059,106,20,NULL,'If a man say, I love God, and hateth his brother, he is a liar: for he that loveth not his brother whom he hath seen, how can he love God whom he hath not seen?');
INSERT INTO verses VALUES (3060,106,21,NULL,'And this commandment have we from him, That he who loveth God love his brother also.');
INSERT INTO chapters VALUES (107,63,1,NULL,'http://kjv.wordfree.net/bibles/app/audio/1/63/1.mp3','http://kjv.wordfree.net/bibles/app/audio/1/63/1.mp3');
INSERT INTO verses VALUES (3061,107,1,NULL,'span class="verse" id="1">1 </span The elder unto the elect lady and her children, whom I love in the truth; and not I only, but also all they that have known the truth;');
INSERT INTO verses VALUES (3062,107,2,NULL,'For the truth''s sake, which dwelleth in us, and shall be with us for ever.');
INSERT INTO verses VALUES (3063,107,3,NULL,'Grace be with you, mercy, and peace, from God the Father, and from the Lord Jesus Christ , the Son of the Father, in truth and love.');
INSERT INTO verses VALUES (3064,107,4,NULL,'I rejoiced greatly that I found of thy children walking in truth, as we have received a commandment from the Father.');
INSERT INTO verses VALUES (3065,107,5,NULL,'And now I beseech thee, lady, not as though I wrote a new commandment unto thee, but that which we had from the beginning, that we love one another.');
INSERT INTO verses VALUES (3066,107,6,NULL,'And this is love, that we walk after his commandments. This is the commandment, That, as ye have heard from the beginning, ye should walk in it.');
INSERT INTO verses VALUES (3067,107,7,NULL,'For many deceivers are entered into the world, who confess not that Jesus Christ is come in the flesh. This is a deceiver and an antichrist.');
INSERT INTO verses VALUES (3068,107,8,NULL,'Look to yourselves, that we lose not those things which we have wrought, but that we receive a full reward.');
INSERT INTO verses VALUES (3069,107,9,NULL,'Whosoever transgresseth, and abideth not in the doctrine of Christ , hath not God. He that abideth in the doctrine of Christ , he hath both the Father and the Son.');
INSERT INTO verses VALUES (3070,107,10,NULL,'If there come any unto you, and bring not this doctrine, receive him not into your house, neither bid him God speed:');
INSERT INTO verses VALUES (3071,107,11,NULL,'For he that biddeth him God speed is partaker of his evil deeds.');
INSERT INTO verses VALUES (3072,107,12,NULL,'Having many things to write unto you, I would not write with paper and ink: but I trust to come unto you, and speak face to face, that our joy may be full.');
INSERT INTO verses VALUES (3073,107,13,NULL,'The children of thy elect sister greet thee. Amen.');
INSERT INTO chapters VALUES (108,64,1,NULL,'http://kjv.wordfree.net/bibles/app/audio/1/64/1.mp3','http://kjv.wordfree.net/bibles/app/audio/1/64/1.mp3');
INSERT INTO verses VALUES (3074,108,1,NULL,'span class="verse" id="1">1 </span The elder unto the wellbeloved Gaius, whom I love in the truth.');
INSERT INTO verses VALUES (3075,108,2,NULL,'Beloved, I wish above all things that thou mayest prosper and be in health, even as thy soul prospereth.');
INSERT INTO verses VALUES (3076,108,3,NULL,'For I rejoiced greatly, when the brethren came and testified of the truth that is in thee, even as thou walkest in the truth.');
INSERT INTO verses VALUES (3077,108,4,NULL,'I have no greater joy than to hear that my children walk in truth.');
INSERT INTO verses VALUES (3078,108,5,NULL,'Beloved, thou doest faithfully whatsoever thou doest to the brethren, and to strangers;');
INSERT INTO verses VALUES (3079,108,6,NULL,'Which have borne witness of thy charity before the church: whom if thou bring forward on their journey after a godly sort, thou shalt do well:');
INSERT INTO verses VALUES (3080,108,7,NULL,'Because that for his name''s sake they went forth, taking nothing of the Gentiles.');
INSERT INTO verses VALUES (3081,108,8,NULL,'We therefore ought to receive such, that we might be fellowhelpers to the truth.');
INSERT INTO verses VALUES (3082,108,9,NULL,'I wrote unto the church: but Diotrephes, who loveth to have the preeminence among them, receiveth us not.');
INSERT INTO verses VALUES (3083,108,10,NULL,'Wherefore, if I come, I will remember his deeds which he doeth, prating against us with malicious words: and not content therewith, neither doth he himself receive the brethren, and forbiddeth them that would, and casteth them out of the church.');
INSERT INTO verses VALUES (3084,108,11,NULL,'Beloved, follow not that which is evil, but that which is good. He that doeth good is of God: but he that doeth evil hath not seen God.');
INSERT INTO verses VALUES (3085,108,12,NULL,'Demetrius hath good report of all men, and of the truth itself: yea, and we also bear record; and ye know that our record is true.');
INSERT INTO verses VALUES (3086,108,13,NULL,'I had many things to write, but I will not with ink and pen write unto thee:');
INSERT INTO verses VALUES (3087,108,14,NULL,'But I trust I shall shortly see thee, and we shall speak face to face. Peace be to thee. Our friends salute thee. Greet the friends by name.');
INSERT INTO chapters VALUES (109,65,1,NULL,'http://kjv.wordfree.net/bibles/app/audio/1/65/1.mp3','http://kjv.wordfree.net/bibles/app/audio/1/65/1.mp3');
INSERT INTO verses VALUES (3088,109,1,NULL,'span class="verse" id="1">1 </span Jude, the servant of Jesus Christ , and brother of James , to them that are sanctified by God the Father, and preserved in Jesus Christ , and called:');
INSERT INTO verses VALUES (3089,109,2,NULL,'Mercy unto you, and peace, and love, be multiplied.');
INSERT INTO verses VALUES (3090,109,3,NULL,'Beloved, when I gave all diligence to write unto you of the common salvation, it was needful for me to write unto you, and exhort you that ye should earnestly contend for the faith which was once delivered unto the saints.');
INSERT INTO verses VALUES (3091,109,4,NULL,'For there are certain men crept in unawares, who were before of old ordained to this condemnation, ungodly men, turning the grace of our God into lasciviousness, and denying the only Lord God, and our Lord Jesus Christ .');
INSERT INTO verses VALUES (3092,109,5,NULL,'I will therefore put you in remembrance, though ye once knew this, how that the Lord, having saved the people out of the land of Egypt , afterward destroyed them that believed not.');
INSERT INTO verses VALUES (3093,109,6,NULL,'And the angels which kept not their first estate, but left their own habitation, he hath reserved in everlasting chains under darkness unto the judgment of the great day.');
INSERT INTO verses VALUES (3094,109,7,NULL,'Even as Sodom and Gomorrha, and the cities about them in like manner, giving themselves over to fornication, and going after strange flesh, are set forth for an example, suffering the vengeance of eternal fire.');
INSERT INTO verses VALUES (3095,109,8,NULL,'Likewise also these filthy dreamers defile the flesh, despise dominion, and speak evil of dignities.');
INSERT INTO verses VALUES (3096,109,9,NULL,'Yet Michael the archangel, when contending with the devil he disputed about the body of Moses , durst not bring against him a railing accusation, but said, The Lord rebuke thee.');
INSERT INTO verses VALUES (3097,109,10,NULL,'But these speak evil of those things which they know not: but what they know naturally, as brute beasts, in those things they corrupt themselves.');
INSERT INTO verses VALUES (3098,109,11,NULL,'Woe unto them! for they have gone in the way of Cain , and ran greedily after the error of Balaam for reward, and perished in the gainsaying of Core.');
INSERT INTO verses VALUES (3099,109,12,NULL,'These are spots in your feasts of charity, when they feast with you, feeding themselves without fear: clouds they are without water, carried about of winds; trees whose fruit withereth, without fruit, twice dead, plucked up by the roots;');
INSERT INTO verses VALUES (3100,109,13,NULL,'Raging waves of the sea, foaming out their own shame; wandering stars, to whom is reserved the blackness of darkness for ever.');
INSERT INTO verses VALUES (3101,109,14,NULL,'And Enoch also, the seventh from Adam , prophesied of these, saying, Behold, the Lord cometh with ten thousands of his saints,');
INSERT INTO verses VALUES (3102,109,15,NULL,'To execute judgment upon all, and to convince all that are ungodly among them of all their ungodly deeds which they have ungodly committed, and of all their hard speeches which ungodly sinners have spoken against him.');
INSERT INTO verses VALUES (3103,109,16,NULL,'These are murmurers, complainers, walking after their own lusts; and their mouth speaketh great swelling words, having men''s persons in admiration because of advantage.');
INSERT INTO verses VALUES (3104,109,17,NULL,'But, beloved, remember ye the words which were spoken before of the apostles of our Lord Jesus Christ ;');
INSERT INTO verses VALUES (3105,109,18,NULL,'How that they told you there should be mockers in the last time, who should walk after their own ungodly lusts.');
INSERT INTO verses VALUES (3106,109,19,NULL,'These be they who separate themselves, sensual, having not the Spirit.');
INSERT INTO verses VALUES (3107,109,20,NULL,'But ye, beloved, building up yourselves on your most holy faith, praying in the Holy Ghost,');
INSERT INTO verses VALUES (3108,109,21,NULL,'Keep yourselves in the love of God, looking for the mercy of our Lord Jesus Christ unto eternal life.');
INSERT INTO verses VALUES (3109,109,22,NULL,'And of some have compassion, making a difference:');
INSERT INTO verses VALUES (3110,109,23,NULL,'And others save with fear, pulling them out of the fire; hating even the garment spotted by the flesh.');
INSERT INTO verses VALUES (3111,109,24,NULL,'Now unto him that is able to keep you from falling, and to present you faultless before the presence of his glory with exceeding joy,');
INSERT INTO verses VALUES (3112,109,25,NULL,'To the only wise God our Saviour, be glory and majesty, dominion and power, both now and ever. Amen.');
INSERT INTO chapters VALUES (110,66,1,NULL,'http://kjv.wordfree.net/bibles/app/audio/1/66/1.mp3','http://kjv.wordfree.net/bibles/app/audio/1/66/1.mp3');
INSERT INTO verses VALUES (3113,110,1,NULL,'span class="verse" id="1">1 </span The Revelation of Jesus Christ , which God gave unto him, to shew unto his servants things which must shortly come to pass; and he sent and signified it by his angel unto his servant John :');
INSERT INTO verses VALUES (3114,110,2,NULL,'Who bare record of the word of God, and of the testimony of Jesus Christ , and of all things that he saw.');
INSERT INTO verses VALUES (3115,110,3,NULL,'Blessed is he that readeth, and they that hear the words of this prophecy, and keep those things which are written therein: for the time is at hand.');
INSERT INTO verses VALUES (3116,110,4,NULL,'John to the seven churches which are in Asia: Grace be unto you, and peace, from him which is, and which was, and which is to come; and from the seven Spirits which are before his throne;');
INSERT INTO verses VALUES (3117,110,5,NULL,'And from Jesus Christ , who is the faithful witness, and the first begotten of the dead, and the prince of the kings of the earth. Unto him that loved us, and washed us from our sins in his own blood,');
INSERT INTO verses VALUES (3118,110,6,NULL,'And hath made us kings and priests unto God and his Father; to him be glory and dominion for ever and ever. Amen.');
INSERT INTO verses VALUES (3119,110,7,NULL,'Behold, he cometh with clouds; and every eye shall see him, and they also which pierced him: and all kindreds of the earth shall wail because of him. Even so, Amen.');
INSERT INTO verses VALUES (3120,110,8,NULL,'I am Alpha and Omega, the beginning and the ending, saith the Lord, which is, and which was, and which is to come, the Almighty.');
INSERT INTO verses VALUES (3121,110,9,NULL,'I John , who also am your brother, and companion in tribulation, and in the kingdom and patience of Jesus Christ , was in the isle that is called Patmos, for the word of God, and for the testimony of Jesus Christ .');
INSERT INTO verses VALUES (3122,110,10,NULL,'I was in the Spirit on the Lord''s day, and heard behind me a great voice, as of a trumpet,');
INSERT INTO verses VALUES (3123,110,11,NULL,'Saying, I am Alpha and Omega, the first and the last: and, What thou seest, write in a book, and send it unto the seven churches which are in Asia; unto Ephesus, and unto Smyrna, and unto Pergamos, and unto Thyatira, and unto Sardis, and unto Philadelphia, and unto Laodicea.');
INSERT INTO verses VALUES (3124,110,12,NULL,'And I turned to see the voice that spake with me. And being turned, I saw seven golden candlesticks;');
INSERT INTO verses VALUES (3125,110,13,NULL,'And in the midst of the seven candlesticks one like unto the Son of man, clothed with a garment down to the foot, and girt about the paps with a golden girdle.');
INSERT INTO verses VALUES (3126,110,14,NULL,'His head and his hairs were white like wool, as white as snow; and his eyes were as a flame of fire;');
INSERT INTO verses VALUES (3127,110,15,NULL,'And his feet like unto fine brass, as if they burned in a furnace; and his voice as the sound of many waters.');
INSERT INTO verses VALUES (3128,110,16,NULL,'And he had in his right hand seven stars: and out of his mouth went a sharp twoedged sword: and his countenance was as the sun shineth in his strength.');
INSERT INTO verses VALUES (3129,110,17,NULL,'And when I saw him, I fell at his feet as dead. And he laid his right hand upon me, saying unto me, Fear not; I am the first and the last:');
INSERT INTO verses VALUES (3130,110,18,NULL,'I am he that liveth, and was dead; and, behold, I am alive for evermore, Amen; and have the keys of hell and of death.');
INSERT INTO verses VALUES (3131,110,19,NULL,'Write the things which thou hast seen, and the things which are, and the things which shall be hereafter;');
INSERT INTO verses VALUES (3132,110,20,NULL,'The mystery of the seven stars which thou sawest in my right hand, and the seven golden candlesticks. The seven stars are the angels of the seven churches: and the seven candlesticks which thou sawest are the seven churches.');
COMMIT;
